ISO-10303-21;
HEADER;
FILE_DESCRIPTION(('Open CASCADE Model'),'2;1');
FILE_NAME('Open CASCADE Shape Model','2026-04-13T19:18:33',('Author'),(
    'Open CASCADE'),'Open CASCADE STEP processor 7.8','Open CASCADE 7.8'
  ,'Unknown');
FILE_SCHEMA(('AUTOMOTIVE_DESIGN { 1 0 10303 214 1 1 1 1 }'));
ENDSEC;
DATA;
#1 = APPLICATION_PROTOCOL_DEFINITION('international standard',
  'automotive_design',2000,#2);
#2 = APPLICATION_CONTEXT(
  'core data for automotive mechanical design processes');
#3 = SHAPE_DEFINITION_REPRESENTATION(#4,#10);
#4 = PRODUCT_DEFINITION_SHAPE('','',#5);
#5 = PRODUCT_DEFINITION('design','',#6,#9);
#6 = PRODUCT_DEFINITION_FORMATION('','',#7);
#7 = PRODUCT('Open CASCADE STEP translator 7.8 1',
  'Open CASCADE STEP translator 7.8 1','',(#8));
#8 = PRODUCT_CONTEXT('',#2,'mechanical');
#9 = PRODUCT_DEFINITION_CONTEXT('part definition',#2,'design');
#10 = SHAPE_REPRESENTATION('',(#11,#15,#19),#23);
#11 = AXIS2_PLACEMENT_3D('',#12,#13,#14);
#12 = CARTESIAN_POINT('',(0.,0.,0.));
#13 = DIRECTION('',(0.,0.,1.));
#14 = DIRECTION('',(1.,0.,-0.));
#15 = AXIS2_PLACEMENT_3D('',#16,#17,#18);
#16 = CARTESIAN_POINT('',(0.,0.,0.));
#17 = DIRECTION('',(0.,0.,1.));
#18 = DIRECTION('',(1.,0.,-0.));
#19 = AXIS2_PLACEMENT_3D('',#20,#21,#22);
#20 = CARTESIAN_POINT('',(0.,0.,0.));
#21 = DIRECTION('',(0.,0.,1.));
#22 = DIRECTION('',(1.,0.,-0.));
#23 = ( GEOMETRIC_REPRESENTATION_CONTEXT(3) 
GLOBAL_UNCERTAINTY_ASSIGNED_CONTEXT((#27)) GLOBAL_UNIT_ASSIGNED_CONTEXT(
(#24,#25,#26)) REPRESENTATION_CONTEXT('Context #1',
  '3D Context with UNIT and UNCERTAINTY') );
#24 = ( LENGTH_UNIT() NAMED_UNIT(*) SI_UNIT(.MILLI.,.METRE.) );
#25 = ( NAMED_UNIT(*) PLANE_ANGLE_UNIT() SI_UNIT($,.RADIAN.) );
#26 = ( NAMED_UNIT(*) SI_UNIT($,.STERADIAN.) SOLID_ANGLE_UNIT() );
#27 = UNCERTAINTY_MEASURE_WITH_UNIT(LENGTH_MEASURE(1.E-07),#24,
  'distance_accuracy_value','confusion accuracy');
#28 = PRODUCT_RELATED_PRODUCT_CATEGORY('part',$,(#7));
#29 = SHAPE_DEFINITION_REPRESENTATION(#30,#36);
#30 = PRODUCT_DEFINITION_SHAPE('','',#31);
#31 = PRODUCT_DEFINITION('design','',#32,#35);
#32 = PRODUCT_DEFINITION_FORMATION('','',#33);
#33 = PRODUCT('Open CASCADE STEP translator 7.8 1.1',
  'Open CASCADE STEP translator 7.8 1.1','',(#34));
#34 = PRODUCT_CONTEXT('',#2,'mechanical');
#35 = PRODUCT_DEFINITION_CONTEXT('part definition',#2,'design');
#36 = ADVANCED_BREP_SHAPE_REPRESENTATION('',(#11,#37),#1425);
#37 = MANIFOLD_SOLID_BREP('',#38);
#38 = CLOSED_SHELL('',(#39,#188,#381,#617,#666,#715,#743,#1033,#1086,
    #1354,#1362,#1415,#1420));
#39 = ADVANCED_FACE('',(#40),#54,.F.);
#40 = FACE_BOUND('',#41,.F.);
#41 = EDGE_LOOP('',(#42,#77,#106,#134,#162));
#42 = ORIENTED_EDGE('',*,*,#43,.T.);
#43 = EDGE_CURVE('',#44,#46,#48,.T.);
#44 = VERTEX_POINT('',#45);
#45 = CARTESIAN_POINT('',(-14.3,0.6,0.));
#46 = VERTEX_POINT('',#47);
#47 = CARTESIAN_POINT('',(-14.3,13.294735800308,0.));
#48 = SURFACE_CURVE('',#49,(#53,#65),.PCURVE_S1.);
#49 = LINE('',#50,#51);
#50 = CARTESIAN_POINT('',(-14.3,-23.5,0.));
#51 = VECTOR('',#52,1.);
#52 = DIRECTION('',(0.,1.,0.));
#53 = PCURVE('',#54,#59);
#54 = PLANE('',#55);
#55 = AXIS2_PLACEMENT_3D('',#56,#57,#58);
#56 = CARTESIAN_POINT('',(-37.8,-1.102182119233E-15,0.));
#57 = DIRECTION('',(0.,0.,1.));
#58 = DIRECTION('',(1.,0.,-0.));
#59 = DEFINITIONAL_REPRESENTATION('',(#60),#64);
#60 = LINE('',#61,#62);
#61 = CARTESIAN_POINT('',(23.5,-23.5));
#62 = VECTOR('',#63,1.);
#63 = DIRECTION('',(0.,1.));
#64 = ( GEOMETRIC_REPRESENTATION_CONTEXT(2) 
PARAMETRIC_REPRESENTATION_CONTEXT() REPRESENTATION_CONTEXT('2D SPACE',''
  ) );
#65 = PCURVE('',#66,#71);
#66 = PLANE('',#67);
#67 = AXIS2_PLACEMENT_3D('',#68,#69,#70);
#68 = CARTESIAN_POINT('',(-14.3,-47.,-2.));
#69 = DIRECTION('',(1.,0.,0.));
#70 = DIRECTION('',(0.,0.,1.));
#71 = DEFINITIONAL_REPRESENTATION('',(#72),#76);
#72 = LINE('',#73,#74);
#73 = CARTESIAN_POINT('',(2.,-23.5));
#74 = VECTOR('',#75,1.);
#75 = DIRECTION('',(0.,-1.));
#76 = ( GEOMETRIC_REPRESENTATION_CONTEXT(2) 
PARAMETRIC_REPRESENTATION_CONTEXT() REPRESENTATION_CONTEXT('2D SPACE',''
  ) );
#77 = ORIENTED_EDGE('',*,*,#78,.T.);
#78 = EDGE_CURVE('',#46,#79,#81,.T.);
#79 = VERTEX_POINT('',#80);
#80 = CARTESIAN_POINT('',(-64.50205984563,4.,0.));
#81 = SURFACE_CURVE('',#82,(#87,#94),.PCURVE_S1.);
#82 = CIRCLE('',#83,27.);
#83 = AXIS2_PLACEMENT_3D('',#84,#85,#86);
#84 = CARTESIAN_POINT('',(-37.8,0.,0.));
#85 = DIRECTION('',(0.,0.,1.));
#86 = DIRECTION('',(1.,0.,0.));
#87 = PCURVE('',#54,#88);
#88 = DEFINITIONAL_REPRESENTATION('',(#89),#93);
#89 = CIRCLE('',#90,27.);
#90 = AXIS2_PLACEMENT_2D('',#91,#92);
#91 = CARTESIAN_POINT('',(0.,1.102182119233E-15));
#92 = DIRECTION('',(1.,0.));
#93 = ( GEOMETRIC_REPRESENTATION_CONTEXT(2) 
PARAMETRIC_REPRESENTATION_CONTEXT() REPRESENTATION_CONTEXT('2D SPACE',''
  ) );
#94 = PCURVE('',#95,#100);
#95 = CYLINDRICAL_SURFACE('',#96,27.);
#96 = AXIS2_PLACEMENT_3D('',#97,#98,#99);
#97 = CARTESIAN_POINT('',(-37.8,0.,0.));
#98 = DIRECTION('',(-0.,-0.,-1.));
#99 = DIRECTION('',(1.,0.,0.));
#100 = DEFINITIONAL_REPRESENTATION('',(#101),#105);
#101 = LINE('',#102,#103);
#102 = CARTESIAN_POINT('',(-0.,0.));
#103 = VECTOR('',#104,1.);
#104 = DIRECTION('',(-1.,0.));
#105 = ( GEOMETRIC_REPRESENTATION_CONTEXT(2) 
PARAMETRIC_REPRESENTATION_CONTEXT() REPRESENTATION_CONTEXT('2D SPACE',''
  ) );
#106 = ORIENTED_EDGE('',*,*,#107,.F.);
#107 = EDGE_CURVE('',#108,#79,#110,.T.);
#108 = VERTEX_POINT('',#109);
#109 = CARTESIAN_POINT('',(-73.8,4.,0.));
#110 = SURFACE_CURVE('',#111,(#115,#122),.PCURVE_S1.);
#111 = LINE('',#112,#113);
#112 = CARTESIAN_POINT('',(-73.8,4.,0.));
#113 = VECTOR('',#114,1.);
#114 = DIRECTION('',(1.,0.,0.));
#115 = PCURVE('',#54,#116);
#116 = DEFINITIONAL_REPRESENTATION('',(#117),#121);
#117 = LINE('',#118,#119);
#118 = CARTESIAN_POINT('',(-36.,4.));
#119 = VECTOR('',#120,1.);
#120 = DIRECTION('',(1.,0.));
#121 = ( GEOMETRIC_REPRESENTATION_CONTEXT(2) 
PARAMETRIC_REPRESENTATION_CONTEXT() REPRESENTATION_CONTEXT('2D SPACE',''
  ) );
#122 = PCURVE('',#123,#128);
#123 = PLANE('',#124);
#124 = AXIS2_PLACEMENT_3D('',#125,#126,#127);
#125 = CARTESIAN_POINT('',(-73.8,4.,0.));
#126 = DIRECTION('',(0.,1.,0.));
#127 = DIRECTION('',(0.,0.,1.));
#128 = DEFINITIONAL_REPRESENTATION('',(#129),#133);
#129 = LINE('',#130,#131);
#130 = CARTESIAN_POINT('',(0.,0.));
#131 = VECTOR('',#132,1.);
#132 = DIRECTION('',(0.,1.));
#133 = ( GEOMETRIC_REPRESENTATION_CONTEXT(2) 
PARAMETRIC_REPRESENTATION_CONTEXT() REPRESENTATION_CONTEXT('2D SPACE',''
  ) );
#134 = ORIENTED_EDGE('',*,*,#135,.F.);
#135 = EDGE_CURVE('',#136,#108,#138,.T.);
#136 = VERTEX_POINT('',#137);
#137 = CARTESIAN_POINT('',(-73.8,0.6,0.));
#138 = SURFACE_CURVE('',#139,(#143,#150),.PCURVE_S1.);
#139 = LINE('',#140,#141);
#140 = CARTESIAN_POINT('',(-73.8,-4.,0.));
#141 = VECTOR('',#142,1.);
#142 = DIRECTION('',(0.,1.,0.));
#143 = PCURVE('',#54,#144);
#144 = DEFINITIONAL_REPRESENTATION('',(#145),#149);
#145 = LINE('',#146,#147);
#146 = CARTESIAN_POINT('',(-36.,-4.));
#147 = VECTOR('',#148,1.);
#148 = DIRECTION('',(0.,1.));
#149 = ( GEOMETRIC_REPRESENTATION_CONTEXT(2) 
PARAMETRIC_REPRESENTATION_CONTEXT() REPRESENTATION_CONTEXT('2D SPACE',''
  ) );
#150 = PCURVE('',#151,#156);
#151 = PLANE('',#152);
#152 = AXIS2_PLACEMENT_3D('',#153,#154,#155);
#153 = CARTESIAN_POINT('',(-73.8,-4.,0.));
#154 = DIRECTION('',(1.,0.,0.));
#155 = DIRECTION('',(0.,0.,1.));
#156 = DEFINITIONAL_REPRESENTATION('',(#157),#161);
#157 = LINE('',#158,#159);
#158 = CARTESIAN_POINT('',(0.,0.));
#159 = VECTOR('',#160,1.);
#160 = DIRECTION('',(0.,-1.));
#161 = ( GEOMETRIC_REPRESENTATION_CONTEXT(2) 
PARAMETRIC_REPRESENTATION_CONTEXT() REPRESENTATION_CONTEXT('2D SPACE',''
  ) );
#162 = ORIENTED_EDGE('',*,*,#163,.F.);
#163 = EDGE_CURVE('',#44,#136,#164,.T.);
#164 = SURFACE_CURVE('',#165,(#169,#176),.PCURVE_S1.);
#165 = LINE('',#166,#167);
#166 = CARTESIAN_POINT('',(-56.3,0.6,0.));
#167 = VECTOR('',#168,1.);
#168 = DIRECTION('',(-1.,0.,0.));
#169 = PCURVE('',#54,#170);
#170 = DEFINITIONAL_REPRESENTATION('',(#171),#175);
#171 = LINE('',#172,#173);
#172 = CARTESIAN_POINT('',(-18.5,0.6));
#173 = VECTOR('',#174,1.);
#174 = DIRECTION('',(-1.,0.));
#175 = ( GEOMETRIC_REPRESENTATION_CONTEXT(2) 
PARAMETRIC_REPRESENTATION_CONTEXT() REPRESENTATION_CONTEXT('2D SPACE',''
  ) );
#176 = PCURVE('',#177,#182);
#177 = PLANE('',#178);
#178 = AXIS2_PLACEMENT_3D('',#179,#180,#181);
#179 = CARTESIAN_POINT('',(-74.8,0.6,-1.));
#180 = DIRECTION('',(0.,1.,0.));
#181 = DIRECTION('',(0.,0.,1.));
#182 = DEFINITIONAL_REPRESENTATION('',(#183),#187);
#183 = LINE('',#184,#185);
#184 = CARTESIAN_POINT('',(1.,18.5));
#185 = VECTOR('',#186,1.);
#186 = DIRECTION('',(0.,-1.));
#187 = ( GEOMETRIC_REPRESENTATION_CONTEXT(2) 
PARAMETRIC_REPRESENTATION_CONTEXT() REPRESENTATION_CONTEXT('2D SPACE',''
  ) );
#188 = ADVANCED_FACE('',(#189),#66,.T.);
#189 = FACE_BOUND('',#190,.T.);
#190 = EDGE_LOOP('',(#191,#214,#215,#238,#266,#289,#322,#350));
#191 = ORIENTED_EDGE('',*,*,#192,.T.);
#192 = EDGE_CURVE('',#193,#44,#195,.T.);
#193 = VERTEX_POINT('',#194);
#194 = CARTESIAN_POINT('',(-14.3,0.6,8.309402627941));
#195 = SURFACE_CURVE('',#196,(#200,#207),.PCURVE_S1.);
#196 = LINE('',#197,#198);
#197 = CARTESIAN_POINT('',(-14.3,0.6,-1.5));
#198 = VECTOR('',#199,1.);
#199 = DIRECTION('',(0.,0.,-1.));
#200 = PCURVE('',#66,#201);
#201 = DEFINITIONAL_REPRESENTATION('',(#202),#206);
#202 = LINE('',#203,#204);
#203 = CARTESIAN_POINT('',(0.5,-47.6));
#204 = VECTOR('',#205,1.);
#205 = DIRECTION('',(-1.,0.));
#206 = ( GEOMETRIC_REPRESENTATION_CONTEXT(2) 
PARAMETRIC_REPRESENTATION_CONTEXT() REPRESENTATION_CONTEXT('2D SPACE',''
  ) );
#207 = PCURVE('',#177,#208);
#208 = DEFINITIONAL_REPRESENTATION('',(#209),#213);
#209 = LINE('',#210,#211);
#210 = CARTESIAN_POINT('',(-0.5,60.5));
#211 = VECTOR('',#212,1.);
#212 = DIRECTION('',(-1.,0.));
#213 = ( GEOMETRIC_REPRESENTATION_CONTEXT(2) 
PARAMETRIC_REPRESENTATION_CONTEXT() REPRESENTATION_CONTEXT('2D SPACE',''
  ) );
#214 = ORIENTED_EDGE('',*,*,#43,.T.);
#215 = ORIENTED_EDGE('',*,*,#216,.F.);
#216 = EDGE_CURVE('',#217,#46,#219,.T.);
#217 = VERTEX_POINT('',#218);
#218 = CARTESIAN_POINT('',(-14.3,13.294735800308,30.));
#219 = SURFACE_CURVE('',#220,(#224,#231),.PCURVE_S1.);
#220 = LINE('',#221,#222);
#221 = CARTESIAN_POINT('',(-14.3,13.294735800308,0.));
#222 = VECTOR('',#223,1.);
#223 = DIRECTION('',(-0.,-0.,-1.));
#224 = PCURVE('',#66,#225);
#225 = DEFINITIONAL_REPRESENTATION('',(#226),#230);
#226 = LINE('',#227,#228);
#227 = CARTESIAN_POINT('',(2.,-60.2947358003));
#228 = VECTOR('',#229,1.);
#229 = DIRECTION('',(-1.,0.));
#230 = ( GEOMETRIC_REPRESENTATION_CONTEXT(2) 
PARAMETRIC_REPRESENTATION_CONTEXT() REPRESENTATION_CONTEXT('2D SPACE',''
  ) );
#231 = PCURVE('',#95,#232);
#232 = DEFINITIONAL_REPRESENTATION('',(#233),#237);
#233 = LINE('',#234,#235);
#234 = CARTESIAN_POINT('',(-0.51484232813,0.));
#235 = VECTOR('',#236,1.);
#236 = DIRECTION('',(-0.,1.));
#237 = ( GEOMETRIC_REPRESENTATION_CONTEXT(2) 
PARAMETRIC_REPRESENTATION_CONTEXT() REPRESENTATION_CONTEXT('2D SPACE',''
  ) );
#238 = ORIENTED_EDGE('',*,*,#239,.F.);
#239 = EDGE_CURVE('',#240,#217,#242,.T.);
#240 = VERTEX_POINT('',#241);
#241 = CARTESIAN_POINT('',(-14.3,0.6,30.));
#242 = SURFACE_CURVE('',#243,(#247,#254),.PCURVE_S1.);
#243 = LINE('',#244,#245);
#244 = CARTESIAN_POINT('',(-14.3,-25.5,30.));
#245 = VECTOR('',#246,1.);
#246 = DIRECTION('',(0.,1.,0.));
#247 = PCURVE('',#66,#248);
#248 = DEFINITIONAL_REPRESENTATION('',(#249),#253);
#249 = LINE('',#250,#251);
#250 = CARTESIAN_POINT('',(32.,-21.5));
#251 = VECTOR('',#252,1.);
#252 = DIRECTION('',(0.,-1.));
#253 = ( GEOMETRIC_REPRESENTATION_CONTEXT(2) 
PARAMETRIC_REPRESENTATION_CONTEXT() REPRESENTATION_CONTEXT('2D SPACE',''
  ) );
#254 = PCURVE('',#255,#260);
#255 = PLANE('',#256);
#256 = AXIS2_PLACEMENT_3D('',#257,#258,#259);
#257 = CARTESIAN_POINT('',(-11.8,-4.,30.));
#258 = DIRECTION('',(0.,0.,1.));
#259 = DIRECTION('',(1.,0.,0.));
#260 = DEFINITIONAL_REPRESENTATION('',(#261),#265);
#261 = LINE('',#262,#263);
#262 = CARTESIAN_POINT('',(-2.5,-21.5));
#263 = VECTOR('',#264,1.);
#264 = DIRECTION('',(0.,1.));
#265 = ( GEOMETRIC_REPRESENTATION_CONTEXT(2) 
PARAMETRIC_REPRESENTATION_CONTEXT() REPRESENTATION_CONTEXT('2D SPACE',''
  ) );
#266 = ORIENTED_EDGE('',*,*,#267,.T.);
#267 = EDGE_CURVE('',#240,#268,#270,.T.);
#268 = VERTEX_POINT('',#269);
#269 = CARTESIAN_POINT('',(-14.3,0.6,21.390597372059));
#270 = SURFACE_CURVE('',#271,(#275,#282),.PCURVE_S1.);
#271 = LINE('',#272,#273);
#272 = CARTESIAN_POINT('',(-14.3,0.6,-1.5));
#273 = VECTOR('',#274,1.);
#274 = DIRECTION('',(0.,0.,-1.));
#275 = PCURVE('',#66,#276);
#276 = DEFINITIONAL_REPRESENTATION('',(#277),#281);
#277 = LINE('',#278,#279);
#278 = CARTESIAN_POINT('',(0.5,-47.6));
#279 = VECTOR('',#280,1.);
#280 = DIRECTION('',(-1.,0.));
#281 = ( GEOMETRIC_REPRESENTATION_CONTEXT(2) 
PARAMETRIC_REPRESENTATION_CONTEXT() REPRESENTATION_CONTEXT('2D SPACE',''
  ) );
#282 = PCURVE('',#177,#283);
#283 = DEFINITIONAL_REPRESENTATION('',(#284),#288);
#284 = LINE('',#285,#286);
#285 = CARTESIAN_POINT('',(-0.5,60.5));
#286 = VECTOR('',#287,1.);
#287 = DIRECTION('',(-1.,0.));
#288 = ( GEOMETRIC_REPRESENTATION_CONTEXT(2) 
PARAMETRIC_REPRESENTATION_CONTEXT() REPRESENTATION_CONTEXT('2D SPACE',''
  ) );
#289 = ORIENTED_EDGE('',*,*,#290,.T.);
#290 = EDGE_CURVE('',#268,#291,#293,.T.);
#291 = VERTEX_POINT('',#292);
#292 = CARTESIAN_POINT('',(-14.3,0.6,18.209402627941));
#293 = SURFACE_CURVE('',#294,(#299,#310),.PCURVE_S1.);
#294 = CIRCLE('',#295,1.7);
#295 = AXIS2_PLACEMENT_3D('',#296,#297,#298);
#296 = CARTESIAN_POINT('',(-14.3,0.,19.8));
#297 = DIRECTION('',(-1.,0.,0.));
#298 = DIRECTION('',(0.,1.,0.));
#299 = PCURVE('',#66,#300);
#300 = DEFINITIONAL_REPRESENTATION('',(#301),#309);
#301 = ( BOUNDED_CURVE() B_SPLINE_CURVE(2,(#302,#303,#304,#305,#306,#307
,#308),.UNSPECIFIED.,.T.,.F.) B_SPLINE_CURVE_WITH_KNOTS((1,2,2,2,2,1),(
    -2.094395102393,0.,2.094395102393,4.188790204786,6.28318530718,
8.377580409573),.UNSPECIFIED.) CURVE() GEOMETRIC_REPRESENTATION_ITEM() 
RATIONAL_B_SPLINE_CURVE((1.,0.5,1.,0.5,1.,0.5,1.)) REPRESENTATION_ITEM(
  '') );
#302 = CARTESIAN_POINT('',(21.8,-48.7));
#303 = CARTESIAN_POINT('',(18.855513627133,-48.7));
#304 = CARTESIAN_POINT('',(20.327756813566,-46.15));
#305 = CARTESIAN_POINT('',(21.8,-43.6));
#306 = CARTESIAN_POINT('',(23.272243186434,-46.15));
#307 = CARTESIAN_POINT('',(24.744486372867,-48.7));
#308 = CARTESIAN_POINT('',(21.8,-48.7));
#309 = ( GEOMETRIC_REPRESENTATION_CONTEXT(2) 
PARAMETRIC_REPRESENTATION_CONTEXT() REPRESENTATION_CONTEXT('2D SPACE',''
  ) );
#310 = PCURVE('',#311,#316);
#311 = CYLINDRICAL_SURFACE('',#312,1.7);
#312 = AXIS2_PLACEMENT_3D('',#313,#314,#315);
#313 = CARTESIAN_POINT('',(-37.8,0.,19.8));
#314 = DIRECTION('',(-1.,-0.,-0.));
#315 = DIRECTION('',(0.,1.,0.));
#316 = DEFINITIONAL_REPRESENTATION('',(#317),#321);
#317 = LINE('',#318,#319);
#318 = CARTESIAN_POINT('',(-12.56637061435,-23.5));
#319 = VECTOR('',#320,1.);
#320 = DIRECTION('',(1.,-0.));
#321 = ( GEOMETRIC_REPRESENTATION_CONTEXT(2) 
PARAMETRIC_REPRESENTATION_CONTEXT() REPRESENTATION_CONTEXT('2D SPACE',''
  ) );
#322 = ORIENTED_EDGE('',*,*,#323,.T.);
#323 = EDGE_CURVE('',#291,#324,#326,.T.);
#324 = VERTEX_POINT('',#325);
#325 = CARTESIAN_POINT('',(-14.3,0.6,11.490597372059));
#326 = SURFACE_CURVE('',#327,(#331,#338),.PCURVE_S1.);
#327 = LINE('',#328,#329);
#328 = CARTESIAN_POINT('',(-14.3,0.6,-1.5));
#329 = VECTOR('',#330,1.);
#330 = DIRECTION('',(0.,0.,-1.));
#331 = PCURVE('',#66,#332);
#332 = DEFINITIONAL_REPRESENTATION('',(#333),#337);
#333 = LINE('',#334,#335);
#334 = CARTESIAN_POINT('',(0.5,-47.6));
#335 = VECTOR('',#336,1.);
#336 = DIRECTION('',(-1.,0.));
#337 = ( GEOMETRIC_REPRESENTATION_CONTEXT(2) 
PARAMETRIC_REPRESENTATION_CONTEXT() REPRESENTATION_CONTEXT('2D SPACE',''
  ) );
#338 = PCURVE('',#339,#344);
#339 = PLANE('',#340);
#340 = AXIS2_PLACEMENT_3D('',#341,#342,#343);
#341 = CARTESIAN_POINT('',(-74.8,0.6,-1.));
#342 = DIRECTION('',(0.,1.,0.));
#343 = DIRECTION('',(0.,0.,1.));
#344 = DEFINITIONAL_REPRESENTATION('',(#345),#349);
#345 = LINE('',#346,#347);
#346 = CARTESIAN_POINT('',(-0.5,60.5));
#347 = VECTOR('',#348,1.);
#348 = DIRECTION('',(-1.,0.));
#349 = ( GEOMETRIC_REPRESENTATION_CONTEXT(2) 
PARAMETRIC_REPRESENTATION_CONTEXT() REPRESENTATION_CONTEXT('2D SPACE',''
  ) );
#350 = ORIENTED_EDGE('',*,*,#351,.T.);
#351 = EDGE_CURVE('',#324,#193,#352,.T.);
#352 = SURFACE_CURVE('',#353,(#358,#369),.PCURVE_S1.);
#353 = CIRCLE('',#354,1.7);
#354 = AXIS2_PLACEMENT_3D('',#355,#356,#357);
#355 = CARTESIAN_POINT('',(-14.3,0.,9.9));
#356 = DIRECTION('',(-1.,0.,0.));
#357 = DIRECTION('',(0.,1.,0.));
#358 = PCURVE('',#66,#359);
#359 = DEFINITIONAL_REPRESENTATION('',(#360),#368);
#360 = ( BOUNDED_CURVE() B_SPLINE_CURVE(2,(#361,#362,#363,#364,#365,#366
,#367),.UNSPECIFIED.,.T.,.F.) B_SPLINE_CURVE_WITH_KNOTS((1,2,2,2,2,1),(
    -2.094395102393,0.,2.094395102393,4.188790204786,6.28318530718,
8.377580409573),.UNSPECIFIED.) CURVE() GEOMETRIC_REPRESENTATION_ITEM() 
RATIONAL_B_SPLINE_CURVE((1.,0.5,1.,0.5,1.,0.5,1.)) REPRESENTATION_ITEM(
  '') );
#361 = CARTESIAN_POINT('',(11.9,-48.7));
#362 = CARTESIAN_POINT('',(8.955513627133,-48.7));
#363 = CARTESIAN_POINT('',(10.427756813566,-46.15));
#364 = CARTESIAN_POINT('',(11.9,-43.6));
#365 = CARTESIAN_POINT('',(13.372243186434,-46.15));
#366 = CARTESIAN_POINT('',(14.844486372867,-48.7));
#367 = CARTESIAN_POINT('',(11.9,-48.7));
#368 = ( GEOMETRIC_REPRESENTATION_CONTEXT(2) 
PARAMETRIC_REPRESENTATION_CONTEXT() REPRESENTATION_CONTEXT('2D SPACE',''
  ) );
#369 = PCURVE('',#370,#375);
#370 = CYLINDRICAL_SURFACE('',#371,1.7);
#371 = AXIS2_PLACEMENT_3D('',#372,#373,#374);
#372 = CARTESIAN_POINT('',(-37.8,0.,9.9));
#373 = DIRECTION('',(-1.,-0.,-0.));
#374 = DIRECTION('',(0.,1.,0.));
#375 = DEFINITIONAL_REPRESENTATION('',(#376),#380);
#376 = LINE('',#377,#378);
#377 = CARTESIAN_POINT('',(-12.56637061435,-23.5));
#378 = VECTOR('',#379,1.);
#379 = DIRECTION('',(1.,-0.));
#380 = ( GEOMETRIC_REPRESENTATION_CONTEXT(2) 
PARAMETRIC_REPRESENTATION_CONTEXT() REPRESENTATION_CONTEXT('2D SPACE',''
  ) );
#381 = ADVANCED_FACE('',(#382),#177,.F.);
#382 = FACE_BOUND('',#383,.F.);
#383 = EDGE_LOOP('',(#384,#385,#386,#409,#430,#431,#454,#486,#514,#541,
    #569,#596));
#384 = ORIENTED_EDGE('',*,*,#192,.T.);
#385 = ORIENTED_EDGE('',*,*,#163,.T.);
#386 = ORIENTED_EDGE('',*,*,#387,.T.);
#387 = EDGE_CURVE('',#136,#388,#390,.T.);
#388 = VERTEX_POINT('',#389);
#389 = CARTESIAN_POINT('',(-73.8,0.6,30.));
#390 = SURFACE_CURVE('',#391,(#395,#402),.PCURVE_S1.);
#391 = LINE('',#392,#393);
#392 = CARTESIAN_POINT('',(-73.8,0.6,-0.5));
#393 = VECTOR('',#394,1.);
#394 = DIRECTION('',(0.,0.,1.));
#395 = PCURVE('',#177,#396);
#396 = DEFINITIONAL_REPRESENTATION('',(#397),#401);
#397 = LINE('',#398,#399);
#398 = CARTESIAN_POINT('',(0.5,1.));
#399 = VECTOR('',#400,1.);
#400 = DIRECTION('',(1.,0.));
#401 = ( GEOMETRIC_REPRESENTATION_CONTEXT(2) 
PARAMETRIC_REPRESENTATION_CONTEXT() REPRESENTATION_CONTEXT('2D SPACE',''
  ) );
#402 = PCURVE('',#151,#403);
#403 = DEFINITIONAL_REPRESENTATION('',(#404),#408);
#404 = LINE('',#405,#406);
#405 = CARTESIAN_POINT('',(-0.5,-4.6));
#406 = VECTOR('',#407,1.);
#407 = DIRECTION('',(1.,0.));
#408 = ( GEOMETRIC_REPRESENTATION_CONTEXT(2) 
PARAMETRIC_REPRESENTATION_CONTEXT() REPRESENTATION_CONTEXT('2D SPACE',''
  ) );
#409 = ORIENTED_EDGE('',*,*,#410,.F.);
#410 = EDGE_CURVE('',#240,#388,#411,.T.);
#411 = SURFACE_CURVE('',#412,(#416,#423),.PCURVE_S1.);
#412 = LINE('',#413,#414);
#413 = CARTESIAN_POINT('',(-43.3,0.6,30.));
#414 = VECTOR('',#415,1.);
#415 = DIRECTION('',(-1.,0.,0.));
#416 = PCURVE('',#177,#417);
#417 = DEFINITIONAL_REPRESENTATION('',(#418),#422);
#418 = LINE('',#419,#420);
#419 = CARTESIAN_POINT('',(31.,31.5));
#420 = VECTOR('',#421,1.);
#421 = DIRECTION('',(0.,-1.));
#422 = ( GEOMETRIC_REPRESENTATION_CONTEXT(2) 
PARAMETRIC_REPRESENTATION_CONTEXT() REPRESENTATION_CONTEXT('2D SPACE',''
  ) );
#423 = PCURVE('',#255,#424);
#424 = DEFINITIONAL_REPRESENTATION('',(#425),#429);
#425 = LINE('',#426,#427);
#426 = CARTESIAN_POINT('',(-31.5,4.6));
#427 = VECTOR('',#428,1.);
#428 = DIRECTION('',(-1.,0.));
#429 = ( GEOMETRIC_REPRESENTATION_CONTEXT(2) 
PARAMETRIC_REPRESENTATION_CONTEXT() REPRESENTATION_CONTEXT('2D SPACE',''
  ) );
#430 = ORIENTED_EDGE('',*,*,#267,.T.);
#431 = ORIENTED_EDGE('',*,*,#432,.T.);
#432 = EDGE_CURVE('',#268,#433,#435,.T.);
#433 = VERTEX_POINT('',#434);
#434 = CARTESIAN_POINT('',(-20.15827619363,0.6,21.390597372059));
#435 = SURFACE_CURVE('',#436,(#440,#447),.PCURVE_S1.);
#436 = LINE('',#437,#438);
#437 = CARTESIAN_POINT('',(-37.8,0.6,21.390597372059));
#438 = VECTOR('',#439,1.);
#439 = DIRECTION('',(-1.,-0.,-0.));
#440 = PCURVE('',#177,#441);
#441 = DEFINITIONAL_REPRESENTATION('',(#442),#446);
#442 = LINE('',#443,#444);
#443 = CARTESIAN_POINT('',(22.390597372059,37.));
#444 = VECTOR('',#445,1.);
#445 = DIRECTION('',(0.,-1.));
#446 = ( GEOMETRIC_REPRESENTATION_CONTEXT(2) 
PARAMETRIC_REPRESENTATION_CONTEXT() REPRESENTATION_CONTEXT('2D SPACE',''
  ) );
#447 = PCURVE('',#311,#448);
#448 = DEFINITIONAL_REPRESENTATION('',(#449),#453);
#449 = LINE('',#450,#451);
#450 = CARTESIAN_POINT('',(-7.493268913611,0.));
#451 = VECTOR('',#452,1.);
#452 = DIRECTION('',(-0.,1.));
#453 = ( GEOMETRIC_REPRESENTATION_CONTEXT(2) 
PARAMETRIC_REPRESENTATION_CONTEXT() REPRESENTATION_CONTEXT('2D SPACE',''
  ) );
#454 = ORIENTED_EDGE('',*,*,#455,.T.);
#455 = EDGE_CURVE('',#433,#456,#458,.T.);
#456 = VERTEX_POINT('',#457);
#457 = CARTESIAN_POINT('',(-20.55043188946,0.6,27.5));
#458 = SURFACE_CURVE('',#459,(#464,#471),.PCURVE_S1.);
#459 = HYPERBOLA('',#460,9.352941176471,0.6);
#460 = AXIS2_PLACEMENT_3D('',#461,#462,#463);
#461 = CARTESIAN_POINT('',(-37.8,0.6,296.55294117647));
#462 = DIRECTION('',(0.,1.,0.));
#463 = DIRECTION('',(0.,0.,-1.));
#464 = PCURVE('',#177,#465);
#465 = DEFINITIONAL_REPRESENTATION('',(#466),#470);
#466 = HYPERBOLA('',#467,9.352941176471,0.6);
#467 = AXIS2_PLACEMENT_2D('',#468,#469);
#468 = CARTESIAN_POINT('',(297.55294117647,37.));
#469 = DIRECTION('',(-1.,0.));
#470 = ( GEOMETRIC_REPRESENTATION_CONTEXT(2) 
PARAMETRIC_REPRESENTATION_CONTEXT() REPRESENTATION_CONTEXT('2D SPACE',''
  ) );
#471 = PCURVE('',#472,#477);
#472 = CONICAL_SURFACE('',#473,18.96,6.406315899547E-02);
#473 = AXIS2_PLACEMENT_3D('',#474,#475,#476);
#474 = CARTESIAN_POINT('',(-37.8,0.,1.));
#475 = DIRECTION('',(-0.,-0.,-1.));
#476 = DIRECTION('',(1.,0.,0.));
#477 = DEFINITIONAL_REPRESENTATION('',(#478),#485);
#478 = B_SPLINE_CURVE_WITH_KNOTS('',5,(#479,#480,#481,#482,#483,#484),
  .UNSPECIFIED.,.F.,.F.,(6,6),(-4.146053846561,-4.05206224589),
  .PIECEWISE_BEZIER_KNOTS.);
#479 = CARTESIAN_POINT('',(-3.165085386943E-02,-5.661044742179E-14));
#480 = CARTESIAN_POINT('',(-3.224573741798E-02,-5.553116152571));
#481 = CARTESIAN_POINT('',(-3.285459247903E-02,-10.97568035562));
#482 = CARTESIAN_POINT('',(-3.347785613395E-02,-16.27178078385));
#483 = CARTESIAN_POINT('',(-3.411598589332E-02,-21.4453135628));
#484 = CARTESIAN_POINT('',(-3.476946168014E-02,-26.5));
#485 = ( GEOMETRIC_REPRESENTATION_CONTEXT(2) 
PARAMETRIC_REPRESENTATION_CONTEXT() REPRESENTATION_CONTEXT('2D SPACE',''
  ) );
#486 = ORIENTED_EDGE('',*,*,#487,.T.);
#487 = EDGE_CURVE('',#456,#488,#490,.T.);
#488 = VERTEX_POINT('',#489);
#489 = CARTESIAN_POINT('',(-55.04956811053,0.6,27.5));
#490 = SURFACE_CURVE('',#491,(#495,#502),.PCURVE_S1.);
#491 = LINE('',#492,#493);
#492 = CARTESIAN_POINT('',(-56.3,0.6,27.5));
#493 = VECTOR('',#494,1.);
#494 = DIRECTION('',(-1.,0.,0.));
#495 = PCURVE('',#177,#496);
#496 = DEFINITIONAL_REPRESENTATION('',(#497),#501);
#497 = LINE('',#498,#499);
#498 = CARTESIAN_POINT('',(28.5,18.5));
#499 = VECTOR('',#500,1.);
#500 = DIRECTION('',(0.,-1.));
#501 = ( GEOMETRIC_REPRESENTATION_CONTEXT(2) 
PARAMETRIC_REPRESENTATION_CONTEXT() REPRESENTATION_CONTEXT('2D SPACE',''
  ) );
#502 = PCURVE('',#503,#508);
#503 = PLANE('',#504);
#504 = AXIS2_PLACEMENT_3D('',#505,#506,#507);
#505 = CARTESIAN_POINT('',(-37.8,0.,27.5));
#506 = DIRECTION('',(0.,0.,1.));
#507 = DIRECTION('',(1.,0.,0.));
#508 = DEFINITIONAL_REPRESENTATION('',(#509),#513);
#509 = LINE('',#510,#511);
#510 = CARTESIAN_POINT('',(-18.5,0.6));
#511 = VECTOR('',#512,1.);
#512 = DIRECTION('',(-1.,0.));
#513 = ( GEOMETRIC_REPRESENTATION_CONTEXT(2) 
PARAMETRIC_REPRESENTATION_CONTEXT() REPRESENTATION_CONTEXT('2D SPACE',''
  ) );
#514 = ORIENTED_EDGE('',*,*,#515,.T.);
#515 = EDGE_CURVE('',#488,#516,#518,.T.);
#516 = VERTEX_POINT('',#517);
#517 = CARTESIAN_POINT('',(-56.75050395108,0.6,1.));
#518 = SURFACE_CURVE('',#519,(#524,#531),.PCURVE_S1.);
#519 = HYPERBOLA('',#520,9.352941176471,0.6);
#520 = AXIS2_PLACEMENT_3D('',#521,#522,#523);
#521 = CARTESIAN_POINT('',(-37.8,0.6,296.55294117647));
#522 = DIRECTION('',(0.,1.,0.));
#523 = DIRECTION('',(0.,0.,-1.));
#524 = PCURVE('',#177,#525);
#525 = DEFINITIONAL_REPRESENTATION('',(#526),#530);
#526 = HYPERBOLA('',#527,9.352941176471,0.6);
#527 = AXIS2_PLACEMENT_2D('',#528,#529);
#528 = CARTESIAN_POINT('',(297.55294117647,37.));
#529 = DIRECTION('',(-1.,0.));
#530 = ( GEOMETRIC_REPRESENTATION_CONTEXT(2) 
PARAMETRIC_REPRESENTATION_CONTEXT() REPRESENTATION_CONTEXT('2D SPACE',''
  ) );
#531 = PCURVE('',#472,#532);
#532 = DEFINITIONAL_REPRESENTATION('',(#533),#540);
#533 = B_SPLINE_CURVE_WITH_KNOTS('',5,(#534,#535,#536,#537,#538,#539),
  .UNSPECIFIED.,.F.,.F.,(6,6),(4.05206224589,4.146053846561),
  .PIECEWISE_BEZIER_KNOTS.);
#534 = CARTESIAN_POINT('',(-3.10682319191,-26.5));
#535 = CARTESIAN_POINT('',(-3.107476667696,-21.4453135628));
#536 = CARTESIAN_POINT('',(-3.108114797456,-16.27178078385));
#537 = CARTESIAN_POINT('',(-3.108738061111,-10.97568035562));
#538 = CARTESIAN_POINT('',(-3.109346916172,-5.553116152571));
#539 = CARTESIAN_POINT('',(-3.10994179972,-5.661044742179E-14));
#540 = ( GEOMETRIC_REPRESENTATION_CONTEXT(2) 
PARAMETRIC_REPRESENTATION_CONTEXT() REPRESENTATION_CONTEXT('2D SPACE',''
  ) );
#541 = ORIENTED_EDGE('',*,*,#542,.F.);
#542 = EDGE_CURVE('',#543,#516,#545,.T.);
#543 = VERTEX_POINT('',#544);
#544 = CARTESIAN_POINT('',(-18.84949604891,0.6,1.));
#545 = SURFACE_CURVE('',#546,(#550,#557),.PCURVE_S1.);
#546 = LINE('',#547,#548);
#547 = CARTESIAN_POINT('',(-56.3,0.6,1.));
#548 = VECTOR('',#549,1.);
#549 = DIRECTION('',(-1.,0.,0.));
#550 = PCURVE('',#177,#551);
#551 = DEFINITIONAL_REPRESENTATION('',(#552),#556);
#552 = LINE('',#553,#554);
#553 = CARTESIAN_POINT('',(2.,18.5));
#554 = VECTOR('',#555,1.);
#555 = DIRECTION('',(0.,-1.));
#556 = ( GEOMETRIC_REPRESENTATION_CONTEXT(2) 
PARAMETRIC_REPRESENTATION_CONTEXT() REPRESENTATION_CONTEXT('2D SPACE',''
  ) );
#557 = PCURVE('',#558,#563);
#558 = PLANE('',#559);
#559 = AXIS2_PLACEMENT_3D('',#560,#561,#562);
#560 = CARTESIAN_POINT('',(-37.8,0.,1.));
#561 = DIRECTION('',(0.,0.,1.));
#562 = DIRECTION('',(1.,0.,0.));
#563 = DEFINITIONAL_REPRESENTATION('',(#564),#568);
#564 = LINE('',#565,#566);
#565 = CARTESIAN_POINT('',(-18.5,0.6));
#566 = VECTOR('',#567,1.);
#567 = DIRECTION('',(-1.,0.));
#568 = ( GEOMETRIC_REPRESENTATION_CONTEXT(2) 
PARAMETRIC_REPRESENTATION_CONTEXT() REPRESENTATION_CONTEXT('2D SPACE',''
  ) );
#569 = ORIENTED_EDGE('',*,*,#570,.T.);
#570 = EDGE_CURVE('',#543,#571,#573,.T.);
#571 = VERTEX_POINT('',#572);
#572 = CARTESIAN_POINT('',(-19.31864205332,0.6,8.309402627936));
#573 = SURFACE_CURVE('',#574,(#579,#586),.PCURVE_S1.);
#574 = HYPERBOLA('',#575,9.352941176471,0.6);
#575 = AXIS2_PLACEMENT_3D('',#576,#577,#578);
#576 = CARTESIAN_POINT('',(-37.8,0.6,296.55294117647));
#577 = DIRECTION('',(0.,1.,0.));
#578 = DIRECTION('',(0.,0.,-1.));
#579 = PCURVE('',#177,#580);
#580 = DEFINITIONAL_REPRESENTATION('',(#581),#585);
#581 = HYPERBOLA('',#582,9.352941176471,0.6);
#582 = AXIS2_PLACEMENT_2D('',#583,#584);
#583 = CARTESIAN_POINT('',(297.55294117647,37.));
#584 = DIRECTION('',(-1.,0.));
#585 = ( GEOMETRIC_REPRESENTATION_CONTEXT(2) 
PARAMETRIC_REPRESENTATION_CONTEXT() REPRESENTATION_CONTEXT('2D SPACE',''
  ) );
#586 = PCURVE('',#472,#587);
#587 = DEFINITIONAL_REPRESENTATION('',(#588),#595);
#588 = B_SPLINE_CURVE_WITH_KNOTS('',5,(#589,#590,#591,#592,#593,#594),
  .UNSPECIFIED.,.F.,.F.,(6,6),(-4.146053846561,-4.05206224589),
  .PIECEWISE_BEZIER_KNOTS.);
#589 = CARTESIAN_POINT('',(-3.165085386943E-02,-5.661044742179E-14));
#590 = CARTESIAN_POINT('',(-3.224573741798E-02,-5.553116152571));
#591 = CARTESIAN_POINT('',(-3.285459247903E-02,-10.97568035562));
#592 = CARTESIAN_POINT('',(-3.347785613395E-02,-16.27178078385));
#593 = CARTESIAN_POINT('',(-3.411598589332E-02,-21.4453135628));
#594 = CARTESIAN_POINT('',(-3.476946168014E-02,-26.5));
#595 = ( GEOMETRIC_REPRESENTATION_CONTEXT(2) 
PARAMETRIC_REPRESENTATION_CONTEXT() REPRESENTATION_CONTEXT('2D SPACE',''
  ) );
#596 = ORIENTED_EDGE('',*,*,#597,.F.);
#597 = EDGE_CURVE('',#193,#571,#598,.T.);
#598 = SURFACE_CURVE('',#599,(#603,#610),.PCURVE_S1.);
#599 = LINE('',#600,#601);
#600 = CARTESIAN_POINT('',(-37.8,0.6,8.309402627941));
#601 = VECTOR('',#602,1.);
#602 = DIRECTION('',(-1.,-0.,-0.));
#603 = PCURVE('',#177,#604);
#604 = DEFINITIONAL_REPRESENTATION('',(#605),#609);
#605 = LINE('',#606,#607);
#606 = CARTESIAN_POINT('',(9.309402627941,37.));
#607 = VECTOR('',#608,1.);
#608 = DIRECTION('',(0.,-1.));
#609 = ( GEOMETRIC_REPRESENTATION_CONTEXT(2) 
PARAMETRIC_REPRESENTATION_CONTEXT() REPRESENTATION_CONTEXT('2D SPACE',''
  ) );
#610 = PCURVE('',#370,#611);
#611 = DEFINITIONAL_REPRESENTATION('',(#612),#616);
#612 = LINE('',#613,#614);
#613 = CARTESIAN_POINT('',(-5.073101700748,0.));
#614 = VECTOR('',#615,1.);
#615 = DIRECTION('',(-0.,1.));
#616 = ( GEOMETRIC_REPRESENTATION_CONTEXT(2) 
PARAMETRIC_REPRESENTATION_CONTEXT() REPRESENTATION_CONTEXT('2D SPACE',''
  ) );
#617 = ADVANCED_FACE('',(#618),#151,.F.);
#618 = FACE_BOUND('',#619,.F.);
#619 = EDGE_LOOP('',(#620,#643,#644,#645));
#620 = ORIENTED_EDGE('',*,*,#621,.F.);
#621 = EDGE_CURVE('',#388,#622,#624,.T.);
#622 = VERTEX_POINT('',#623);
#623 = CARTESIAN_POINT('',(-73.8,4.,30.));
#624 = SURFACE_CURVE('',#625,(#629,#636),.PCURVE_S1.);
#625 = LINE('',#626,#627);
#626 = CARTESIAN_POINT('',(-73.8,-4.,30.));
#627 = VECTOR('',#628,1.);
#628 = DIRECTION('',(0.,1.,0.));
#629 = PCURVE('',#151,#630);
#630 = DEFINITIONAL_REPRESENTATION('',(#631),#635);
#631 = LINE('',#632,#633);
#632 = CARTESIAN_POINT('',(30.,0.));
#633 = VECTOR('',#634,1.);
#634 = DIRECTION('',(0.,-1.));
#635 = ( GEOMETRIC_REPRESENTATION_CONTEXT(2) 
PARAMETRIC_REPRESENTATION_CONTEXT() REPRESENTATION_CONTEXT('2D SPACE',''
  ) );
#636 = PCURVE('',#255,#637);
#637 = DEFINITIONAL_REPRESENTATION('',(#638),#642);
#638 = LINE('',#639,#640);
#639 = CARTESIAN_POINT('',(-62.,0.));
#640 = VECTOR('',#641,1.);
#641 = DIRECTION('',(0.,1.));
#642 = ( GEOMETRIC_REPRESENTATION_CONTEXT(2) 
PARAMETRIC_REPRESENTATION_CONTEXT() REPRESENTATION_CONTEXT('2D SPACE',''
  ) );
#643 = ORIENTED_EDGE('',*,*,#387,.F.);
#644 = ORIENTED_EDGE('',*,*,#135,.T.);
#645 = ORIENTED_EDGE('',*,*,#646,.T.);
#646 = EDGE_CURVE('',#108,#622,#647,.T.);
#647 = SURFACE_CURVE('',#648,(#652,#659),.PCURVE_S1.);
#648 = LINE('',#649,#650);
#649 = CARTESIAN_POINT('',(-73.8,4.,0.));
#650 = VECTOR('',#651,1.);
#651 = DIRECTION('',(0.,0.,1.));
#652 = PCURVE('',#151,#653);
#653 = DEFINITIONAL_REPRESENTATION('',(#654),#658);
#654 = LINE('',#655,#656);
#655 = CARTESIAN_POINT('',(0.,-8.));
#656 = VECTOR('',#657,1.);
#657 = DIRECTION('',(1.,0.));
#658 = ( GEOMETRIC_REPRESENTATION_CONTEXT(2) 
PARAMETRIC_REPRESENTATION_CONTEXT() REPRESENTATION_CONTEXT('2D SPACE',''
  ) );
#659 = PCURVE('',#123,#660);
#660 = DEFINITIONAL_REPRESENTATION('',(#661),#665);
#661 = LINE('',#662,#663);
#662 = CARTESIAN_POINT('',(0.,0.));
#663 = VECTOR('',#664,1.);
#664 = DIRECTION('',(1.,0.));
#665 = ( GEOMETRIC_REPRESENTATION_CONTEXT(2) 
PARAMETRIC_REPRESENTATION_CONTEXT() REPRESENTATION_CONTEXT('2D SPACE',''
  ) );
#666 = ADVANCED_FACE('',(#667),#123,.T.);
#667 = FACE_BOUND('',#668,.T.);
#668 = EDGE_LOOP('',(#669,#670,#671,#694));
#669 = ORIENTED_EDGE('',*,*,#107,.F.);
#670 = ORIENTED_EDGE('',*,*,#646,.T.);
#671 = ORIENTED_EDGE('',*,*,#672,.T.);
#672 = EDGE_CURVE('',#622,#673,#675,.T.);
#673 = VERTEX_POINT('',#674);
#674 = CARTESIAN_POINT('',(-64.50205984563,4.,30.));
#675 = SURFACE_CURVE('',#676,(#680,#687),.PCURVE_S1.);
#676 = LINE('',#677,#678);
#677 = CARTESIAN_POINT('',(-73.8,4.,30.));
#678 = VECTOR('',#679,1.);
#679 = DIRECTION('',(1.,0.,0.));
#680 = PCURVE('',#123,#681);
#681 = DEFINITIONAL_REPRESENTATION('',(#682),#686);
#682 = LINE('',#683,#684);
#683 = CARTESIAN_POINT('',(30.,0.));
#684 = VECTOR('',#685,1.);
#685 = DIRECTION('',(0.,1.));
#686 = ( GEOMETRIC_REPRESENTATION_CONTEXT(2) 
PARAMETRIC_REPRESENTATION_CONTEXT() REPRESENTATION_CONTEXT('2D SPACE',''
  ) );
#687 = PCURVE('',#255,#688);
#688 = DEFINITIONAL_REPRESENTATION('',(#689),#693);
#689 = LINE('',#690,#691);
#690 = CARTESIAN_POINT('',(-62.,8.));
#691 = VECTOR('',#692,1.);
#692 = DIRECTION('',(1.,0.));
#693 = ( GEOMETRIC_REPRESENTATION_CONTEXT(2) 
PARAMETRIC_REPRESENTATION_CONTEXT() REPRESENTATION_CONTEXT('2D SPACE',''
  ) );
#694 = ORIENTED_EDGE('',*,*,#695,.T.);
#695 = EDGE_CURVE('',#673,#79,#696,.T.);
#696 = SURFACE_CURVE('',#697,(#701,#708),.PCURVE_S1.);
#697 = LINE('',#698,#699);
#698 = CARTESIAN_POINT('',(-64.50205984563,4.,0.));
#699 = VECTOR('',#700,1.);
#700 = DIRECTION('',(-0.,-0.,-1.));
#701 = PCURVE('',#123,#702);
#702 = DEFINITIONAL_REPRESENTATION('',(#703),#707);
#703 = LINE('',#704,#705);
#704 = CARTESIAN_POINT('',(0.,9.297940154363));
#705 = VECTOR('',#706,1.);
#706 = DIRECTION('',(-1.,0.));
#707 = ( GEOMETRIC_REPRESENTATION_CONTEXT(2) 
PARAMETRIC_REPRESENTATION_CONTEXT() REPRESENTATION_CONTEXT('2D SPACE',''
  ) );
#708 = PCURVE('',#95,#709);
#709 = DEFINITIONAL_REPRESENTATION('',(#710),#714);
#710 = LINE('',#711,#712);
#711 = CARTESIAN_POINT('',(-2.992897159322,0.));
#712 = VECTOR('',#713,1.);
#713 = DIRECTION('',(-0.,1.));
#714 = ( GEOMETRIC_REPRESENTATION_CONTEXT(2) 
PARAMETRIC_REPRESENTATION_CONTEXT() REPRESENTATION_CONTEXT('2D SPACE',''
  ) );
#715 = ADVANCED_FACE('',(#716),#95,.T.);
#716 = FACE_BOUND('',#717,.F.);
#717 = EDGE_LOOP('',(#718,#719,#720,#742));
#718 = ORIENTED_EDGE('',*,*,#78,.F.);
#719 = ORIENTED_EDGE('',*,*,#216,.F.);
#720 = ORIENTED_EDGE('',*,*,#721,.T.);
#721 = EDGE_CURVE('',#217,#673,#722,.T.);
#722 = SURFACE_CURVE('',#723,(#728,#735),.PCURVE_S1.);
#723 = CIRCLE('',#724,27.);
#724 = AXIS2_PLACEMENT_3D('',#725,#726,#727);
#725 = CARTESIAN_POINT('',(-37.8,0.,30.));
#726 = DIRECTION('',(0.,0.,1.));
#727 = DIRECTION('',(1.,0.,0.));
#728 = PCURVE('',#95,#729);
#729 = DEFINITIONAL_REPRESENTATION('',(#730),#734);
#730 = LINE('',#731,#732);
#731 = CARTESIAN_POINT('',(-0.,-30.));
#732 = VECTOR('',#733,1.);
#733 = DIRECTION('',(-1.,0.));
#734 = ( GEOMETRIC_REPRESENTATION_CONTEXT(2) 
PARAMETRIC_REPRESENTATION_CONTEXT() REPRESENTATION_CONTEXT('2D SPACE',''
  ) );
#735 = PCURVE('',#255,#736);
#736 = DEFINITIONAL_REPRESENTATION('',(#737),#741);
#737 = CIRCLE('',#738,27.);
#738 = AXIS2_PLACEMENT_2D('',#739,#740);
#739 = CARTESIAN_POINT('',(-26.,4.));
#740 = DIRECTION('',(1.,0.));
#741 = ( GEOMETRIC_REPRESENTATION_CONTEXT(2) 
PARAMETRIC_REPRESENTATION_CONTEXT() REPRESENTATION_CONTEXT('2D SPACE',''
  ) );
#742 = ORIENTED_EDGE('',*,*,#695,.T.);
#743 = ADVANCED_FACE('',(#744),#370,.F.);
#744 = FACE_BOUND('',#745,.T.);
#745 = EDGE_LOOP('',(#746,#747,#770,#1032));
#746 = ORIENTED_EDGE('',*,*,#351,.F.);
#747 = ORIENTED_EDGE('',*,*,#748,.T.);
#748 = EDGE_CURVE('',#324,#749,#751,.T.);
#749 = VERTEX_POINT('',#750);
#750 = CARTESIAN_POINT('',(-19.52282741673,0.6,11.490597372059));
#751 = SURFACE_CURVE('',#752,(#756,#763),.PCURVE_S1.);
#752 = LINE('',#753,#754);
#753 = CARTESIAN_POINT('',(-37.8,0.6,11.490597372059));
#754 = VECTOR('',#755,1.);
#755 = DIRECTION('',(-1.,-0.,-0.));
#756 = PCURVE('',#370,#757);
#757 = DEFINITIONAL_REPRESENTATION('',(#758),#762);
#758 = LINE('',#759,#760);
#759 = CARTESIAN_POINT('',(-7.493268913611,0.));
#760 = VECTOR('',#761,1.);
#761 = DIRECTION('',(-0.,1.));
#762 = ( GEOMETRIC_REPRESENTATION_CONTEXT(2) 
PARAMETRIC_REPRESENTATION_CONTEXT() REPRESENTATION_CONTEXT('2D SPACE',''
  ) );
#763 = PCURVE('',#339,#764);
#764 = DEFINITIONAL_REPRESENTATION('',(#765),#769);
#765 = LINE('',#766,#767);
#766 = CARTESIAN_POINT('',(12.490597372059,37.));
#767 = VECTOR('',#768,1.);
#768 = DIRECTION('',(0.,-1.));
#769 = ( GEOMETRIC_REPRESENTATION_CONTEXT(2) 
PARAMETRIC_REPRESENTATION_CONTEXT() REPRESENTATION_CONTEXT('2D SPACE',''
  ) );
#770 = ORIENTED_EDGE('',*,*,#771,.T.);
#771 = EDGE_CURVE('',#749,#571,#772,.T.);
#772 = SURFACE_CURVE('',#773,(#842,#937),.PCURVE_S1.);
#773 = B_SPLINE_CURVE_WITH_KNOTS('',7,(#774,#775,#776,#777,#778,#779,
    #780,#781,#782,#783,#784,#785,#786,#787,#788,#789,#790,#791,#792,
    #793,#794,#795,#796,#797,#798,#799,#800,#801,#802,#803,#804,#805,
    #806,#807,#808,#809,#810,#811,#812,#813,#814,#815,#816,#817,#818,
    #819,#820,#821,#822,#823,#824,#825,#826,#827,#828,#829,#830,#831,
    #832,#833,#834,#835,#836,#837,#838,#839,#840,#841),.UNSPECIFIED.,.F.
  ,.F.,(8,6,6,6,6,6,6,6,6,6,6,8),(0.,0.262232185242,0.454677050607,
    0.99056976116,1.002073116129,1.139880559083,1.27684817757,
    1.411122459852,1.541569923568,1.728995656144,1.862827060755,
    1.984159916298),.UNSPECIFIED.);
#774 = CARTESIAN_POINT('',(-19.52282741675,0.599999998746,
    11.490597368736));
#775 = CARTESIAN_POINT('',(-19.52355398729,0.684328147894,
    11.458787352138));
#776 = CARTESIAN_POINT('',(-19.52432466546,0.76550402396,11.422208262612
    ));
#777 = CARTESIAN_POINT('',(-19.52509421359,0.843138532136,
    11.381308839265));
#778 = CARTESIAN_POINT('',(-19.52581444654,0.916983403041,
    11.336559787012));
#779 = CARTESIAN_POINT('',(-19.5264399357,0.98689664859,11.288413157771)
  );
#780 = CARTESIAN_POINT('',(-19.52693068747,1.052815611986,
    11.237275567632));
#781 = CARTESIAN_POINT('',(-19.52748744875,1.160180435349,
    11.144027379306));
#782 = CARTESIAN_POINT('',(-19.5276317417,1.203468678311,11.103137800958
    ));
#783 = CARTESIAN_POINT('',(-19.52767084745,1.244601541847,
    11.060963960096));
#784 = CARTESIAN_POINT('',(-19.52759250763,1.2835872585,11.01763258014)
  );
#785 = CARTESIAN_POINT('',(-19.52738595651,1.320441159012,
    10.973259012558));
#786 = CARTESIAN_POINT('',(-19.52704184456,1.355183739129,
    10.927946586612));
#787 = CARTESIAN_POINT('',(-19.52518856421,1.478771626127,
    10.753244499971));
#788 = CARTESIAN_POINT('',(-19.52269736571,1.553430097373,
    10.618248929133));
#789 = CARTESIAN_POINT('',(-19.51890679565,1.612491503291,
    10.478617116871));
#790 = CARTESIAN_POINT('',(-19.51371720599,1.656372953595,
    10.335826322048));
#791 = CARTESIAN_POINT('',(-19.50709805524,1.685454451053,
    10.191139047632));
#792 = CARTESIAN_POINT('',(-19.49907104974,1.7,10.045586800279));
#793 = CARTESIAN_POINT('',(-19.4894900097,1.7,9.896874865791));
#794 = CARTESIAN_POINT('',(-19.48928804711,1.699993297525,9.893749765629
    ));
#795 = CARTESIAN_POINT('',(-19.48908546515,1.699979892837,9.890624709505
    ));
#796 = CARTESIAN_POINT('',(-19.48888226452,1.699959786163,9.887499707404
    ));
#797 = CARTESIAN_POINT('',(-19.48867844595,1.699932977687,9.884374769314
    ));
#798 = CARTESIAN_POINT('',(-19.48847401018,1.699899467561,9.881249905219
    ));
#799 = CARTESIAN_POINT('',(-19.4858124811,1.699377529736,9.840691006203)
  );
#800 = CARTESIAN_POINT('',(-19.48326754097,1.697934035631,9.803269046853
    ));
#801 = CARTESIAN_POINT('',(-19.48063540237,1.695528965095,9.76587621913)
  );
#802 = CARTESIAN_POINT('',(-19.4779175946,1.692161726376,9.728529712082)
  );
#803 = CARTESIAN_POINT('',(-19.47511591143,1.68783094445,9.691246931727)
  );
#804 = CARTESIAN_POINT('',(-19.47223241113,1.682534461028,9.65404550105)
  );
#805 = CARTESIAN_POINT('',(-19.46632447881,1.670042388927,9.580067127004
    ));
#806 = CARTESIAN_POINT('',(-19.46330103733,1.662858597549,9.543289207714
    ));
#807 = CARTESIAN_POINT('',(-19.46020136215,1.654715056301,9.506626988653
    ));
#808 = CARTESIAN_POINT('',(-19.45702803846,1.645608140188,9.470098648204
    ));
#809 = CARTESIAN_POINT('',(-19.45378396649,1.635533503335,9.43372305662)
  );
#810 = CARTESIAN_POINT('',(-19.45047236155,1.624486078985,9.397519776025
    ));
#811 = CARTESIAN_POINT('',(-19.44378752445,1.600670559705,9.326206460816
    ));
#812 = CARTESIAN_POINT('',(-19.44041682218,1.587940653837,9.291089193857
    ));
#813 = CARTESIAN_POINT('',(-19.43698796223,1.574264862614,9.256176297876
    ));
#814 = CARTESIAN_POINT('',(-19.43350463937,1.559637178681,9.221488001893
    ));
#815 = CARTESIAN_POINT('',(-19.42997092815,1.54405108661,9.187045725611)
  );
#816 = CARTESIAN_POINT('',(-19.42639128281,1.5274995629,9.152872079417)
  );
#817 = CARTESIAN_POINT('',(-19.41925298316,1.492950037135,9.086075264357
    ));
#818 = CARTESIAN_POINT('',(-19.41569668662,1.475006890151,9.053435969344
    ));
#819 = CARTESIAN_POINT('',(-19.41210607234,1.456138631828,9.02109476713)
  );
#820 = CARTESIAN_POINT('',(-19.40848601666,1.436338203606,8.989075130166
    ));
#821 = CARTESIAN_POINT('',(-19.40484184766,1.415598491568,8.957402215566
    ));
#822 = CARTESIAN_POINT('',(-19.40117934515,1.393912326439,8.926102865106
    ));
#823 = CARTESIAN_POINT('',(-19.39222510232,1.33874376273,8.850812702496)
  );
#824 = CARTESIAN_POINT('',(-19.38692070773,1.304247593415,8.807251541816
    ));
#825 = CARTESIAN_POINT('',(-19.3816098901,1.267761880601,8.764605213463)
  );
#826 = CARTESIAN_POINT('',(-19.37631358927,1.229267383771,8.722968449805
    ));
#827 = CARTESIAN_POINT('',(-19.37105534189,1.188749393212,8.682447064592
    ));
#828 = CARTESIAN_POINT('',(-19.3658612716,1.146199406299,8.643157392247)
  );
#829 = CARTESIAN_POINT('',(-19.35711757115,1.069782582111,8.57814060949)
  );
#830 = CARTESIAN_POINT('',(-19.35352254658,1.036913109358,8.551748865381
    ));
#831 = CARTESIAN_POINT('',(-19.34998547676,1.003008838128,8.526096805749
    ));
#832 = CARTESIAN_POINT('',(-19.34651768548,0.968073846879,8.501234645185
    ));
#833 = CARTESIAN_POINT('',(-19.34313122868,0.932116658288,8.477215893096
    ));
#834 = CARTESIAN_POINT('',(-19.33983877409,0.895151057633,8.45409674486)
  );
#835 = CARTESIAN_POINT('',(-19.33376566303,0.822787312139,8.41184384795)
  );
#836 = CARTESIAN_POINT('',(-19.33096595576,0.787565523233,8.392539749859
    ));
#837 = CARTESIAN_POINT('',(-19.32826416879,0.751546931769,8.374066759942
    ));
#838 = CARTESIAN_POINT('',(-19.32567051306,0.714751849887,8.356470308147
    ));
#839 = CARTESIAN_POINT('',(-19.32319539085,0.677206245224,8.339796740627
    ));
#840 = CARTESIAN_POINT('',(-19.3208491859,0.638942471583,8.324092387219)
  );
#841 = CARTESIAN_POINT('',(-19.31864205358,0.599999999609,8.309402628932
    ));
#842 = PCURVE('',#370,#843);
#843 = DEFINITIONAL_REPRESENTATION('',(#844),#936);
#844 = B_SPLINE_CURVE_WITH_KNOTS('',3,(#845,#846,#847,#848,#849,#850,
    #851,#852,#853,#854,#855,#856,#857,#858,#859,#860,#861,#862,#863,
    #864,#865,#866,#867,#868,#869,#870,#871,#872,#873,#874,#875,#876,
    #877,#878,#879,#880,#881,#882,#883,#884,#885,#886,#887,#888,#889,
    #890,#891,#892,#893,#894,#895,#896,#897,#898,#899,#900,#901,#902,
    #903,#904,#905,#906,#907,#908,#909,#910,#911,#912,#913,#914,#915,
    #916,#917,#918,#919,#920,#921,#922,#923,#924,#925,#926,#927,#928,
    #929,#930,#931,#932,#933,#934,#935),.UNSPECIFIED.,.F.,.F.,(4,1,1,1,1
    ,1,1,1,1,1,1,1,1,1,1,1,1,1,1,1,1,1,1,1,1,1,1,1,1,1,1,1,1,1,1,1,1,1,1
    ,1,1,1,1,1,1,1,1,1,1,1,1,1,1,1,1,1,1,1,1,1,1,1,1,1,1,1,1,1,1,1,1,1,1
    ,1,1,1,1,1,1,1,1,1,1,1,1,1,1,1,4),(0.,2.254727177611E-02,
    4.509454355223E-02,6.764181532834E-02,9.018908710445E-02,
    0.112736358881,0.135283630657,0.157830902433,0.180378174209,
    0.202925445985,0.225472717761,0.248019989537,0.270567261313,
    0.293114533089,0.315661804866,0.338209076642,0.360756348418,
    0.383303620194,0.40585089197,0.428398163746,0.450945435522,
    0.473492707298,0.496039979074,0.518587250851,0.541134522627,
    0.563681794403,0.586229066179,0.608776337955,0.631323609731,
    0.653870881507,0.676418153283,0.69896542506,0.721512696836,
    0.744059968612,0.766607240388,0.789154512164,0.81170178394,
    0.834249055716,0.856796327492,0.879343599268,0.901890871045,
    0.924438142821,0.946985414597,0.969532686373,0.992079958149,
    1.014627229925,1.037174501701,1.059721773477,1.082269045253,
    1.10481631703,1.127363588806,1.149910860582,1.172458132358,
    1.195005404134,1.21755267591,1.240099947686,1.262647219462,
    1.285194491238,1.307741763015,1.330289034791,1.352836306567,
    1.375383578343,1.397930850119,1.420478121895,1.443025393671,
    1.465572665447,1.488119937223,1.510667209,1.533214480776,
    1.555761752552,1.578309024328,1.600856296104,1.62340356788,
    1.645950839656,1.668498111432,1.691045383209,1.713592654985,
    1.736139926761,1.758687198537,1.781234470313,1.803781742089,
    1.826329013865,1.848876285641,1.871423557417,1.893970829194,
    1.91651810097,1.939065372746,1.961612644522,1.984159916298),
  .QUASI_UNIFORM_KNOTS.);
#845 = CARTESIAN_POINT('',(-7.493268913611,-18.27717258324));
#846 = CARTESIAN_POINT('',(-7.482632310888,-18.27702682006));
#847 = CARTESIAN_POINT('',(-7.461436739714,-18.27673070806));
#848 = CARTESIAN_POINT('',(-7.429882003974,-18.27627894743));
#849 = CARTESIAN_POINT('',(-7.398572237144,-18.27582574872));
#850 = CARTESIAN_POINT('',(-7.367511583214,-18.27537730063));
#851 = CARTESIAN_POINT('',(-7.336702924537,-18.27493974644));
#852 = CARTESIAN_POINT('',(-7.306147778974,-18.27451914544));
#853 = CARTESIAN_POINT('',(-7.275846446551,-18.27412143106));
#854 = CARTESIAN_POINT('',(-7.245798059486,-18.27375237779));
#855 = CARTESIAN_POINT('',(-7.216000638999,-18.27341757351));
#856 = CARTESIAN_POINT('',(-7.186451106665,-18.2731223982));
#857 = CARTESIAN_POINT('',(-7.157145372446,-18.27287200884));
#858 = CARTESIAN_POINT('',(-7.12807808063,-18.27267132991));
#859 = CARTESIAN_POINT('',(-7.099243934094,-18.27252505179));
#860 = CARTESIAN_POINT('',(-7.07063635968,-18.27243763148));
#861 = CARTESIAN_POINT('',(-7.042248680452,-18.27241328159));
#862 = CARTESIAN_POINT('',(-7.014074050349,-18.27245597697));
#863 = CARTESIAN_POINT('',(-6.986105453422,-18.27256945814));
#864 = CARTESIAN_POINT('',(-6.958335605834,-18.27275723655));
#865 = CARTESIAN_POINT('',(-6.9307571717,-18.27302259565));
#866 = CARTESIAN_POINT('',(-6.903361809498,-18.27336860686));
#867 = CARTESIAN_POINT('',(-6.876143570517,-18.2737980902));
#868 = CARTESIAN_POINT('',(-6.849098795987,-18.27431358674));
#869 = CARTESIAN_POINT('',(-6.822216427379,-18.27491755083));
#870 = CARTESIAN_POINT('',(-6.795487864483,-18.27561222405));
#871 = CARTESIAN_POINT('',(-6.768904392343,-18.27639966925));
#872 = CARTESIAN_POINT('',(-6.742457798858,-18.27728176418));
#873 = CARTESIAN_POINT('',(-6.716140143838,-18.27826020632));
#874 = CARTESIAN_POINT('',(-6.689943761143,-18.27933651513));
#875 = CARTESIAN_POINT('',(-6.663861203399,-18.28051203541));
#876 = CARTESIAN_POINT('',(-6.637885206472,-18.2817879407));
#877 = CARTESIAN_POINT('',(-6.612008652351,-18.28316523704));
#878 = CARTESIAN_POINT('',(-6.58622453555,-18.28464476697));
#879 = CARTESIAN_POINT('',(-6.560525931053,-18.28622721375));
#880 = CARTESIAN_POINT('',(-6.534905963764,-18.28791310594));
#881 = CARTESIAN_POINT('',(-6.509357778973,-18.28970282199));
#882 = CARTESIAN_POINT('',(-6.483874513417,-18.29159659526));
#883 = CARTESIAN_POINT('',(-6.458449266855,-18.29359451906));
#884 = CARTESIAN_POINT('',(-6.433075072906,-18.295696552));
#885 = CARTESIAN_POINT('',(-6.407744872406,-18.29790252326));
#886 = CARTESIAN_POINT('',(-6.382451475985,-18.300212139));
#887 = CARTESIAN_POINT('',(-6.357187564449,-18.30262498486));
#888 = CARTESIAN_POINT('',(-6.331945544839,-18.30514054423));
#889 = CARTESIAN_POINT('',(-6.306717941227,-18.30775815771));
#890 = CARTESIAN_POINT('',(-6.281495785569,-18.31047720281));
#891 = CARTESIAN_POINT('',(-6.256274532198,-18.31329644512));
#892 = CARTESIAN_POINT('',(-6.231049841648,-18.31621443203));
#893 = CARTESIAN_POINT('',(-6.205814252017,-18.31922990518));
#894 = CARTESIAN_POINT('',(-6.180561160625,-18.32234135408));
#895 = CARTESIAN_POINT('',(-6.155283726353,-18.32554713423));
#896 = CARTESIAN_POINT('',(-6.129975130787,-18.32884543401));
#897 = CARTESIAN_POINT('',(-6.104628430477,-18.33223428909));
#898 = CARTESIAN_POINT('',(-6.07923677764,-18.3357115418));
#899 = CARTESIAN_POINT('',(-6.053793127402,-18.33927488545));
#900 = CARTESIAN_POINT('',(-6.028290447126,-18.34292181431));
#901 = CARTESIAN_POINT('',(-6.002721650717,-18.34664963023));
#902 = CARTESIAN_POINT('',(-5.97707958358,-18.35045543769));
#903 = CARTESIAN_POINT('',(-5.951356925902,-18.35433615696));
#904 = CARTESIAN_POINT('',(-5.92554644833,-18.35828845859));
#905 = CARTESIAN_POINT('',(-5.899640666415,-18.36230882791));
#906 = CARTESIAN_POINT('',(-5.873632091798,-18.36639349367));
#907 = CARTESIAN_POINT('',(-5.847513173482,-18.37053843264));
#908 = CARTESIAN_POINT('',(-5.821276275409,-18.37473936434));
#909 = CARTESIAN_POINT('',(-5.794913561312,-18.37899176767));
#910 = CARTESIAN_POINT('',(-5.768417341315,-18.38329078822));
#911 = CARTESIAN_POINT('',(-5.741779615872,-18.38763132295));
#912 = CARTESIAN_POINT('',(-5.71499244746,-18.39200792394));
#913 = CARTESIAN_POINT('',(-5.688047879423,-18.39641480589));
#914 = CARTESIAN_POINT('',(-5.660937878517,-18.40084584586));
#915 = CARTESIAN_POINT('',(-5.633654326753,-18.40529457677));
#916 = CARTESIAN_POINT('',(-5.60618961044,-18.40975405878));
#917 = CARTESIAN_POINT('',(-5.578535281581,-18.41421710313));
#918 = CARTESIAN_POINT('',(-5.550683414811,-18.41867602347));
#919 = CARTESIAN_POINT('',(-5.522626284187,-18.42312268741));
#920 = CARTESIAN_POINT('',(-5.494356412508,-18.42754850257));
#921 = CARTESIAN_POINT('',(-5.465866488958,-18.43194442475));
#922 = CARTESIAN_POINT('',(-5.437149451236,-18.43630094279));
#923 = CARTESIAN_POINT('',(-5.40819805115,-18.44060813475));
#924 = CARTESIAN_POINT('',(-5.379006658528,-18.44485541509));
#925 = CARTESIAN_POINT('',(-5.349569663673,-18.44903179879));
#926 = CARTESIAN_POINT('',(-5.319882232074,-18.45312579106));
#927 = CARTESIAN_POINT('',(-5.289940462947,-18.45712541289));
#928 = CARTESIAN_POINT('',(-5.25974141468,-18.46101824263));
#929 = CARTESIAN_POINT('',(-5.229282985574,-18.46479147108));
#930 = CARTESIAN_POINT('',(-5.198564760656,-18.4684318669));
#931 = CARTESIAN_POINT('',(-5.167587809823,-18.47192589723));
#932 = CARTESIAN_POINT('',(-5.136354905183,-18.47525979032));
#933 = CARTESIAN_POINT('',(-5.104870417713,-18.47841964339));
#934 = CARTESIAN_POINT('',(-5.083717743409,-18.48040093437));
#935 = CARTESIAN_POINT('',(-5.073101700739,-18.48135794641));
#936 = ( GEOMETRIC_REPRESENTATION_CONTEXT(2) 
PARAMETRIC_REPRESENTATION_CONTEXT() REPRESENTATION_CONTEXT('2D SPACE',''
  ) );
#937 = PCURVE('',#472,#938);
#938 = DEFINITIONAL_REPRESENTATION('',(#939),#1031);
#939 = B_SPLINE_CURVE_WITH_KNOTS('',3,(#940,#941,#942,#943,#944,#945,
    #946,#947,#948,#949,#950,#951,#952,#953,#954,#955,#956,#957,#958,
    #959,#960,#961,#962,#963,#964,#965,#966,#967,#968,#969,#970,#971,
    #972,#973,#974,#975,#976,#977,#978,#979,#980,#981,#982,#983,#984,
    #985,#986,#987,#988,#989,#990,#991,#992,#993,#994,#995,#996,#997,
    #998,#999,#1000,#1001,#1002,#1003,#1004,#1005,#1006,#1007,#1008,
    #1009,#1010,#1011,#1012,#1013,#1014,#1015,#1016,#1017,#1018,#1019,
    #1020,#1021,#1022,#1023,#1024,#1025,#1026,#1027,#1028,#1029,#1030),
  .UNSPECIFIED.,.F.,.F.,(4,1,1,1,1,1,1,1,1,1,1,1,1,1,1,1,1,1,1,1,1,1,1,1
    ,1,1,1,1,1,1,1,1,1,1,1,1,1,1,1,1,1,1,1,1,1,1,1,1,1,1,1,1,1,1,1,1,1,1
    ,1,1,1,1,1,1,1,1,1,1,1,1,1,1,1,1,1,1,1,1,1,1,1,1,1,1,1,1,1,1,4),(0.,
    2.254727177611E-02,4.509454355223E-02,6.764181532834E-02,
    9.018908710445E-02,0.112736358881,0.135283630657,0.157830902433,
    0.180378174209,0.202925445985,0.225472717761,0.248019989537,
    0.270567261313,0.293114533089,0.315661804866,0.338209076642,
    0.360756348418,0.383303620194,0.40585089197,0.428398163746,
    0.450945435522,0.473492707298,0.496039979074,0.518587250851,
    0.541134522627,0.563681794403,0.586229066179,0.608776337955,
    0.631323609731,0.653870881507,0.676418153283,0.69896542506,
    0.721512696836,0.744059968612,0.766607240388,0.789154512164,
    0.81170178394,0.834249055716,0.856796327492,0.879343599268,
    0.901890871045,0.924438142821,0.946985414597,0.969532686373,
    0.992079958149,1.014627229925,1.037174501701,1.059721773477,
    1.082269045253,1.10481631703,1.127363588806,1.149910860582,
    1.172458132358,1.195005404134,1.21755267591,1.240099947686,
    1.262647219462,1.285194491238,1.307741763015,1.330289034791,
    1.352836306567,1.375383578343,1.397930850119,1.420478121895,
    1.443025393671,1.465572665447,1.488119937223,1.510667209,
    1.533214480776,1.555761752552,1.578309024328,1.600856296104,
    1.62340356788,1.645950839656,1.668498111432,1.691045383209,
    1.713592654985,1.736139926761,1.758687198537,1.781234470313,
    1.803781742089,1.826329013865,1.848876285641,1.871423557417,
    1.893970829194,1.91651810097,1.939065372746,1.961612644522,
    1.984159916298),.QUASI_UNIFORM_KNOTS.);
#940 = CARTESIAN_POINT('',(-3.28160497433E-02,-10.49059736875));
#941 = CARTESIAN_POINT('',(-3.374099552897E-02,-10.4842155259));
#942 = CARTESIAN_POINT('',(-3.557283463967E-02,-10.47095808076));
#943 = CARTESIAN_POINT('',(-3.826411219728E-02,-10.44965148786));
#944 = CARTESIAN_POINT('',(-4.089646063512E-02,-10.42698524626));
#945 = CARTESIAN_POINT('',(-4.346786693895E-02,-10.40302040094));
#946 = CARTESIAN_POINT('',(-4.597657729085E-02,-10.37781764461));
#947 = CARTESIAN_POINT('',(-4.84211193005E-02,-10.35143699151));
#948 = CARTESIAN_POINT('',(-5.080027220316E-02,-10.32393740849));
#949 = CARTESIAN_POINT('',(-5.311305217435E-02,-10.29537649161));
#950 = CARTESIAN_POINT('',(-5.535869422718E-02,-10.26581017266));
#951 = CARTESIAN_POINT('',(-5.75366376764E-02,-10.2352924296));
#952 = CARTESIAN_POINT('',(-5.964650576224E-02,-10.20387511997));
#953 = CARTESIAN_POINT('',(-6.168811007088E-02,-10.17160748724));
#954 = CARTESIAN_POINT('',(-6.366134147131E-02,-10.13853739612));
#955 = CARTESIAN_POINT('',(-6.556625268555E-02,-10.10470975706));
#956 = CARTESIAN_POINT('',(-6.740296578841E-02,-10.07016776313));
#957 = CARTESIAN_POINT('',(-6.917166909329E-02,-10.03495281216));
#958 = CARTESIAN_POINT('',(-7.087260956106E-02,-9.999104504157));
#959 = CARTESIAN_POINT('',(-7.250609063111E-02,-9.9626605115));
#960 = CARTESIAN_POINT('',(-7.407245286212E-02,-9.925656883174));
#961 = CARTESIAN_POINT('',(-7.557211794095E-02,-9.888126741257));
#962 = CARTESIAN_POINT('',(-7.700539644425E-02,-9.850104974895));
#963 = CARTESIAN_POINT('',(-7.837252030086E-02,-9.81162853895));
#964 = CARTESIAN_POINT('',(-7.967411597661E-02,-9.77272254549));
#965 = CARTESIAN_POINT('',(-8.091067350237E-02,-9.733414017855));
#966 = CARTESIAN_POINT('',(-8.208268480929E-02,-9.693728452581));
#967 = CARTESIAN_POINT('',(-8.319061006101E-02,-9.653690779378));
#968 = CARTESIAN_POINT('',(-8.423488955048E-02,-9.613325138606));
#969 = CARTESIAN_POINT('',(-8.521594288303E-02,-9.572654971841));
#970 = CARTESIAN_POINT('',(-8.613417107994E-02,-9.531703025085));
#971 = CARTESIAN_POINT('',(-8.698995743202E-02,-9.490491372189));
#972 = CARTESIAN_POINT('',(-8.778366823932E-02,-9.449041429965));
#973 = CARTESIAN_POINT('',(-8.851565315131E-02,-9.407373972913));
#974 = CARTESIAN_POINT('',(-8.918624520277E-02,-9.365509145715));
#975 = CARTESIAN_POINT('',(-8.979576053851E-02,-9.323466474274));
#976 = CARTESIAN_POINT('',(-9.034449784751E-02,-9.2812648754));
#977 = CARTESIAN_POINT('',(-9.083273751955E-02,-9.238922665278));
#978 = CARTESIAN_POINT('',(-9.12607405395E-02,-9.196457567375));
#979 = CARTESIAN_POINT('',(-9.162874713347E-02,-9.153886718395));
#980 = CARTESIAN_POINT('',(-9.193697518296E-02,-9.111226678463));
#981 = CARTESIAN_POINT('',(-9.218561841596E-02,-9.068493423536));
#982 = CARTESIAN_POINT('',(-9.237484441014E-02,-9.025702403182));
#983 = CARTESIAN_POINT('',(-9.250479234684E-02,-8.982868354476));
#984 = CARTESIAN_POINT('',(-9.25755708122E-02,-8.940006027151));
#985 = CARTESIAN_POINT('',(-9.25872546092E-02,-8.897127510075));
#986 = CARTESIAN_POINT('',(-9.253988453918E-02,-8.854252354209));
#987 = CARTESIAN_POINT('',(-9.24335022593E-02,-8.811400456543));
#988 = CARTESIAN_POINT('',(-9.226812313751E-02,-8.768586442377));
#989 = CARTESIAN_POINT('',(-9.204373811694E-02,-8.725826492592));
#990 = CARTESIAN_POINT('',(-9.176031318712E-02,-8.683136533523));
#991 = CARTESIAN_POINT('',(-9.141778957791E-02,-8.640532738005));
#992 = CARTESIAN_POINT('',(-9.101608335178E-02,-8.598031330909));
#993 = CARTESIAN_POINT('',(-9.055508767112E-02,-8.555649021161));
#994 = CARTESIAN_POINT('',(-9.003466935389E-02,-8.513402566551));
#995 = CARTESIAN_POINT('',(-8.945467216116E-02,-8.471309186746));
#996 = CARTESIAN_POINT('',(-8.881491625557E-02,-8.429386514045));
#997 = CARTESIAN_POINT('',(-8.811519862553E-02,-8.387652629871));
#998 = CARTESIAN_POINT('',(-8.735529159031E-02,-8.346125966754));
#999 = CARTESIAN_POINT('',(-8.65349501305E-02,-8.304825792066));
#1000 = CARTESIAN_POINT('',(-8.565390239974E-02,-8.263771716488));
#1001 = CARTESIAN_POINT('',(-8.471185925073E-02,-8.222984161428));
#1002 = CARTESIAN_POINT('',(-8.370851334138E-02,-8.182484334168));
#1003 = CARTESIAN_POINT('',(-8.264353996765E-02,-8.142294260247));
#1004 = CARTESIAN_POINT('',(-8.151659399922E-02,-8.102436676802));
#1005 = CARTESIAN_POINT('',(-8.032732702005E-02,-8.062935623649));
#1006 = CARTESIAN_POINT('',(-7.907536697628E-02,-8.023815854897));
#1007 = CARTESIAN_POINT('',(-7.776034156261E-02,-7.985103422919));
#1008 = CARTESIAN_POINT('',(-7.638187586121E-02,-7.946825638306));
#1009 = CARTESIAN_POINT('',(-7.49395922763E-02,-7.909011059781));
#1010 = CARTESIAN_POINT('',(-7.343311208449E-02,-7.871689572766));
#1011 = CARTESIAN_POINT('',(-7.186209718565E-02,-7.834893189458));
#1012 = CARTESIAN_POINT('',(-7.022617602562E-02,-7.798654334723));
#1013 = CARTESIAN_POINT('',(-6.852502519248E-02,-7.763007735354));
#1014 = CARTESIAN_POINT('',(-6.675835932536E-02,-7.727989987618));
#1015 = CARTESIAN_POINT('',(-6.49259412559E-02,-7.693639635557));
#1016 = CARTESIAN_POINT('',(-6.302758428121E-02,-7.659997075812));
#1017 = CARTESIAN_POINT('',(-6.10631656086E-02,-7.627104646369));
#1018 = CARTESIAN_POINT('',(-5.90326029132E-02,-7.595006153866));
#1019 = CARTESIAN_POINT('',(-5.693599029246E-02,-7.563748824347));
#1020 = CARTESIAN_POINT('',(-5.477350046227E-02,-7.533381357757));
#1021 = CARTESIAN_POINT('',(-5.25454461703E-02,-7.503954700647));
#1022 = CARTESIAN_POINT('',(-5.025230611567E-02,-7.475521984598));
#1023 = CARTESIAN_POINT('',(-4.789474001848E-02,-7.448138309588));
#1024 = CARTESIAN_POINT('',(-4.547359014081E-02,-7.421860422159));
#1025 = CARTESIAN_POINT('',(-4.298996211403E-02,-7.396747118099));
#1026 = CARTESIAN_POINT('',(-4.044522304265E-02,-7.372858593957));
#1027 = CARTESIAN_POINT('',(-3.784103620103E-02,-7.350256154828));
#1028 = CARTESIAN_POINT('',(-3.517934359169E-02,-7.32900175295));
#1029 = CARTESIAN_POINT('',(-3.336814934393E-02,-7.31577212642));
#1030 = CARTESIAN_POINT('',(-3.245374811757E-02,-7.309402628946));
#1031 = ( GEOMETRIC_REPRESENTATION_CONTEXT(2) 
PARAMETRIC_REPRESENTATION_CONTEXT() REPRESENTATION_CONTEXT('2D SPACE',''
  ) );
#1032 = ORIENTED_EDGE('',*,*,#597,.F.);
#1033 = ADVANCED_FACE('',(#1034),#339,.F.);
#1034 = FACE_BOUND('',#1035,.F.);
#1035 = EDGE_LOOP('',(#1036,#1059,#1060,#1061));
#1036 = ORIENTED_EDGE('',*,*,#1037,.F.);
#1037 = EDGE_CURVE('',#291,#1038,#1040,.T.);
#1038 = VERTEX_POINT('',#1039);
#1039 = CARTESIAN_POINT('',(-19.95408290583,0.6,18.209402627941));
#1040 = SURFACE_CURVE('',#1041,(#1045,#1052),.PCURVE_S1.);
#1041 = LINE('',#1042,#1043);
#1042 = CARTESIAN_POINT('',(-37.8,0.6,18.209402627941));
#1043 = VECTOR('',#1044,1.);
#1044 = DIRECTION('',(-1.,-0.,-0.));
#1045 = PCURVE('',#339,#1046);
#1046 = DEFINITIONAL_REPRESENTATION('',(#1047),#1051);
#1047 = LINE('',#1048,#1049);
#1048 = CARTESIAN_POINT('',(19.209402627941,37.));
#1049 = VECTOR('',#1050,1.);
#1050 = DIRECTION('',(0.,-1.));
#1051 = ( GEOMETRIC_REPRESENTATION_CONTEXT(2) 
PARAMETRIC_REPRESENTATION_CONTEXT() REPRESENTATION_CONTEXT('2D SPACE',''
  ) );
#1052 = PCURVE('',#311,#1053);
#1053 = DEFINITIONAL_REPRESENTATION('',(#1054),#1058);
#1054 = LINE('',#1055,#1056);
#1055 = CARTESIAN_POINT('',(-5.073101700748,0.));
#1056 = VECTOR('',#1057,1.);
#1057 = DIRECTION('',(-0.,1.));
#1058 = ( GEOMETRIC_REPRESENTATION_CONTEXT(2) 
PARAMETRIC_REPRESENTATION_CONTEXT() REPRESENTATION_CONTEXT('2D SPACE',''
  ) );
#1059 = ORIENTED_EDGE('',*,*,#323,.T.);
#1060 = ORIENTED_EDGE('',*,*,#748,.T.);
#1061 = ORIENTED_EDGE('',*,*,#1062,.T.);
#1062 = EDGE_CURVE('',#749,#1038,#1063,.T.);
#1063 = SURFACE_CURVE('',#1064,(#1069,#1076),.PCURVE_S1.);
#1064 = HYPERBOLA('',#1065,9.352941176471,0.6);
#1065 = AXIS2_PLACEMENT_3D('',#1066,#1067,#1068);
#1066 = CARTESIAN_POINT('',(-37.8,0.6,296.55294117647));
#1067 = DIRECTION('',(0.,1.,0.));
#1068 = DIRECTION('',(0.,0.,-1.));
#1069 = PCURVE('',#339,#1070);
#1070 = DEFINITIONAL_REPRESENTATION('',(#1071),#1075);
#1071 = HYPERBOLA('',#1072,9.352941176471,0.6);
#1072 = AXIS2_PLACEMENT_2D('',#1073,#1074);
#1073 = CARTESIAN_POINT('',(297.55294117647,37.));
#1074 = DIRECTION('',(-1.,0.));
#1075 = ( GEOMETRIC_REPRESENTATION_CONTEXT(2) 
PARAMETRIC_REPRESENTATION_CONTEXT() REPRESENTATION_CONTEXT('2D SPACE',''
  ) );
#1076 = PCURVE('',#472,#1077);
#1077 = DEFINITIONAL_REPRESENTATION('',(#1078),#1085);
#1078 = B_SPLINE_CURVE_WITH_KNOTS('',5,(#1079,#1080,#1081,#1082,#1083,
    #1084),.UNSPECIFIED.,.F.,.F.,(6,6),(-4.146053846561,-4.05206224589),
  .PIECEWISE_BEZIER_KNOTS.);
#1079 = CARTESIAN_POINT('',(-3.165085386943E-02,-5.661044742179E-14));
#1080 = CARTESIAN_POINT('',(-3.224573741798E-02,-5.553116152571));
#1081 = CARTESIAN_POINT('',(-3.285459247903E-02,-10.97568035562));
#1082 = CARTESIAN_POINT('',(-3.347785613395E-02,-16.27178078385));
#1083 = CARTESIAN_POINT('',(-3.411598589332E-02,-21.4453135628));
#1084 = CARTESIAN_POINT('',(-3.476946168014E-02,-26.5));
#1085 = ( GEOMETRIC_REPRESENTATION_CONTEXT(2) 
PARAMETRIC_REPRESENTATION_CONTEXT() REPRESENTATION_CONTEXT('2D SPACE',''
  ) );
#1086 = ADVANCED_FACE('',(#1087),#311,.F.);
#1087 = FACE_BOUND('',#1088,.T.);
#1088 = EDGE_LOOP('',(#1089,#1090,#1091,#1353));
#1089 = ORIENTED_EDGE('',*,*,#290,.F.);
#1090 = ORIENTED_EDGE('',*,*,#432,.T.);
#1091 = ORIENTED_EDGE('',*,*,#1092,.T.);
#1092 = EDGE_CURVE('',#433,#1038,#1093,.T.);
#1093 = SURFACE_CURVE('',#1094,(#1163,#1258),.PCURVE_S1.);
#1094 = B_SPLINE_CURVE_WITH_KNOTS('',7,(#1095,#1096,#1097,#1098,#1099,
    #1100,#1101,#1102,#1103,#1104,#1105,#1106,#1107,#1108,#1109,#1110,
    #1111,#1112,#1113,#1114,#1115,#1116,#1117,#1118,#1119,#1120,#1121,
    #1122,#1123,#1124,#1125,#1126,#1127,#1128,#1129,#1130,#1131,#1132,
    #1133,#1134,#1135,#1136,#1137,#1138,#1139,#1140,#1141,#1142,#1143,
    #1144,#1145,#1146,#1147,#1148,#1149,#1150,#1151,#1152,#1153,#1154,
    #1155,#1156,#1157,#1158,#1159,#1160,#1161,#1162),.UNSPECIFIED.,.F.,
  .F.,(8,6,6,6,6,6,6,6,6,6,6,8),(0.,0.255090723962,0.448122603612,
    0.981896196385,0.993964649723,1.131964398402,1.268556485591,
    1.40242493355,1.532936532662,1.719837247084,1.854011989699,
    1.966896880667),.UNSPECIFIED.);
#1095 = CARTESIAN_POINT('',(-20.1582761937,0.599999996304,
    21.390597362262));
#1096 = CARTESIAN_POINT('',(-20.15908693145,0.682749595318,
    21.359382798001));
#1097 = CARTESIAN_POINT('',(-20.15995230706,0.762466076487,
    21.323575265828));
#1098 = CARTESIAN_POINT('',(-20.16082705976,0.83878050806,
    21.283598446229));
#1099 = CARTESIAN_POINT('',(-20.16166302676,0.911454922372,
    21.239897231135));
#1100 = CARTESIAN_POINT('',(-20.16241463422,0.980350860263,
    21.192899812842));
#1101 = CARTESIAN_POINT('',(-20.16304153746,1.045404800859,
    21.142992735958));
#1102 = CARTESIAN_POINT('',(-20.16386170141,1.152925946225,
    21.050793430095));
#1103 = CARTESIAN_POINT('',(-20.16412335949,1.197036140181,
    21.009603753948));
#1104 = CARTESIAN_POINT('',(-20.16427803981,1.238938912443,
    20.967083569554));
#1105 = CARTESIAN_POINT('',(-20.1643121257,1.278641921242,
    20.923365327055));
#1106 = CARTESIAN_POINT('',(-20.16421365089,1.316160530515,
    20.878569515941));
#1107 = CARTESIAN_POINT('',(-20.163972222,1.351515711269,20.832803939908
    ));
#1108 = CARTESIAN_POINT('',(-20.16249143639,1.476581783219,
    20.657190997359));
#1109 = CARTESIAN_POINT('',(-20.16024375944,1.551986842104,
    20.521652063116));
#1110 = CARTESIAN_POINT('',(-20.15664937822,1.61163463135,
    20.381400004429));
#1111 = CARTESIAN_POINT('',(-20.15159892198,1.655947604868,
    20.237939176436));
#1112 = CARTESIAN_POINT('',(-20.14505688043,1.685312796184,
    20.092554486817));
#1113 = CARTESIAN_POINT('',(-20.137043662,1.7,19.946294051193));
#1114 = CARTESIAN_POINT('',(-20.12740226969,1.7,19.796692337436));
#1115 = CARTESIAN_POINT('',(-20.12718838084,1.699992491723,
    19.793384714407));
#1116 = CARTESIAN_POINT('',(-20.12697377313,1.699977475493,
    19.790077142769));
#1117 = CARTESIAN_POINT('',(-20.12675844742,1.699954951585,
    19.786769634374));
#1118 = CARTESIAN_POINT('',(-20.12654240457,1.699924920227,
    19.783462201076));
#1119 = CARTESIAN_POINT('',(-20.12632564545,1.6998873816,19.780154854726
    ));
#1120 = CARTESIAN_POINT('',(-20.12362140451,1.699327248795,
    19.739030057686));
#1121 = CARTESIAN_POINT('',(-20.12104110977,1.697830578829,
    19.701225538941));
#1122 = CARTESIAN_POINT('',(-20.11836860739,1.695352525909,
    19.663451564867));
#1123 = CARTESIAN_POINT('',(-20.1156055035,1.69189247669,19.625725877522
    ));
#1124 = CARTESIAN_POINT('',(-20.11275368977,1.687449004509,
    19.588066447097));
#1125 = CARTESIAN_POINT('',(-20.10981534335,1.682019869389,
    19.550491471914));
#1126 = CARTESIAN_POINT('',(-20.10380134051,1.669249631743,
    19.475929517686));
#1127 = CARTESIAN_POINT('',(-20.10072741633,1.661928625291,
    19.438940688232));
#1128 = CARTESIAN_POINT('',(-20.09757353146,1.653636021194,
    19.402070729086));
#1129 = CARTESIAN_POINT('',(-20.09434239688,1.644368106186,
    19.365338194106));
#1130 = CARTESIAN_POINT('',(-20.09103705744,1.63412043122,
    19.328762351991));
#1131 = CARTESIAN_POINT('',(-20.08766089186,1.622887811466,
    19.292363186272));
#1132 = CARTESIAN_POINT('',(-20.08084299238,1.598684576832,
    19.220681466234));
#1133 = CARTESIAN_POINT('',(-20.07740394786,1.585753169237,
    19.185391394487));
#1134 = CARTESIAN_POINT('',(-20.07390396224,1.57186448117,
    19.150310618553));
#1135 = CARTESIAN_POINT('',(-20.07034692032,1.557012376099,
    19.115459806505));
#1136 = CARTESIAN_POINT('',(-20.06673710855,1.541190203322,
    19.080860856026));
#1137 = CARTESIAN_POINT('',(-20.06307921509,1.524390797965,
    19.046536894402));
#1138 = CARTESIAN_POINT('',(-20.05577024688,1.4892681187,18.979340854685
    ));
#1139 = CARTESIAN_POINT('',(-20.05212135305,1.470993818875,
    18.946454271954));
#1140 = CARTESIAN_POINT('',(-20.04843635614,1.451776359746,
    18.913875060964));
#1141 = CARTESIAN_POINT('',(-20.04472044885,1.431608479609,
    18.881627519705));
#1142 = CARTESIAN_POINT('',(-20.04097930865,1.410482876817,
    18.84973771353));
#1143 = CARTESIAN_POINT('',(-20.03721909788,1.38839220978,
    18.818233475159));
#1144 = CARTESIAN_POINT('',(-20.02804381722,1.332301287238,
    18.74262292517));
#1145 = CARTESIAN_POINT('',(-20.02261593404,1.297280546713,
    18.698954620156));
#1146 = CARTESIAN_POINT('',(-20.01718217524,1.260244509518,
    18.656224837853));
#1147 = CARTESIAN_POINT('',(-20.01176466932,1.221173904664,
    18.614531017994));
#1148 = CARTESIAN_POINT('',(-20.00638829238,1.180054342881,
    18.573982071628));
#1149 = CARTESIAN_POINT('',(-20.00108064844,1.136878103449,
    18.534697760919));
#1150 = CARTESIAN_POINT('',(-19.99213283235,1.059174047121,
    18.469607335811));
#1151 = CARTESIAN_POINT('',(-19.98844479692,1.025643785061,
    18.44312635786));
#1152 = CARTESIAN_POINT('',(-19.98481918074,0.991056144141,
    18.417413588054));
#1153 = CARTESIAN_POINT('',(-19.98126813794,0.955416071986,
    18.392521575243));
#1154 = CARTESIAN_POINT('',(-19.97780460007,0.918733346418,
    18.368506293419));
#1155 = CARTESIAN_POINT('',(-19.97444213653,0.881023467309,
    18.345426460977));
#1156 = CARTESIAN_POINT('',(-19.96846275469,0.809736625363,
    18.304763320743));
#1157 = CARTESIAN_POINT('',(-19.96581222083,0.776453584489,
    18.286889117534));
#1158 = CARTESIAN_POINT('',(-19.96325159592,0.742473127766,
    18.269756593406));
#1159 = CARTESIAN_POINT('',(-19.96078956275,0.707812888323,
    18.253403444521));
#1160 = CARTESIAN_POINT('',(-19.95843494069,0.672494965041,
    18.237868011757));
#1161 = CARTESIAN_POINT('',(-19.95619652177,0.63654645712,
    18.223188572324));
#1162 = CARTESIAN_POINT('',(-19.95408290675,0.599999998649,
    18.209402631381));
#1163 = PCURVE('',#311,#1164);
#1164 = DEFINITIONAL_REPRESENTATION('',(#1165),#1257);
#1165 = B_SPLINE_CURVE_WITH_KNOTS('',3,(#1166,#1167,#1168,#1169,#1170,
    #1171,#1172,#1173,#1174,#1175,#1176,#1177,#1178,#1179,#1180,#1181,
    #1182,#1183,#1184,#1185,#1186,#1187,#1188,#1189,#1190,#1191,#1192,
    #1193,#1194,#1195,#1196,#1197,#1198,#1199,#1200,#1201,#1202,#1203,
    #1204,#1205,#1206,#1207,#1208,#1209,#1210,#1211,#1212,#1213,#1214,
    #1215,#1216,#1217,#1218,#1219,#1220,#1221,#1222,#1223,#1224,#1225,
    #1226,#1227,#1228,#1229,#1230,#1231,#1232,#1233,#1234,#1235,#1236,
    #1237,#1238,#1239,#1240,#1241,#1242,#1243,#1244,#1245,#1246,#1247,
    #1248,#1249,#1250,#1251,#1252,#1253,#1254,#1255,#1256),
  .UNSPECIFIED.,.F.,.F.,(4,1,1,1,1,1,1,1,1,1,1,1,1,1,1,1,1,1,1,1,1,1,1,1
    ,1,1,1,1,1,1,1,1,1,1,1,1,1,1,1,1,1,1,1,1,1,1,1,1,1,1,1,1,1,1,1,1,1,1
    ,1,1,1,1,1,1,1,1,1,1,1,1,1,1,1,1,1,1,1,1,1,1,1,1,1,1,1,1,1,1,4),(0.,
    2.235110091667E-02,4.470220183335E-02,6.705330275002E-02,
    8.94044036667E-02,0.111755504583,0.1341066055,0.156457706417,
    0.178808807333,0.20115990825,0.223511009167,0.245862110083,
    0.268213211,0.290564311917,0.312915412833,0.33526651375,
    0.357617614667,0.379968715583,0.4023198165,0.424670917417,
    0.447022018333,0.46937311925,0.491724220167,0.514075321084,
    0.536426422,0.558777522917,0.581128623834,0.60347972475,
    0.625830825667,0.648181926584,0.6705330275,0.692884128417,
    0.715235229334,0.73758633025,0.759937431167,0.782288532084,
    0.804639633,0.826990733917,0.849341834834,0.87169293575,
    0.894044036667,0.916395137584,0.9387462385,0.961097339417,
    0.983448440334,1.00579954125,1.028150642167,1.050501743084,
    1.072852844,1.095203944917,1.117555045834,1.13990614675,
    1.162257247667,1.184608348584,1.2069594495,1.229310550417,
    1.251661651334,1.27401275225,1.296363853167,1.318714954084,
    1.341066055,1.363417155917,1.385768256834,1.40811935775,
    1.430470458667,1.452821559584,1.475172660501,1.497523761417,
    1.519874862334,1.542225963251,1.564577064167,1.586928165084,
    1.609279266001,1.631630366917,1.653981467834,1.676332568751,
    1.698683669667,1.721034770584,1.743385871501,1.765736972417,
    1.788088073334,1.810439174251,1.832790275167,1.855141376084,
    1.877492477001,1.899843577917,1.922194678834,1.944545779751,
    1.966896880667),.QUASI_UNIFORM_KNOTS.);
#1166 = CARTESIAN_POINT('',(-7.493268913611,-17.6417238063));
#1167 = CARTESIAN_POINT('',(-7.482632565398,-17.64155805856));
#1168 = CARTESIAN_POINT('',(-7.461437351719,-17.64122066868));
#1169 = CARTESIAN_POINT('',(-7.429882777507,-17.64070342805));
#1170 = CARTESIAN_POINT('',(-7.398572880078,-17.64018154853));
#1171 = CARTESIAN_POINT('',(-7.367511876476,-17.63966158382));
#1172 = CARTESIAN_POINT('',(-7.336702714605,-17.63915004001));
#1173 = CARTESIAN_POINT('',(-7.306146968053,-17.6386533347));
#1174 = CARTESIAN_POINT('',(-7.275844980879,-17.63817775267));
#1175 = CARTESIAN_POINT('',(-7.245795916889,-17.63772941078));
#1176 = CARTESIAN_POINT('',(-7.215997810708,-17.63731422861));
#1177 = CARTESIAN_POINT('',(-7.186447593331,-17.63693790571));
#1178 = CARTESIAN_POINT('',(-7.157141121825,-17.63660590578));
#1179 = CARTESIAN_POINT('',(-7.128073140406,-17.63632344548));
#1180 = CARTESIAN_POINT('',(-7.099238176993,-17.63609549675));
#1181 = CARTESIAN_POINT('',(-7.070629593146,-17.63592678216));
#1182 = CARTESIAN_POINT('',(-7.042240783494,-17.63582176792));
#1183 = CARTESIAN_POINT('',(-7.014064916225,-17.6357846704));
#1184 = CARTESIAN_POINT('',(-6.986094995912,-17.63581945931));
#1185 = CARTESIAN_POINT('',(-6.95832370808,-17.63592986303));
#1186 = CARTESIAN_POINT('',(-6.930743803063,-17.63611936833));
#1187 = CARTESIAN_POINT('',(-6.903346528776,-17.63639124063));
#1188 = CARTESIAN_POINT('',(-6.876127315743,-17.63674846767));
#1189 = CARTESIAN_POINT('',(-6.849081127544,-17.63719378375));
#1190 = CARTESIAN_POINT('',(-6.822197190536,-17.63772979088));
#1191 = CARTESIAN_POINT('',(-6.795466873082,-17.63835887716));
#1192 = CARTESIAN_POINT('',(-6.768881508973,-17.6390832409));
#1193 = CARTESIAN_POINT('',(-6.742432909191,-17.63990488711));
#1194 = CARTESIAN_POINT('',(-6.716113159697,-17.64082563172));
#1195 = CARTESIAN_POINT('',(-6.689914616199,-17.64184710425));
#1196 = CARTESIAN_POINT('',(-6.663829851154,-17.64297075121));
#1197 = CARTESIAN_POINT('',(-6.637851617892,-17.64419783974));
#1198 = CARTESIAN_POINT('',(-6.61197281383,-17.64552946155));
#1199 = CARTESIAN_POINT('',(-6.586186446983,-17.6469665371));
#1200 = CARTESIAN_POINT('',(-6.560485604051,-17.64850982004));
#1201 = CARTESIAN_POINT('',(-6.534863419966,-17.65015990197));
#1202 = CARTESIAN_POINT('',(-6.509313048446,-17.65191721729));
#1203 = CARTESIAN_POINT('',(-6.483827633116,-17.65378204841));
#1204 = CARTESIAN_POINT('',(-6.45840027913,-17.65575453103));
#1205 = CARTESIAN_POINT('',(-6.433024024034,-17.65783465975));
#1206 = CARTESIAN_POINT('',(-6.407691811182,-17.66002229354));
#1207 = CARTESIAN_POINT('',(-6.38239645217,-17.66231716248));
#1208 = CARTESIAN_POINT('',(-6.35713062779,-17.66471887041));
#1209 = CARTESIAN_POINT('',(-6.331886741996,-17.6672269137));
#1210 = CARTESIAN_POINT('',(-6.306657320525,-17.66984064015));
#1211 = CARTESIAN_POINT('',(-6.281433372564,-17.67255943223));
#1212 = CARTESIAN_POINT('',(-6.256210419989,-17.6753820455));
#1213 = CARTESIAN_POINT('',(-6.230984145784,-17.67830701399));
#1214 = CARTESIAN_POINT('',(-6.20574709095,-17.68133306308));
#1215 = CARTESIAN_POINT('',(-6.180492660261,-17.68445865969));
#1216 = CARTESIAN_POINT('',(-6.155214019837,-17.68768213117));
#1217 = CARTESIAN_POINT('',(-6.129904362411,-17.69100163139));
#1218 = CARTESIAN_POINT('',(-6.104556748049,-17.69441515748));
#1219 = CARTESIAN_POINT('',(-6.079164335056,-17.69792050613));
#1220 = CARTESIAN_POINT('',(-6.053720091115,-17.70151531946));
#1221 = CARTESIAN_POINT('',(-6.028216982326,-17.70519703671));
#1222 = CARTESIAN_POINT('',(-6.002647928261,-17.70896289734));
#1223 = CARTESIAN_POINT('',(-5.977005783995,-17.71280993635));
#1224 = CARTESIAN_POINT('',(-5.951283234398,-17.71673499989));
#1225 = CARTESIAN_POINT('',(-5.92547304463,-17.72073467945));
#1226 = CARTESIAN_POINT('',(-5.899567750785,-17.72480537064));
#1227 = CARTESIAN_POINT('',(-5.873559851803,-17.72894321276));
#1228 = CARTESIAN_POINT('',(-5.847441798844,-17.73314408242));
#1229 = CARTESIAN_POINT('',(-5.821205965736,-17.73740358991));
#1230 = CARTESIAN_POINT('',(-5.794844514463,-17.74171710032));
#1231 = CARTESIAN_POINT('',(-5.768349743823,-17.74607964025));
#1232 = CARTESIAN_POINT('',(-5.741713675788,-17.75048597327));
#1233 = CARTESIAN_POINT('',(-5.714928346532,-17.75493052012));
#1234 = CARTESIAN_POINT('',(-5.687985788892,-17.75940735096));
#1235 = CARTESIAN_POINT('',(-5.660878013752,-17.76391017919));
#1236 = CARTESIAN_POINT('',(-5.633596784756,-17.76843239392));
#1237 = CARTESIAN_POINT('',(-5.606134586485,-17.77296686439));
#1238 = CARTESIAN_POINT('',(-5.57848299225,-17.77750621645));
#1239 = CARTESIAN_POINT('',(-5.550633995484,-17.78204258395));
#1240 = CARTESIAN_POINT('',(-5.522579842733,-17.78656763334));
#1241 = CARTESIAN_POINT('',(-5.494313039813,-17.79107255771));
#1242 = CARTESIAN_POINT('',(-5.465826286351,-17.79554808321));
#1243 = CARTESIAN_POINT('',(-5.437112535186,-17.79998445677));
#1244 = CARTESIAN_POINT('',(-5.408164634911,-17.80437149592));
#1245 = CARTESIAN_POINT('',(-5.378976534368,-17.80869840781));
#1246 = CARTESIAN_POINT('',(-5.349542955256,-17.81295388404));
#1247 = CARTESIAN_POINT('',(-5.319858887423,-17.81712616766));
#1248 = CARTESIAN_POINT('',(-5.289920436501,-17.82120297592));
#1249 = CARTESIAN_POINT('',(-5.25972464651,-17.82517157506));
#1250 = CARTESIAN_POINT('',(-5.229269500417,-17.82901882887));
#1251 = CARTESIAN_POINT('',(-5.198554321204,-17.83273120001));
#1252 = CARTESIAN_POINT('',(-5.167580268824,-17.83629480637));
#1253 = CARTESIAN_POINT('',(-5.136350071753,-17.83969553527));
#1254 = CARTESIAN_POINT('',(-5.104868107379,-17.84291912842));
#1255 = CARTESIAN_POINT('',(-5.083716993262,-17.8449406158));
#1256 = CARTESIAN_POINT('',(-5.073101700719,-17.84591709324));
#1257 = ( GEOMETRIC_REPRESENTATION_CONTEXT(2) 
PARAMETRIC_REPRESENTATION_CONTEXT() REPRESENTATION_CONTEXT('2D SPACE',''
  ) );
#1258 = PCURVE('',#472,#1259);
#1259 = DEFINITIONAL_REPRESENTATION('',(#1260),#1352);
#1260 = B_SPLINE_CURVE_WITH_KNOTS('',3,(#1261,#1262,#1263,#1264,#1265,
    #1266,#1267,#1268,#1269,#1270,#1271,#1272,#1273,#1274,#1275,#1276,
    #1277,#1278,#1279,#1280,#1281,#1282,#1283,#1284,#1285,#1286,#1287,
    #1288,#1289,#1290,#1291,#1292,#1293,#1294,#1295,#1296,#1297,#1298,
    #1299,#1300,#1301,#1302,#1303,#1304,#1305,#1306,#1307,#1308,#1309,
    #1310,#1311,#1312,#1313,#1314,#1315,#1316,#1317,#1318,#1319,#1320,
    #1321,#1322,#1323,#1324,#1325,#1326,#1327,#1328,#1329,#1330,#1331,
    #1332,#1333,#1334,#1335,#1336,#1337,#1338,#1339,#1340,#1341,#1342,
    #1343,#1344,#1345,#1346,#1347,#1348,#1349,#1350,#1351),
  .UNSPECIFIED.,.F.,.F.,(4,1,1,1,1,1,1,1,1,1,1,1,1,1,1,1,1,1,1,1,1,1,1,1
    ,1,1,1,1,1,1,1,1,1,1,1,1,1,1,1,1,1,1,1,1,1,1,1,1,1,1,1,1,1,1,1,1,1,1
    ,1,1,1,1,1,1,1,1,1,1,1,1,1,1,1,1,1,1,1,1,1,1,1,1,1,1,1,1,1,1,4),(0.,
    2.235110091667E-02,4.470220183335E-02,6.705330275002E-02,
    8.94044036667E-02,0.111755504583,0.1341066055,0.156457706417,
    0.178808807333,0.20115990825,0.223511009167,0.245862110083,
    0.268213211,0.290564311917,0.312915412833,0.33526651375,
    0.357617614667,0.379968715583,0.4023198165,0.424670917417,
    0.447022018333,0.46937311925,0.491724220167,0.514075321084,
    0.536426422,0.558777522917,0.581128623834,0.60347972475,
    0.625830825667,0.648181926584,0.6705330275,0.692884128417,
    0.715235229334,0.73758633025,0.759937431167,0.782288532084,
    0.804639633,0.826990733917,0.849341834834,0.87169293575,
    0.894044036667,0.916395137584,0.9387462385,0.961097339417,
    0.983448440334,1.00579954125,1.028150642167,1.050501743084,
    1.072852844,1.095203944917,1.117555045834,1.13990614675,
    1.162257247667,1.184608348584,1.2069594495,1.229310550417,
    1.251661651334,1.27401275225,1.296363853167,1.318714954084,
    1.341066055,1.363417155917,1.385768256834,1.40811935775,
    1.430470458667,1.452821559584,1.475172660501,1.497523761417,
    1.519874862334,1.542225963251,1.564577064167,1.586928165084,
    1.609279266001,1.631630366917,1.653981467834,1.676332568751,
    1.698683669667,1.721034770584,1.743385871501,1.765736972417,
    1.788088073334,1.810439174251,1.832790275167,1.855141376084,
    1.877492477001,1.899843577917,1.922194678834,1.944545779751,
    1.966896880667),.QUASI_UNIFORM_KNOTS.);
#1261 = CARTESIAN_POINT('',(-3.399717756951E-02,-20.39059736231));
#1262 = CARTESIAN_POINT('',(-3.495538927382E-02,-20.38421567421));
#1263 = CARTESIAN_POINT('',(-3.685312386592E-02,-20.37095847031));
#1264 = CARTESIAN_POINT('',(-3.964124298304E-02,-20.3496520344));
#1265 = CARTESIAN_POINT('',(-4.236833385214E-02,-20.32698573612));
#1266 = CARTESIAN_POINT('',(-4.503230304027E-02,-20.30302064174));
#1267 = CARTESIAN_POINT('',(-4.763132657943E-02,-20.27781747334));
#1268 = CARTESIAN_POINT('',(-5.016387315786E-02,-20.25143627871));
#1269 = CARTESIAN_POINT('',(-5.262867328419E-02,-20.22393605508));
#1270 = CARTESIAN_POINT('',(-5.502470406666E-02,-20.19537442248));
#1271 = CARTESIAN_POINT('',(-5.735117083504E-02,-20.16580732218));
#1272 = CARTESIAN_POINT('',(-5.960749104866E-02,-20.13528874237));
#1273 = CARTESIAN_POINT('',(-6.179327748201E-02,-20.10387048712));
#1274 = CARTESIAN_POINT('',(-6.390832726985E-02,-20.07160192154));
#1275 = CARTESIAN_POINT('',(-6.595253841472E-02,-20.03853070066));
#1276 = CARTESIAN_POINT('',(-6.79259687172E-02,-20.00470165091));
#1277 = CARTESIAN_POINT('',(-6.982873795091E-02,-19.97015803533));
#1278 = CARTESIAN_POINT('',(-7.166103886719E-02,-19.93494126234));
#1279 = CARTESIAN_POINT('',(-7.34231247462E-02,-19.89909095322));
#1280 = CARTESIAN_POINT('',(-7.511531041831E-02,-19.86264473412));
#1281 = CARTESIAN_POINT('',(-7.673794288233E-02,-19.82563877218));
#1282 = CARTESIAN_POINT('',(-7.829148009864E-02,-19.78810561152));
#1283 = CARTESIAN_POINT('',(-7.97761675244E-02,-19.75008206639));
#1284 = CARTESIAN_POINT('',(-8.119232212109E-02,-19.71160319572));
#1285 = CARTESIAN_POINT('',(-8.254057484754E-02,-19.6726944892));
#1286 = CARTESIAN_POINT('',(-8.382143392933E-02,-19.63338292311));
#1287 = CARTESIAN_POINT('',(-8.503540519456E-02,-19.59369405907));
#1288 = CARTESIAN_POINT('',(-8.618296331201E-02,-19.55365286005));
#1289 = CARTESIAN_POINT('',(-8.726456243835E-02,-19.51328350629));
#1290 = CARTESIAN_POINT('',(-8.828063578358E-02,-19.47260947541));
#1291 = CARTESIAN_POINT('',(-8.923159764305E-02,-19.43165354825));
#1292 = CARTESIAN_POINT('',(-9.01178442852E-02,-19.39043783149));
#1293 = CARTESIAN_POINT('',(-9.093975468203E-02,-19.34898377282));
#1294 = CARTESIAN_POINT('',(-9.169769083725E-02,-19.3073121755));
#1295 = CARTESIAN_POINT('',(-9.239199779723E-02,-19.26544321081));
#1296 = CARTESIAN_POINT('',(-9.302300334145E-02,-19.22339642894));
#1297 = CARTESIAN_POINT('',(-9.359101737267E-02,-19.18119076861));
#1298 = CARTESIAN_POINT('',(-9.409633102075E-02,-19.13884456549));
#1299 = CARTESIAN_POINT('',(-9.45392154759E-02,-19.09637556));
#1300 = CARTESIAN_POINT('',(-9.491992056607E-02,-19.05380090319));
#1301 = CARTESIAN_POINT('',(-9.523867309522E-02,-19.01113716696));
#1302 = CARTESIAN_POINT('',(-9.549567495164E-02,-18.96840033617));
#1303 = CARTESIAN_POINT('',(-9.569110102421E-02,-18.92560586735));
#1304 = CARTESIAN_POINT('',(-9.582509685641E-02,-18.88276849901));
#1305 = CARTESIAN_POINT('',(-9.589777637198E-02,-18.83990299009));
#1306 = CARTESIAN_POINT('',(-9.59092184968E-02,-18.79702139682));
#1307 = CARTESIAN_POINT('',(-9.585946716362E-02,-18.75414339081));
#1308 = CARTESIAN_POINT('',(-9.57485677349E-02,-18.71128891254));
#1309 = CARTESIAN_POINT('',(-9.557653836636E-02,-18.66847259679));
#1310 = CARTESIAN_POINT('',(-9.534337208591E-02,-18.62571064087));
#1311 = CARTESIAN_POINT('',(-9.504903619743E-02,-18.58301898628));
#1312 = CARTESIAN_POINT('',(-9.469347253272E-02,-18.54041382669));
#1313 = CARTESIAN_POINT('',(-9.427659686327E-02,-18.49791139398));
#1314 = CARTESIAN_POINT('',(-9.379830149854E-02,-18.45552840707));
#1315 = CARTESIAN_POINT('',(-9.325845157433E-02,-18.41328164365));
#1316 = CARTESIAN_POINT('',(-9.265688829519E-02,-18.37118831869));
#1317 = CARTESIAN_POINT('',(-9.199342860217E-02,-18.32926607023));
#1318 = CARTESIAN_POINT('',(-9.126786564629E-02,-18.28753299064));
#1319 = CARTESIAN_POINT('',(-9.04799668535E-02,-18.24600751465));
#1320 = CARTESIAN_POINT('',(-8.962948179822E-02,-18.20470889197));
#1321 = CARTESIAN_POINT('',(-8.87161328221E-02,-18.16365675804));
#1322 = CARTESIAN_POINT('',(-8.773962345661E-02,-18.1228715034));
#1323 = CARTESIAN_POINT('',(-8.669963888103E-02,-18.08237432724));
#1324 = CARTESIAN_POINT('',(-8.559584675032E-02,-18.04218725655));
#1325 = CARTESIAN_POINT('',(-8.442789273743E-02,-18.00233301393));
#1326 = CARTESIAN_POINT('',(-8.319541944584E-02,-17.96283560176));
#1327 = CARTESIAN_POINT('',(-8.189804577816E-02,-17.92371979104));
#1328 = CARTESIAN_POINT('',(-8.0535388123E-02,-17.88501157907));
#1329 = CARTESIAN_POINT('',(-7.910706101475E-02,-17.84673824261));
#1330 = CARTESIAN_POINT('',(-7.761267947919E-02,-17.8089283777));
#1331 = CARTESIAN_POINT('',(-7.605184781496E-02,-17.77161168541));
#1332 = CARTESIAN_POINT('',(-7.442422417832E-02,-17.73482029678));
#1333 = CARTESIAN_POINT('',(-7.272942863334E-02,-17.69858663475));
#1334 = CARTESIAN_POINT('',(-7.096712423244E-02,-17.66294529549));
#1335 = CARTESIAN_POINT('',(-6.913701634278E-02,-17.62793281878));
#1336 = CARTESIAN_POINT('',(-6.723886066062E-02,-17.59358770728));
#1337 = CARTESIAN_POINT('',(-6.527246686383E-02,-17.5599503487));
#1338 = CARTESIAN_POINT('',(-6.32377109501E-02,-17.5270630782));
#1339 = CARTESIAN_POINT('',(-6.113451712194E-02,-17.49496977775));
#1340 = CARTESIAN_POINT('',(-5.896295340314E-02,-17.46371719878));
#1341 = CARTESIAN_POINT('',(-5.672322420139E-02,-17.43335438902));
#1342 = CARTESIAN_POINT('',(-5.441564146907E-02,-17.40393209031));
#1343 = CARTESIAN_POINT('',(-5.204070171891E-02,-17.37550343958));
#1344 = CARTESIAN_POINT('',(-4.959908714298E-02,-17.34812352284));
#1345 = CARTESIAN_POINT('',(-4.709167753509E-02,-17.32184913669));
#1346 = CARTESIAN_POINT('',(-4.451959523976E-02,-17.29673887163));
#1347 = CARTESIAN_POINT('',(-4.188426271822E-02,-17.2728530046));
#1348 = CARTESIAN_POINT('',(-3.918739756092E-02,-17.2502528139));
#1349 = CARTESIAN_POINT('',(-3.643100940831E-02,-17.2290002886));
#1350 = CARTESIAN_POINT('',(-3.455539586881E-02,-17.21577167679));
#1351 = CARTESIAN_POINT('',(-3.36084759652E-02,-17.20940263142));
#1352 = ( GEOMETRIC_REPRESENTATION_CONTEXT(2) 
PARAMETRIC_REPRESENTATION_CONTEXT() REPRESENTATION_CONTEXT('2D SPACE',''
  ) );
#1353 = ORIENTED_EDGE('',*,*,#1037,.F.);
#1354 = ADVANCED_FACE('',(#1355),#255,.T.);
#1355 = FACE_BOUND('',#1356,.T.);
#1356 = EDGE_LOOP('',(#1357,#1358,#1359,#1360,#1361));
#1357 = ORIENTED_EDGE('',*,*,#239,.T.);
#1358 = ORIENTED_EDGE('',*,*,#721,.T.);
#1359 = ORIENTED_EDGE('',*,*,#672,.F.);
#1360 = ORIENTED_EDGE('',*,*,#621,.F.);
#1361 = ORIENTED_EDGE('',*,*,#410,.F.);
#1362 = ADVANCED_FACE('',(#1363),#472,.F.);
#1363 = FACE_BOUND('',#1364,.F.);
#1364 = EDGE_LOOP('',(#1365,#1366,#1388,#1389,#1411,#1412,#1413,#1414));
#1365 = ORIENTED_EDGE('',*,*,#570,.F.);
#1366 = ORIENTED_EDGE('',*,*,#1367,.T.);
#1367 = EDGE_CURVE('',#543,#516,#1368,.T.);
#1368 = SURFACE_CURVE('',#1369,(#1374,#1381),.PCURVE_S1.);
#1369 = CIRCLE('',#1370,18.96);
#1370 = AXIS2_PLACEMENT_3D('',#1371,#1372,#1373);
#1371 = CARTESIAN_POINT('',(-37.8,0.,1.));
#1372 = DIRECTION('',(0.,0.,1.));
#1373 = DIRECTION('',(1.,0.,0.));
#1374 = PCURVE('',#472,#1375);
#1375 = DEFINITIONAL_REPRESENTATION('',(#1376),#1380);
#1376 = LINE('',#1377,#1378);
#1377 = CARTESIAN_POINT('',(-0.,-0.));
#1378 = VECTOR('',#1379,1.);
#1379 = DIRECTION('',(-1.,-0.));
#1380 = ( GEOMETRIC_REPRESENTATION_CONTEXT(2) 
PARAMETRIC_REPRESENTATION_CONTEXT() REPRESENTATION_CONTEXT('2D SPACE',''
  ) );
#1381 = PCURVE('',#558,#1382);
#1382 = DEFINITIONAL_REPRESENTATION('',(#1383),#1387);
#1383 = CIRCLE('',#1384,18.96);
#1384 = AXIS2_PLACEMENT_2D('',#1385,#1386);
#1385 = CARTESIAN_POINT('',(0.,0.));
#1386 = DIRECTION('',(1.,0.));
#1387 = ( GEOMETRIC_REPRESENTATION_CONTEXT(2) 
PARAMETRIC_REPRESENTATION_CONTEXT() REPRESENTATION_CONTEXT('2D SPACE',''
  ) );
#1388 = ORIENTED_EDGE('',*,*,#515,.F.);
#1389 = ORIENTED_EDGE('',*,*,#1390,.F.);
#1390 = EDGE_CURVE('',#456,#488,#1391,.T.);
#1391 = SURFACE_CURVE('',#1392,(#1397,#1404),.PCURVE_S1.);
#1392 = CIRCLE('',#1393,17.26);
#1393 = AXIS2_PLACEMENT_3D('',#1394,#1395,#1396);
#1394 = CARTESIAN_POINT('',(-37.8,0.,27.5));
#1395 = DIRECTION('',(0.,0.,1.));
#1396 = DIRECTION('',(1.,0.,0.));
#1397 = PCURVE('',#472,#1398);
#1398 = DEFINITIONAL_REPRESENTATION('',(#1399),#1403);
#1399 = LINE('',#1400,#1401);
#1400 = CARTESIAN_POINT('',(-0.,-26.5));
#1401 = VECTOR('',#1402,1.);
#1402 = DIRECTION('',(-1.,-0.));
#1403 = ( GEOMETRIC_REPRESENTATION_CONTEXT(2) 
PARAMETRIC_REPRESENTATION_CONTEXT() REPRESENTATION_CONTEXT('2D SPACE',''
  ) );
#1404 = PCURVE('',#503,#1405);
#1405 = DEFINITIONAL_REPRESENTATION('',(#1406),#1410);
#1406 = CIRCLE('',#1407,17.26);
#1407 = AXIS2_PLACEMENT_2D('',#1408,#1409);
#1408 = CARTESIAN_POINT('',(0.,0.));
#1409 = DIRECTION('',(1.,0.));
#1410 = ( GEOMETRIC_REPRESENTATION_CONTEXT(2) 
PARAMETRIC_REPRESENTATION_CONTEXT() REPRESENTATION_CONTEXT('2D SPACE',''
  ) );
#1411 = ORIENTED_EDGE('',*,*,#455,.F.);
#1412 = ORIENTED_EDGE('',*,*,#1092,.T.);
#1413 = ORIENTED_EDGE('',*,*,#1062,.F.);
#1414 = ORIENTED_EDGE('',*,*,#771,.T.);
#1415 = ADVANCED_FACE('',(#1416),#558,.T.);
#1416 = FACE_BOUND('',#1417,.T.);
#1417 = EDGE_LOOP('',(#1418,#1419));
#1418 = ORIENTED_EDGE('',*,*,#542,.F.);
#1419 = ORIENTED_EDGE('',*,*,#1367,.T.);
#1420 = ADVANCED_FACE('',(#1421),#503,.F.);
#1421 = FACE_BOUND('',#1422,.F.);
#1422 = EDGE_LOOP('',(#1423,#1424));
#1423 = ORIENTED_EDGE('',*,*,#487,.F.);
#1424 = ORIENTED_EDGE('',*,*,#1390,.T.);
#1425 = ( GEOMETRIC_REPRESENTATION_CONTEXT(3) 
GLOBAL_UNCERTAINTY_ASSIGNED_CONTEXT((#1429)) 
GLOBAL_UNIT_ASSIGNED_CONTEXT((#1426,#1427,#1428)) REPRESENTATION_CONTEXT
('Context #1','3D Context with UNIT and UNCERTAINTY') );
#1426 = ( LENGTH_UNIT() NAMED_UNIT(*) SI_UNIT(.MILLI.,.METRE.) );
#1427 = ( NAMED_UNIT(*) PLANE_ANGLE_UNIT() SI_UNIT($,.RADIAN.) );
#1428 = ( NAMED_UNIT(*) SI_UNIT($,.STERADIAN.) SOLID_ANGLE_UNIT() );
#1429 = UNCERTAINTY_MEASURE_WITH_UNIT(LENGTH_MEASURE(1.E-07),#1426,
  'distance_accuracy_value','confusion accuracy');
#1430 = CONTEXT_DEPENDENT_SHAPE_REPRESENTATION(#1431,#1433);
#1431 = ( REPRESENTATION_RELATIONSHIP('','',#36,#10) 
REPRESENTATION_RELATIONSHIP_WITH_TRANSFORMATION(#1432) 
SHAPE_REPRESENTATION_RELATIONSHIP() );
#1432 = ITEM_DEFINED_TRANSFORMATION('','',#11,#15);
#1433 = PRODUCT_DEFINITION_SHAPE('Placement','Placement of an item',
  #1434);
#1434 = NEXT_ASSEMBLY_USAGE_OCCURRENCE('1','','',#5,#31,$);
#1435 = PRODUCT_RELATED_PRODUCT_CATEGORY('part',$,(#33));
#1436 = SHAPE_DEFINITION_REPRESENTATION(#1437,#1443);
#1437 = PRODUCT_DEFINITION_SHAPE('','',#1438);
#1438 = PRODUCT_DEFINITION('design','',#1439,#1442);
#1439 = PRODUCT_DEFINITION_FORMATION('','',#1440);
#1440 = PRODUCT('Open CASCADE STEP translator 7.8 1.2',
  'Open CASCADE STEP translator 7.8 1.2','',(#1441));
#1441 = PRODUCT_CONTEXT('',#2,'mechanical');
#1442 = PRODUCT_DEFINITION_CONTEXT('part definition',#2,'design');
#1443 = ADVANCED_BREP_SHAPE_REPRESENTATION('',(#11,#1444),#2584);
#1444 = MANIFOLD_SOLID_BREP('',#1445);
#1445 = CLOSED_SHELL('',(#1446,#1595,#1788,#1838,#1887,#1936,#2150,#2158
    ,#2324,#2377,#2521,#2574,#2579));
#1446 = ADVANCED_FACE('',(#1447),#1461,.F.);
#1447 = FACE_BOUND('',#1448,.F.);
#1448 = EDGE_LOOP('',(#1449,#1484,#1512,#1540,#1568));
#1449 = ORIENTED_EDGE('',*,*,#1450,.T.);
#1450 = EDGE_CURVE('',#1451,#1453,#1455,.T.);
#1451 = VERTEX_POINT('',#1452);
#1452 = CARTESIAN_POINT('',(-14.3,-13.2947358003,0.));
#1453 = VERTEX_POINT('',#1454);
#1454 = CARTESIAN_POINT('',(-14.3,-0.6,0.));
#1455 = SURFACE_CURVE('',#1456,(#1460,#1472),.PCURVE_S1.);
#1456 = LINE('',#1457,#1458);
#1457 = CARTESIAN_POINT('',(-14.3,-23.5,0.));
#1458 = VECTOR('',#1459,1.);
#1459 = DIRECTION('',(0.,1.,0.));
#1460 = PCURVE('',#1461,#1466);
#1461 = PLANE('',#1462);
#1462 = AXIS2_PLACEMENT_3D('',#1463,#1464,#1465);
#1463 = CARTESIAN_POINT('',(-37.8,-1.102182119233E-15,0.));
#1464 = DIRECTION('',(0.,0.,1.));
#1465 = DIRECTION('',(1.,0.,-0.));
#1466 = DEFINITIONAL_REPRESENTATION('',(#1467),#1471);
#1467 = LINE('',#1468,#1469);
#1468 = CARTESIAN_POINT('',(23.5,-23.5));
#1469 = VECTOR('',#1470,1.);
#1470 = DIRECTION('',(0.,1.));
#1471 = ( GEOMETRIC_REPRESENTATION_CONTEXT(2) 
PARAMETRIC_REPRESENTATION_CONTEXT() REPRESENTATION_CONTEXT('2D SPACE',''
  ) );
#1472 = PCURVE('',#1473,#1478);
#1473 = PLANE('',#1474);
#1474 = AXIS2_PLACEMENT_3D('',#1475,#1476,#1477);
#1475 = CARTESIAN_POINT('',(-14.3,-47.,-2.));
#1476 = DIRECTION('',(1.,0.,0.));
#1477 = DIRECTION('',(0.,0.,1.));
#1478 = DEFINITIONAL_REPRESENTATION('',(#1479),#1483);
#1479 = LINE('',#1480,#1481);
#1480 = CARTESIAN_POINT('',(2.,-23.5));
#1481 = VECTOR('',#1482,1.);
#1482 = DIRECTION('',(0.,-1.));
#1483 = ( GEOMETRIC_REPRESENTATION_CONTEXT(2) 
PARAMETRIC_REPRESENTATION_CONTEXT() REPRESENTATION_CONTEXT('2D SPACE',''
  ) );
#1484 = ORIENTED_EDGE('',*,*,#1485,.T.);
#1485 = EDGE_CURVE('',#1453,#1486,#1488,.T.);
#1486 = VERTEX_POINT('',#1487);
#1487 = CARTESIAN_POINT('',(-73.8,-0.6,0.));
#1488 = SURFACE_CURVE('',#1489,(#1493,#1500),.PCURVE_S1.);
#1489 = LINE('',#1490,#1491);
#1490 = CARTESIAN_POINT('',(-56.3,-0.6,0.));
#1491 = VECTOR('',#1492,1.);
#1492 = DIRECTION('',(-1.,0.,0.));
#1493 = PCURVE('',#1461,#1494);
#1494 = DEFINITIONAL_REPRESENTATION('',(#1495),#1499);
#1495 = LINE('',#1496,#1497);
#1496 = CARTESIAN_POINT('',(-18.5,-0.6));
#1497 = VECTOR('',#1498,1.);
#1498 = DIRECTION('',(-1.,0.));
#1499 = ( GEOMETRIC_REPRESENTATION_CONTEXT(2) 
PARAMETRIC_REPRESENTATION_CONTEXT() REPRESENTATION_CONTEXT('2D SPACE',''
  ) );
#1500 = PCURVE('',#1501,#1506);
#1501 = PLANE('',#1502);
#1502 = AXIS2_PLACEMENT_3D('',#1503,#1504,#1505);
#1503 = CARTESIAN_POINT('',(-74.8,-0.6,-1.));
#1504 = DIRECTION('',(0.,1.,0.));
#1505 = DIRECTION('',(0.,0.,1.));
#1506 = DEFINITIONAL_REPRESENTATION('',(#1507),#1511);
#1507 = LINE('',#1508,#1509);
#1508 = CARTESIAN_POINT('',(1.,18.5));
#1509 = VECTOR('',#1510,1.);
#1510 = DIRECTION('',(0.,-1.));
#1511 = ( GEOMETRIC_REPRESENTATION_CONTEXT(2) 
PARAMETRIC_REPRESENTATION_CONTEXT() REPRESENTATION_CONTEXT('2D SPACE',''
  ) );
#1512 = ORIENTED_EDGE('',*,*,#1513,.F.);
#1513 = EDGE_CURVE('',#1514,#1486,#1516,.T.);
#1514 = VERTEX_POINT('',#1515);
#1515 = CARTESIAN_POINT('',(-73.8,-4.,0.));
#1516 = SURFACE_CURVE('',#1517,(#1521,#1528),.PCURVE_S1.);
#1517 = LINE('',#1518,#1519);
#1518 = CARTESIAN_POINT('',(-73.8,-4.,0.));
#1519 = VECTOR('',#1520,1.);
#1520 = DIRECTION('',(0.,1.,0.));
#1521 = PCURVE('',#1461,#1522);
#1522 = DEFINITIONAL_REPRESENTATION('',(#1523),#1527);
#1523 = LINE('',#1524,#1525);
#1524 = CARTESIAN_POINT('',(-36.,-4.));
#1525 = VECTOR('',#1526,1.);
#1526 = DIRECTION('',(0.,1.));
#1527 = ( GEOMETRIC_REPRESENTATION_CONTEXT(2) 
PARAMETRIC_REPRESENTATION_CONTEXT() REPRESENTATION_CONTEXT('2D SPACE',''
  ) );
#1528 = PCURVE('',#1529,#1534);
#1529 = PLANE('',#1530);
#1530 = AXIS2_PLACEMENT_3D('',#1531,#1532,#1533);
#1531 = CARTESIAN_POINT('',(-73.8,-4.,0.));
#1532 = DIRECTION('',(1.,0.,0.));
#1533 = DIRECTION('',(0.,0.,1.));
#1534 = DEFINITIONAL_REPRESENTATION('',(#1535),#1539);
#1535 = LINE('',#1536,#1537);
#1536 = CARTESIAN_POINT('',(0.,0.));
#1537 = VECTOR('',#1538,1.);
#1538 = DIRECTION('',(0.,-1.));
#1539 = ( GEOMETRIC_REPRESENTATION_CONTEXT(2) 
PARAMETRIC_REPRESENTATION_CONTEXT() REPRESENTATION_CONTEXT('2D SPACE',''
  ) );
#1540 = ORIENTED_EDGE('',*,*,#1541,.T.);
#1541 = EDGE_CURVE('',#1514,#1542,#1544,.T.);
#1542 = VERTEX_POINT('',#1543);
#1543 = CARTESIAN_POINT('',(-64.50205984563,-4.,0.));
#1544 = SURFACE_CURVE('',#1545,(#1549,#1556),.PCURVE_S1.);
#1545 = LINE('',#1546,#1547);
#1546 = CARTESIAN_POINT('',(-73.8,-4.,0.));
#1547 = VECTOR('',#1548,1.);
#1548 = DIRECTION('',(1.,0.,0.));
#1549 = PCURVE('',#1461,#1550);
#1550 = DEFINITIONAL_REPRESENTATION('',(#1551),#1555);
#1551 = LINE('',#1552,#1553);
#1552 = CARTESIAN_POINT('',(-36.,-4.));
#1553 = VECTOR('',#1554,1.);
#1554 = DIRECTION('',(1.,0.));
#1555 = ( GEOMETRIC_REPRESENTATION_CONTEXT(2) 
PARAMETRIC_REPRESENTATION_CONTEXT() REPRESENTATION_CONTEXT('2D SPACE',''
  ) );
#1556 = PCURVE('',#1557,#1562);
#1557 = PLANE('',#1558);
#1558 = AXIS2_PLACEMENT_3D('',#1559,#1560,#1561);
#1559 = CARTESIAN_POINT('',(-73.8,-4.,0.));
#1560 = DIRECTION('',(0.,1.,0.));
#1561 = DIRECTION('',(0.,0.,1.));
#1562 = DEFINITIONAL_REPRESENTATION('',(#1563),#1567);
#1563 = LINE('',#1564,#1565);
#1564 = CARTESIAN_POINT('',(0.,0.));
#1565 = VECTOR('',#1566,1.);
#1566 = DIRECTION('',(0.,1.));
#1567 = ( GEOMETRIC_REPRESENTATION_CONTEXT(2) 
PARAMETRIC_REPRESENTATION_CONTEXT() REPRESENTATION_CONTEXT('2D SPACE',''
  ) );
#1568 = ORIENTED_EDGE('',*,*,#1569,.T.);
#1569 = EDGE_CURVE('',#1542,#1451,#1570,.T.);
#1570 = SURFACE_CURVE('',#1571,(#1576,#1583),.PCURVE_S1.);
#1571 = CIRCLE('',#1572,27.);
#1572 = AXIS2_PLACEMENT_3D('',#1573,#1574,#1575);
#1573 = CARTESIAN_POINT('',(-37.8,0.,0.));
#1574 = DIRECTION('',(0.,0.,1.));
#1575 = DIRECTION('',(1.,0.,0.));
#1576 = PCURVE('',#1461,#1577);
#1577 = DEFINITIONAL_REPRESENTATION('',(#1578),#1582);
#1578 = CIRCLE('',#1579,27.);
#1579 = AXIS2_PLACEMENT_2D('',#1580,#1581);
#1580 = CARTESIAN_POINT('',(0.,1.102182119233E-15));
#1581 = DIRECTION('',(1.,0.));
#1582 = ( GEOMETRIC_REPRESENTATION_CONTEXT(2) 
PARAMETRIC_REPRESENTATION_CONTEXT() REPRESENTATION_CONTEXT('2D SPACE',''
  ) );
#1583 = PCURVE('',#1584,#1589);
#1584 = CYLINDRICAL_SURFACE('',#1585,27.);
#1585 = AXIS2_PLACEMENT_3D('',#1586,#1587,#1588);
#1586 = CARTESIAN_POINT('',(-37.8,0.,0.));
#1587 = DIRECTION('',(-0.,-0.,-1.));
#1588 = DIRECTION('',(1.,0.,0.));
#1589 = DEFINITIONAL_REPRESENTATION('',(#1590),#1594);
#1590 = LINE('',#1591,#1592);
#1591 = CARTESIAN_POINT('',(-0.,0.));
#1592 = VECTOR('',#1593,1.);
#1593 = DIRECTION('',(-1.,0.));
#1594 = ( GEOMETRIC_REPRESENTATION_CONTEXT(2) 
PARAMETRIC_REPRESENTATION_CONTEXT() REPRESENTATION_CONTEXT('2D SPACE',''
  ) );
#1595 = ADVANCED_FACE('',(#1596),#1473,.T.);
#1596 = FACE_BOUND('',#1597,.T.);
#1597 = EDGE_LOOP('',(#1598,#1621,#1622,#1645,#1678,#1706,#1739,#1762));
#1598 = ORIENTED_EDGE('',*,*,#1599,.T.);
#1599 = EDGE_CURVE('',#1600,#1451,#1602,.T.);
#1600 = VERTEX_POINT('',#1601);
#1601 = CARTESIAN_POINT('',(-14.3,-13.2947358003,30.));
#1602 = SURFACE_CURVE('',#1603,(#1607,#1614),.PCURVE_S1.);
#1603 = LINE('',#1604,#1605);
#1604 = CARTESIAN_POINT('',(-14.3,-13.2947358003,0.));
#1605 = VECTOR('',#1606,1.);
#1606 = DIRECTION('',(-0.,-0.,-1.));
#1607 = PCURVE('',#1473,#1608);
#1608 = DEFINITIONAL_REPRESENTATION('',(#1609),#1613);
#1609 = LINE('',#1610,#1611);
#1610 = CARTESIAN_POINT('',(2.,-33.70526419969));
#1611 = VECTOR('',#1612,1.);
#1612 = DIRECTION('',(-1.,0.));
#1613 = ( GEOMETRIC_REPRESENTATION_CONTEXT(2) 
PARAMETRIC_REPRESENTATION_CONTEXT() REPRESENTATION_CONTEXT('2D SPACE',''
  ) );
#1614 = PCURVE('',#1584,#1615);
#1615 = DEFINITIONAL_REPRESENTATION('',(#1616),#1620);
#1616 = LINE('',#1617,#1618);
#1617 = CARTESIAN_POINT('',(-5.768342979049,0.));
#1618 = VECTOR('',#1619,1.);
#1619 = DIRECTION('',(-0.,1.));
#1620 = ( GEOMETRIC_REPRESENTATION_CONTEXT(2) 
PARAMETRIC_REPRESENTATION_CONTEXT() REPRESENTATION_CONTEXT('2D SPACE',''
  ) );
#1621 = ORIENTED_EDGE('',*,*,#1450,.T.);
#1622 = ORIENTED_EDGE('',*,*,#1623,.F.);
#1623 = EDGE_CURVE('',#1624,#1453,#1626,.T.);
#1624 = VERTEX_POINT('',#1625);
#1625 = CARTESIAN_POINT('',(-14.3,-0.6,8.309402627941));
#1626 = SURFACE_CURVE('',#1627,(#1631,#1638),.PCURVE_S1.);
#1627 = LINE('',#1628,#1629);
#1628 = CARTESIAN_POINT('',(-14.3,-0.6,-1.5));
#1629 = VECTOR('',#1630,1.);
#1630 = DIRECTION('',(0.,0.,-1.));
#1631 = PCURVE('',#1473,#1632);
#1632 = DEFINITIONAL_REPRESENTATION('',(#1633),#1637);
#1633 = LINE('',#1634,#1635);
#1634 = CARTESIAN_POINT('',(0.5,-46.4));
#1635 = VECTOR('',#1636,1.);
#1636 = DIRECTION('',(-1.,0.));
#1637 = ( GEOMETRIC_REPRESENTATION_CONTEXT(2) 
PARAMETRIC_REPRESENTATION_CONTEXT() REPRESENTATION_CONTEXT('2D SPACE',''
  ) );
#1638 = PCURVE('',#1501,#1639);
#1639 = DEFINITIONAL_REPRESENTATION('',(#1640),#1644);
#1640 = LINE('',#1641,#1642);
#1641 = CARTESIAN_POINT('',(-0.5,60.5));
#1642 = VECTOR('',#1643,1.);
#1643 = DIRECTION('',(-1.,0.));
#1644 = ( GEOMETRIC_REPRESENTATION_CONTEXT(2) 
PARAMETRIC_REPRESENTATION_CONTEXT() REPRESENTATION_CONTEXT('2D SPACE',''
  ) );
#1645 = ORIENTED_EDGE('',*,*,#1646,.T.);
#1646 = EDGE_CURVE('',#1624,#1647,#1649,.T.);
#1647 = VERTEX_POINT('',#1648);
#1648 = CARTESIAN_POINT('',(-14.3,-0.6,11.490597372059));
#1649 = SURFACE_CURVE('',#1650,(#1655,#1666),.PCURVE_S1.);
#1650 = CIRCLE('',#1651,1.7);
#1651 = AXIS2_PLACEMENT_3D('',#1652,#1653,#1654);
#1652 = CARTESIAN_POINT('',(-14.3,0.,9.9));
#1653 = DIRECTION('',(-1.,0.,0.));
#1654 = DIRECTION('',(0.,1.,0.));
#1655 = PCURVE('',#1473,#1656);
#1656 = DEFINITIONAL_REPRESENTATION('',(#1657),#1665);
#1657 = ( BOUNDED_CURVE() B_SPLINE_CURVE(2,(#1658,#1659,#1660,#1661,
#1662,#1663,#1664),.UNSPECIFIED.,.T.,.F.) B_SPLINE_CURVE_WITH_KNOTS((1,2
    ,2,2,2,1),(-2.094395102393,0.,2.094395102393,4.188790204786,
6.28318530718,8.377580409573),.UNSPECIFIED.) CURVE() 
GEOMETRIC_REPRESENTATION_ITEM() RATIONAL_B_SPLINE_CURVE((1.,0.5,1.,0.5,
1.,0.5,1.)) REPRESENTATION_ITEM('') );
#1658 = CARTESIAN_POINT('',(11.9,-48.7));
#1659 = CARTESIAN_POINT('',(8.955513627133,-48.7));
#1660 = CARTESIAN_POINT('',(10.427756813566,-46.15));
#1661 = CARTESIAN_POINT('',(11.9,-43.6));
#1662 = CARTESIAN_POINT('',(13.372243186434,-46.15));
#1663 = CARTESIAN_POINT('',(14.844486372867,-48.7));
#1664 = CARTESIAN_POINT('',(11.9,-48.7));
#1665 = ( GEOMETRIC_REPRESENTATION_CONTEXT(2) 
PARAMETRIC_REPRESENTATION_CONTEXT() REPRESENTATION_CONTEXT('2D SPACE',''
  ) );
#1666 = PCURVE('',#1667,#1672);
#1667 = CYLINDRICAL_SURFACE('',#1668,1.7);
#1668 = AXIS2_PLACEMENT_3D('',#1669,#1670,#1671);
#1669 = CARTESIAN_POINT('',(-37.8,0.,9.9));
#1670 = DIRECTION('',(-1.,-0.,-0.));
#1671 = DIRECTION('',(0.,1.,0.));
#1672 = DEFINITIONAL_REPRESENTATION('',(#1673),#1677);
#1673 = LINE('',#1674,#1675);
#1674 = CARTESIAN_POINT('',(-6.28318530718,-23.5));
#1675 = VECTOR('',#1676,1.);
#1676 = DIRECTION('',(1.,-0.));
#1677 = ( GEOMETRIC_REPRESENTATION_CONTEXT(2) 
PARAMETRIC_REPRESENTATION_CONTEXT() REPRESENTATION_CONTEXT('2D SPACE',''
  ) );
#1678 = ORIENTED_EDGE('',*,*,#1679,.F.);
#1679 = EDGE_CURVE('',#1680,#1647,#1682,.T.);
#1680 = VERTEX_POINT('',#1681);
#1681 = CARTESIAN_POINT('',(-14.3,-0.6,18.209402627941));
#1682 = SURFACE_CURVE('',#1683,(#1687,#1694),.PCURVE_S1.);
#1683 = LINE('',#1684,#1685);
#1684 = CARTESIAN_POINT('',(-14.3,-0.6,-1.5));
#1685 = VECTOR('',#1686,1.);
#1686 = DIRECTION('',(0.,0.,-1.));
#1687 = PCURVE('',#1473,#1688);
#1688 = DEFINITIONAL_REPRESENTATION('',(#1689),#1693);
#1689 = LINE('',#1690,#1691);
#1690 = CARTESIAN_POINT('',(0.5,-46.4));
#1691 = VECTOR('',#1692,1.);
#1692 = DIRECTION('',(-1.,0.));
#1693 = ( GEOMETRIC_REPRESENTATION_CONTEXT(2) 
PARAMETRIC_REPRESENTATION_CONTEXT() REPRESENTATION_CONTEXT('2D SPACE',''
  ) );
#1694 = PCURVE('',#1695,#1700);
#1695 = PLANE('',#1696);
#1696 = AXIS2_PLACEMENT_3D('',#1697,#1698,#1699);
#1697 = CARTESIAN_POINT('',(-74.8,-0.6,-1.));
#1698 = DIRECTION('',(0.,1.,0.));
#1699 = DIRECTION('',(0.,0.,1.));
#1700 = DEFINITIONAL_REPRESENTATION('',(#1701),#1705);
#1701 = LINE('',#1702,#1703);
#1702 = CARTESIAN_POINT('',(-0.5,60.5));
#1703 = VECTOR('',#1704,1.);
#1704 = DIRECTION('',(-1.,0.));
#1705 = ( GEOMETRIC_REPRESENTATION_CONTEXT(2) 
PARAMETRIC_REPRESENTATION_CONTEXT() REPRESENTATION_CONTEXT('2D SPACE',''
  ) );
#1706 = ORIENTED_EDGE('',*,*,#1707,.T.);
#1707 = EDGE_CURVE('',#1680,#1708,#1710,.T.);
#1708 = VERTEX_POINT('',#1709);
#1709 = CARTESIAN_POINT('',(-14.3,-0.6,21.390597372059));
#1710 = SURFACE_CURVE('',#1711,(#1716,#1727),.PCURVE_S1.);
#1711 = CIRCLE('',#1712,1.7);
#1712 = AXIS2_PLACEMENT_3D('',#1713,#1714,#1715);
#1713 = CARTESIAN_POINT('',(-14.3,0.,19.8));
#1714 = DIRECTION('',(-1.,0.,0.));
#1715 = DIRECTION('',(0.,1.,0.));
#1716 = PCURVE('',#1473,#1717);
#1717 = DEFINITIONAL_REPRESENTATION('',(#1718),#1726);
#1718 = ( BOUNDED_CURVE() B_SPLINE_CURVE(2,(#1719,#1720,#1721,#1722,
#1723,#1724,#1725),.UNSPECIFIED.,.T.,.F.) B_SPLINE_CURVE_WITH_KNOTS((1,2
    ,2,2,2,1),(-2.094395102393,0.,2.094395102393,4.188790204786,
6.28318530718,8.377580409573),.UNSPECIFIED.) CURVE() 
GEOMETRIC_REPRESENTATION_ITEM() RATIONAL_B_SPLINE_CURVE((1.,0.5,1.,0.5,
1.,0.5,1.)) REPRESENTATION_ITEM('') );
#1719 = CARTESIAN_POINT('',(21.8,-48.7));
#1720 = CARTESIAN_POINT('',(18.855513627133,-48.7));
#1721 = CARTESIAN_POINT('',(20.327756813566,-46.15));
#1722 = CARTESIAN_POINT('',(21.8,-43.6));
#1723 = CARTESIAN_POINT('',(23.272243186434,-46.15));
#1724 = CARTESIAN_POINT('',(24.744486372867,-48.7));
#1725 = CARTESIAN_POINT('',(21.8,-48.7));
#1726 = ( GEOMETRIC_REPRESENTATION_CONTEXT(2) 
PARAMETRIC_REPRESENTATION_CONTEXT() REPRESENTATION_CONTEXT('2D SPACE',''
  ) );
#1727 = PCURVE('',#1728,#1733);
#1728 = CYLINDRICAL_SURFACE('',#1729,1.7);
#1729 = AXIS2_PLACEMENT_3D('',#1730,#1731,#1732);
#1730 = CARTESIAN_POINT('',(-37.8,0.,19.8));
#1731 = DIRECTION('',(-1.,-0.,-0.));
#1732 = DIRECTION('',(0.,1.,0.));
#1733 = DEFINITIONAL_REPRESENTATION('',(#1734),#1738);
#1734 = LINE('',#1735,#1736);
#1735 = CARTESIAN_POINT('',(-6.28318530718,-23.5));
#1736 = VECTOR('',#1737,1.);
#1737 = DIRECTION('',(1.,-0.));
#1738 = ( GEOMETRIC_REPRESENTATION_CONTEXT(2) 
PARAMETRIC_REPRESENTATION_CONTEXT() REPRESENTATION_CONTEXT('2D SPACE',''
  ) );
#1739 = ORIENTED_EDGE('',*,*,#1740,.F.);
#1740 = EDGE_CURVE('',#1741,#1708,#1743,.T.);
#1741 = VERTEX_POINT('',#1742);
#1742 = CARTESIAN_POINT('',(-14.3,-0.6,30.));
#1743 = SURFACE_CURVE('',#1744,(#1748,#1755),.PCURVE_S1.);
#1744 = LINE('',#1745,#1746);
#1745 = CARTESIAN_POINT('',(-14.3,-0.6,-1.5));
#1746 = VECTOR('',#1747,1.);
#1747 = DIRECTION('',(0.,0.,-1.));
#1748 = PCURVE('',#1473,#1749);
#1749 = DEFINITIONAL_REPRESENTATION('',(#1750),#1754);
#1750 = LINE('',#1751,#1752);
#1751 = CARTESIAN_POINT('',(0.5,-46.4));
#1752 = VECTOR('',#1753,1.);
#1753 = DIRECTION('',(-1.,0.));
#1754 = ( GEOMETRIC_REPRESENTATION_CONTEXT(2) 
PARAMETRIC_REPRESENTATION_CONTEXT() REPRESENTATION_CONTEXT('2D SPACE',''
  ) );
#1755 = PCURVE('',#1501,#1756);
#1756 = DEFINITIONAL_REPRESENTATION('',(#1757),#1761);
#1757 = LINE('',#1758,#1759);
#1758 = CARTESIAN_POINT('',(-0.5,60.5));
#1759 = VECTOR('',#1760,1.);
#1760 = DIRECTION('',(-1.,0.));
#1761 = ( GEOMETRIC_REPRESENTATION_CONTEXT(2) 
PARAMETRIC_REPRESENTATION_CONTEXT() REPRESENTATION_CONTEXT('2D SPACE',''
  ) );
#1762 = ORIENTED_EDGE('',*,*,#1763,.F.);
#1763 = EDGE_CURVE('',#1600,#1741,#1764,.T.);
#1764 = SURFACE_CURVE('',#1765,(#1769,#1776),.PCURVE_S1.);
#1765 = LINE('',#1766,#1767);
#1766 = CARTESIAN_POINT('',(-14.3,-25.5,30.));
#1767 = VECTOR('',#1768,1.);
#1768 = DIRECTION('',(0.,1.,0.));
#1769 = PCURVE('',#1473,#1770);
#1770 = DEFINITIONAL_REPRESENTATION('',(#1771),#1775);
#1771 = LINE('',#1772,#1773);
#1772 = CARTESIAN_POINT('',(32.,-21.5));
#1773 = VECTOR('',#1774,1.);
#1774 = DIRECTION('',(0.,-1.));
#1775 = ( GEOMETRIC_REPRESENTATION_CONTEXT(2) 
PARAMETRIC_REPRESENTATION_CONTEXT() REPRESENTATION_CONTEXT('2D SPACE',''
  ) );
#1776 = PCURVE('',#1777,#1782);
#1777 = PLANE('',#1778);
#1778 = AXIS2_PLACEMENT_3D('',#1779,#1780,#1781);
#1779 = CARTESIAN_POINT('',(-11.8,-4.,30.));
#1780 = DIRECTION('',(0.,0.,1.));
#1781 = DIRECTION('',(1.,0.,0.));
#1782 = DEFINITIONAL_REPRESENTATION('',(#1783),#1787);
#1783 = LINE('',#1784,#1785);
#1784 = CARTESIAN_POINT('',(-2.5,-21.5));
#1785 = VECTOR('',#1786,1.);
#1786 = DIRECTION('',(0.,1.));
#1787 = ( GEOMETRIC_REPRESENTATION_CONTEXT(2) 
PARAMETRIC_REPRESENTATION_CONTEXT() REPRESENTATION_CONTEXT('2D SPACE',''
  ) );
#1788 = ADVANCED_FACE('',(#1789),#1584,.T.);
#1789 = FACE_BOUND('',#1790,.F.);
#1790 = EDGE_LOOP('',(#1791,#1815,#1816,#1817));
#1791 = ORIENTED_EDGE('',*,*,#1792,.T.);
#1792 = EDGE_CURVE('',#1793,#1600,#1795,.T.);
#1793 = VERTEX_POINT('',#1794);
#1794 = CARTESIAN_POINT('',(-64.50205984563,-4.,30.));
#1795 = SURFACE_CURVE('',#1796,(#1801,#1808),.PCURVE_S1.);
#1796 = CIRCLE('',#1797,27.);
#1797 = AXIS2_PLACEMENT_3D('',#1798,#1799,#1800);
#1798 = CARTESIAN_POINT('',(-37.8,0.,30.));
#1799 = DIRECTION('',(0.,0.,1.));
#1800 = DIRECTION('',(1.,0.,0.));
#1801 = PCURVE('',#1584,#1802);
#1802 = DEFINITIONAL_REPRESENTATION('',(#1803),#1807);
#1803 = LINE('',#1804,#1805);
#1804 = CARTESIAN_POINT('',(-0.,-30.));
#1805 = VECTOR('',#1806,1.);
#1806 = DIRECTION('',(-1.,0.));
#1807 = ( GEOMETRIC_REPRESENTATION_CONTEXT(2) 
PARAMETRIC_REPRESENTATION_CONTEXT() REPRESENTATION_CONTEXT('2D SPACE',''
  ) );
#1808 = PCURVE('',#1777,#1809);
#1809 = DEFINITIONAL_REPRESENTATION('',(#1810),#1814);
#1810 = CIRCLE('',#1811,27.);
#1811 = AXIS2_PLACEMENT_2D('',#1812,#1813);
#1812 = CARTESIAN_POINT('',(-26.,4.));
#1813 = DIRECTION('',(1.,0.));
#1814 = ( GEOMETRIC_REPRESENTATION_CONTEXT(2) 
PARAMETRIC_REPRESENTATION_CONTEXT() REPRESENTATION_CONTEXT('2D SPACE',''
  ) );
#1815 = ORIENTED_EDGE('',*,*,#1599,.T.);
#1816 = ORIENTED_EDGE('',*,*,#1569,.F.);
#1817 = ORIENTED_EDGE('',*,*,#1818,.F.);
#1818 = EDGE_CURVE('',#1793,#1542,#1819,.T.);
#1819 = SURFACE_CURVE('',#1820,(#1824,#1831),.PCURVE_S1.);
#1820 = LINE('',#1821,#1822);
#1821 = CARTESIAN_POINT('',(-64.50205984563,-4.,0.));
#1822 = VECTOR('',#1823,1.);
#1823 = DIRECTION('',(-0.,-0.,-1.));
#1824 = PCURVE('',#1584,#1825);
#1825 = DEFINITIONAL_REPRESENTATION('',(#1826),#1830);
#1826 = LINE('',#1827,#1828);
#1827 = CARTESIAN_POINT('',(-3.290288147857,0.));
#1828 = VECTOR('',#1829,1.);
#1829 = DIRECTION('',(-0.,1.));
#1830 = ( GEOMETRIC_REPRESENTATION_CONTEXT(2) 
PARAMETRIC_REPRESENTATION_CONTEXT() REPRESENTATION_CONTEXT('2D SPACE',''
  ) );
#1831 = PCURVE('',#1557,#1832);
#1832 = DEFINITIONAL_REPRESENTATION('',(#1833),#1837);
#1833 = LINE('',#1834,#1835);
#1834 = CARTESIAN_POINT('',(0.,9.297940154363));
#1835 = VECTOR('',#1836,1.);
#1836 = DIRECTION('',(-1.,0.));
#1837 = ( GEOMETRIC_REPRESENTATION_CONTEXT(2) 
PARAMETRIC_REPRESENTATION_CONTEXT() REPRESENTATION_CONTEXT('2D SPACE',''
  ) );
#1838 = ADVANCED_FACE('',(#1839),#1557,.F.);
#1839 = FACE_BOUND('',#1840,.F.);
#1840 = EDGE_LOOP('',(#1841,#1842,#1865,#1886));
#1841 = ORIENTED_EDGE('',*,*,#1541,.F.);
#1842 = ORIENTED_EDGE('',*,*,#1843,.T.);
#1843 = EDGE_CURVE('',#1514,#1844,#1846,.T.);
#1844 = VERTEX_POINT('',#1845);
#1845 = CARTESIAN_POINT('',(-73.8,-4.,30.));
#1846 = SURFACE_CURVE('',#1847,(#1851,#1858),.PCURVE_S1.);
#1847 = LINE('',#1848,#1849);
#1848 = CARTESIAN_POINT('',(-73.8,-4.,0.));
#1849 = VECTOR('',#1850,1.);
#1850 = DIRECTION('',(0.,0.,1.));
#1851 = PCURVE('',#1557,#1852);
#1852 = DEFINITIONAL_REPRESENTATION('',(#1853),#1857);
#1853 = LINE('',#1854,#1855);
#1854 = CARTESIAN_POINT('',(0.,0.));
#1855 = VECTOR('',#1856,1.);
#1856 = DIRECTION('',(1.,0.));
#1857 = ( GEOMETRIC_REPRESENTATION_CONTEXT(2) 
PARAMETRIC_REPRESENTATION_CONTEXT() REPRESENTATION_CONTEXT('2D SPACE',''
  ) );
#1858 = PCURVE('',#1529,#1859);
#1859 = DEFINITIONAL_REPRESENTATION('',(#1860),#1864);
#1860 = LINE('',#1861,#1862);
#1861 = CARTESIAN_POINT('',(0.,0.));
#1862 = VECTOR('',#1863,1.);
#1863 = DIRECTION('',(1.,0.));
#1864 = ( GEOMETRIC_REPRESENTATION_CONTEXT(2) 
PARAMETRIC_REPRESENTATION_CONTEXT() REPRESENTATION_CONTEXT('2D SPACE',''
  ) );
#1865 = ORIENTED_EDGE('',*,*,#1866,.T.);
#1866 = EDGE_CURVE('',#1844,#1793,#1867,.T.);
#1867 = SURFACE_CURVE('',#1868,(#1872,#1879),.PCURVE_S1.);
#1868 = LINE('',#1869,#1870);
#1869 = CARTESIAN_POINT('',(-73.8,-4.,30.));
#1870 = VECTOR('',#1871,1.);
#1871 = DIRECTION('',(1.,0.,0.));
#1872 = PCURVE('',#1557,#1873);
#1873 = DEFINITIONAL_REPRESENTATION('',(#1874),#1878);
#1874 = LINE('',#1875,#1876);
#1875 = CARTESIAN_POINT('',(30.,0.));
#1876 = VECTOR('',#1877,1.);
#1877 = DIRECTION('',(0.,1.));
#1878 = ( GEOMETRIC_REPRESENTATION_CONTEXT(2) 
PARAMETRIC_REPRESENTATION_CONTEXT() REPRESENTATION_CONTEXT('2D SPACE',''
  ) );
#1879 = PCURVE('',#1777,#1880);
#1880 = DEFINITIONAL_REPRESENTATION('',(#1881),#1885);
#1881 = LINE('',#1882,#1883);
#1882 = CARTESIAN_POINT('',(-62.,0.));
#1883 = VECTOR('',#1884,1.);
#1884 = DIRECTION('',(1.,0.));
#1885 = ( GEOMETRIC_REPRESENTATION_CONTEXT(2) 
PARAMETRIC_REPRESENTATION_CONTEXT() REPRESENTATION_CONTEXT('2D SPACE',''
  ) );
#1886 = ORIENTED_EDGE('',*,*,#1818,.T.);
#1887 = ADVANCED_FACE('',(#1888),#1529,.F.);
#1888 = FACE_BOUND('',#1889,.F.);
#1889 = EDGE_LOOP('',(#1890,#1913,#1914,#1915));
#1890 = ORIENTED_EDGE('',*,*,#1891,.F.);
#1891 = EDGE_CURVE('',#1844,#1892,#1894,.T.);
#1892 = VERTEX_POINT('',#1893);
#1893 = CARTESIAN_POINT('',(-73.8,-0.6,30.));
#1894 = SURFACE_CURVE('',#1895,(#1899,#1906),.PCURVE_S1.);
#1895 = LINE('',#1896,#1897);
#1896 = CARTESIAN_POINT('',(-73.8,-4.,30.));
#1897 = VECTOR('',#1898,1.);
#1898 = DIRECTION('',(0.,1.,0.));
#1899 = PCURVE('',#1529,#1900);
#1900 = DEFINITIONAL_REPRESENTATION('',(#1901),#1905);
#1901 = LINE('',#1902,#1903);
#1902 = CARTESIAN_POINT('',(30.,0.));
#1903 = VECTOR('',#1904,1.);
#1904 = DIRECTION('',(0.,-1.));
#1905 = ( GEOMETRIC_REPRESENTATION_CONTEXT(2) 
PARAMETRIC_REPRESENTATION_CONTEXT() REPRESENTATION_CONTEXT('2D SPACE',''
  ) );
#1906 = PCURVE('',#1777,#1907);
#1907 = DEFINITIONAL_REPRESENTATION('',(#1908),#1912);
#1908 = LINE('',#1909,#1910);
#1909 = CARTESIAN_POINT('',(-62.,0.));
#1910 = VECTOR('',#1911,1.);
#1911 = DIRECTION('',(0.,1.));
#1912 = ( GEOMETRIC_REPRESENTATION_CONTEXT(2) 
PARAMETRIC_REPRESENTATION_CONTEXT() REPRESENTATION_CONTEXT('2D SPACE',''
  ) );
#1913 = ORIENTED_EDGE('',*,*,#1843,.F.);
#1914 = ORIENTED_EDGE('',*,*,#1513,.T.);
#1915 = ORIENTED_EDGE('',*,*,#1916,.T.);
#1916 = EDGE_CURVE('',#1486,#1892,#1917,.T.);
#1917 = SURFACE_CURVE('',#1918,(#1922,#1929),.PCURVE_S1.);
#1918 = LINE('',#1919,#1920);
#1919 = CARTESIAN_POINT('',(-73.8,-0.6,-0.5));
#1920 = VECTOR('',#1921,1.);
#1921 = DIRECTION('',(0.,0.,1.));
#1922 = PCURVE('',#1529,#1923);
#1923 = DEFINITIONAL_REPRESENTATION('',(#1924),#1928);
#1924 = LINE('',#1925,#1926);
#1925 = CARTESIAN_POINT('',(-0.5,-3.4));
#1926 = VECTOR('',#1927,1.);
#1927 = DIRECTION('',(1.,0.));
#1928 = ( GEOMETRIC_REPRESENTATION_CONTEXT(2) 
PARAMETRIC_REPRESENTATION_CONTEXT() REPRESENTATION_CONTEXT('2D SPACE',''
  ) );
#1929 = PCURVE('',#1501,#1930);
#1930 = DEFINITIONAL_REPRESENTATION('',(#1931),#1935);
#1931 = LINE('',#1932,#1933);
#1932 = CARTESIAN_POINT('',(0.5,1.));
#1933 = VECTOR('',#1934,1.);
#1934 = DIRECTION('',(1.,0.));
#1935 = ( GEOMETRIC_REPRESENTATION_CONTEXT(2) 
PARAMETRIC_REPRESENTATION_CONTEXT() REPRESENTATION_CONTEXT('2D SPACE',''
  ) );
#1936 = ADVANCED_FACE('',(#1937),#1501,.T.);
#1937 = FACE_BOUND('',#1938,.T.);
#1938 = EDGE_LOOP('',(#1939,#1940,#1941,#1942,#1963,#1964,#1987,#2019,
    #2047,#2074,#2102,#2129));
#1939 = ORIENTED_EDGE('',*,*,#1623,.T.);
#1940 = ORIENTED_EDGE('',*,*,#1485,.T.);
#1941 = ORIENTED_EDGE('',*,*,#1916,.T.);
#1942 = ORIENTED_EDGE('',*,*,#1943,.F.);
#1943 = EDGE_CURVE('',#1741,#1892,#1944,.T.);
#1944 = SURFACE_CURVE('',#1945,(#1949,#1956),.PCURVE_S1.);
#1945 = LINE('',#1946,#1947);
#1946 = CARTESIAN_POINT('',(-43.3,-0.6,30.));
#1947 = VECTOR('',#1948,1.);
#1948 = DIRECTION('',(-1.,0.,0.));
#1949 = PCURVE('',#1501,#1950);
#1950 = DEFINITIONAL_REPRESENTATION('',(#1951),#1955);
#1951 = LINE('',#1952,#1953);
#1952 = CARTESIAN_POINT('',(31.,31.5));
#1953 = VECTOR('',#1954,1.);
#1954 = DIRECTION('',(0.,-1.));
#1955 = ( GEOMETRIC_REPRESENTATION_CONTEXT(2) 
PARAMETRIC_REPRESENTATION_CONTEXT() REPRESENTATION_CONTEXT('2D SPACE',''
  ) );
#1956 = PCURVE('',#1777,#1957);
#1957 = DEFINITIONAL_REPRESENTATION('',(#1958),#1962);
#1958 = LINE('',#1959,#1960);
#1959 = CARTESIAN_POINT('',(-31.5,3.4));
#1960 = VECTOR('',#1961,1.);
#1961 = DIRECTION('',(-1.,0.));
#1962 = ( GEOMETRIC_REPRESENTATION_CONTEXT(2) 
PARAMETRIC_REPRESENTATION_CONTEXT() REPRESENTATION_CONTEXT('2D SPACE',''
  ) );
#1963 = ORIENTED_EDGE('',*,*,#1740,.T.);
#1964 = ORIENTED_EDGE('',*,*,#1965,.T.);
#1965 = EDGE_CURVE('',#1708,#1966,#1968,.T.);
#1966 = VERTEX_POINT('',#1967);
#1967 = CARTESIAN_POINT('',(-20.15827619363,-0.6,21.390597372059));
#1968 = SURFACE_CURVE('',#1969,(#1973,#1980),.PCURVE_S1.);
#1969 = LINE('',#1970,#1971);
#1970 = CARTESIAN_POINT('',(-37.8,-0.6,21.390597372059));
#1971 = VECTOR('',#1972,1.);
#1972 = DIRECTION('',(-1.,-0.,-0.));
#1973 = PCURVE('',#1501,#1974);
#1974 = DEFINITIONAL_REPRESENTATION('',(#1975),#1979);
#1975 = LINE('',#1976,#1977);
#1976 = CARTESIAN_POINT('',(22.390597372059,37.));
#1977 = VECTOR('',#1978,1.);
#1978 = DIRECTION('',(0.,-1.));
#1979 = ( GEOMETRIC_REPRESENTATION_CONTEXT(2) 
PARAMETRIC_REPRESENTATION_CONTEXT() REPRESENTATION_CONTEXT('2D SPACE',''
  ) );
#1980 = PCURVE('',#1728,#1981);
#1981 = DEFINITIONAL_REPRESENTATION('',(#1982),#1986);
#1982 = LINE('',#1983,#1984);
#1983 = CARTESIAN_POINT('',(-1.931509047158,0.));
#1984 = VECTOR('',#1985,1.);
#1985 = DIRECTION('',(-0.,1.));
#1986 = ( GEOMETRIC_REPRESENTATION_CONTEXT(2) 
PARAMETRIC_REPRESENTATION_CONTEXT() REPRESENTATION_CONTEXT('2D SPACE',''
  ) );
#1987 = ORIENTED_EDGE('',*,*,#1988,.T.);
#1988 = EDGE_CURVE('',#1966,#1989,#1991,.T.);
#1989 = VERTEX_POINT('',#1990);
#1990 = CARTESIAN_POINT('',(-20.55043188946,-0.6,27.5));
#1991 = SURFACE_CURVE('',#1992,(#1997,#2004),.PCURVE_S1.);
#1992 = HYPERBOLA('',#1993,9.352941176471,0.6);
#1993 = AXIS2_PLACEMENT_3D('',#1994,#1995,#1996);
#1994 = CARTESIAN_POINT('',(-37.8,-0.6,296.55294117647));
#1995 = DIRECTION('',(0.,1.,0.));
#1996 = DIRECTION('',(0.,0.,-1.));
#1997 = PCURVE('',#1501,#1998);
#1998 = DEFINITIONAL_REPRESENTATION('',(#1999),#2003);
#1999 = HYPERBOLA('',#2000,9.352941176471,0.6);
#2000 = AXIS2_PLACEMENT_2D('',#2001,#2002);
#2001 = CARTESIAN_POINT('',(297.55294117647,37.));
#2002 = DIRECTION('',(-1.,0.));
#2003 = ( GEOMETRIC_REPRESENTATION_CONTEXT(2) 
PARAMETRIC_REPRESENTATION_CONTEXT() REPRESENTATION_CONTEXT('2D SPACE',''
  ) );
#2004 = PCURVE('',#2005,#2010);
#2005 = CONICAL_SURFACE('',#2006,18.96,6.406315899547E-02);
#2006 = AXIS2_PLACEMENT_3D('',#2007,#2008,#2009);
#2007 = CARTESIAN_POINT('',(-37.8,0.,1.));
#2008 = DIRECTION('',(-0.,-0.,-1.));
#2009 = DIRECTION('',(1.,0.,0.));
#2010 = DEFINITIONAL_REPRESENTATION('',(#2011),#2018);
#2011 = B_SPLINE_CURVE_WITH_KNOTS('',5,(#2012,#2013,#2014,#2015,#2016,
    #2017),.UNSPECIFIED.,.F.,.F.,(6,6),(-4.146053846561,-4.05206224589),
  .PIECEWISE_BEZIER_KNOTS.);
#2012 = CARTESIAN_POINT('',(-6.25153445331,-5.661044742179E-14));
#2013 = CARTESIAN_POINT('',(-6.250939569762,-5.553116152571));
#2014 = CARTESIAN_POINT('',(-6.250330714701,-10.97568035562));
#2015 = CARTESIAN_POINT('',(-6.249707451046,-16.27178078385));
#2016 = CARTESIAN_POINT('',(-6.249069321286,-21.4453135628));
#2017 = CARTESIAN_POINT('',(-6.248415845499,-26.5));
#2018 = ( GEOMETRIC_REPRESENTATION_CONTEXT(2) 
PARAMETRIC_REPRESENTATION_CONTEXT() REPRESENTATION_CONTEXT('2D SPACE',''
  ) );
#2019 = ORIENTED_EDGE('',*,*,#2020,.T.);
#2020 = EDGE_CURVE('',#1989,#2021,#2023,.T.);
#2021 = VERTEX_POINT('',#2022);
#2022 = CARTESIAN_POINT('',(-55.04956811053,-0.6,27.5));
#2023 = SURFACE_CURVE('',#2024,(#2028,#2035),.PCURVE_S1.);
#2024 = LINE('',#2025,#2026);
#2025 = CARTESIAN_POINT('',(-56.3,-0.6,27.5));
#2026 = VECTOR('',#2027,1.);
#2027 = DIRECTION('',(-1.,0.,0.));
#2028 = PCURVE('',#1501,#2029);
#2029 = DEFINITIONAL_REPRESENTATION('',(#2030),#2034);
#2030 = LINE('',#2031,#2032);
#2031 = CARTESIAN_POINT('',(28.5,18.5));
#2032 = VECTOR('',#2033,1.);
#2033 = DIRECTION('',(0.,-1.));
#2034 = ( GEOMETRIC_REPRESENTATION_CONTEXT(2) 
PARAMETRIC_REPRESENTATION_CONTEXT() REPRESENTATION_CONTEXT('2D SPACE',''
  ) );
#2035 = PCURVE('',#2036,#2041);
#2036 = PLANE('',#2037);
#2037 = AXIS2_PLACEMENT_3D('',#2038,#2039,#2040);
#2038 = CARTESIAN_POINT('',(-37.8,0.,27.5));
#2039 = DIRECTION('',(0.,0.,1.));
#2040 = DIRECTION('',(1.,0.,0.));
#2041 = DEFINITIONAL_REPRESENTATION('',(#2042),#2046);
#2042 = LINE('',#2043,#2044);
#2043 = CARTESIAN_POINT('',(-18.5,-0.6));
#2044 = VECTOR('',#2045,1.);
#2045 = DIRECTION('',(-1.,0.));
#2046 = ( GEOMETRIC_REPRESENTATION_CONTEXT(2) 
PARAMETRIC_REPRESENTATION_CONTEXT() REPRESENTATION_CONTEXT('2D SPACE',''
  ) );
#2047 = ORIENTED_EDGE('',*,*,#2048,.T.);
#2048 = EDGE_CURVE('',#2021,#2049,#2051,.T.);
#2049 = VERTEX_POINT('',#2050);
#2050 = CARTESIAN_POINT('',(-56.75050395108,-0.6,1.));
#2051 = SURFACE_CURVE('',#2052,(#2057,#2064),.PCURVE_S1.);
#2052 = HYPERBOLA('',#2053,9.352941176471,0.6);
#2053 = AXIS2_PLACEMENT_3D('',#2054,#2055,#2056);
#2054 = CARTESIAN_POINT('',(-37.8,-0.6,296.55294117647));
#2055 = DIRECTION('',(0.,1.,0.));
#2056 = DIRECTION('',(0.,0.,-1.));
#2057 = PCURVE('',#1501,#2058);
#2058 = DEFINITIONAL_REPRESENTATION('',(#2059),#2063);
#2059 = HYPERBOLA('',#2060,9.352941176471,0.6);
#2060 = AXIS2_PLACEMENT_2D('',#2061,#2062);
#2061 = CARTESIAN_POINT('',(297.55294117647,37.));
#2062 = DIRECTION('',(-1.,0.));
#2063 = ( GEOMETRIC_REPRESENTATION_CONTEXT(2) 
PARAMETRIC_REPRESENTATION_CONTEXT() REPRESENTATION_CONTEXT('2D SPACE',''
  ) );
#2064 = PCURVE('',#2005,#2065);
#2065 = DEFINITIONAL_REPRESENTATION('',(#2066),#2073);
#2066 = B_SPLINE_CURVE_WITH_KNOTS('',5,(#2067,#2068,#2069,#2070,#2071,
    #2072),.UNSPECIFIED.,.F.,.F.,(6,6),(4.05206224589,4.146053846561),
  .PIECEWISE_BEZIER_KNOTS.);
#2067 = CARTESIAN_POINT('',(-3.17636211527,-26.5));
#2068 = CARTESIAN_POINT('',(-3.175708639483,-21.4453135628));
#2069 = CARTESIAN_POINT('',(-3.175070509724,-16.27178078385));
#2070 = CARTESIAN_POINT('',(-3.174447246069,-10.97568035562));
#2071 = CARTESIAN_POINT('',(-3.173838391008,-5.553116152571));
#2072 = CARTESIAN_POINT('',(-3.173243507459,-5.661044742179E-14));
#2073 = ( GEOMETRIC_REPRESENTATION_CONTEXT(2) 
PARAMETRIC_REPRESENTATION_CONTEXT() REPRESENTATION_CONTEXT('2D SPACE',''
  ) );
#2074 = ORIENTED_EDGE('',*,*,#2075,.F.);
#2075 = EDGE_CURVE('',#2076,#2049,#2078,.T.);
#2076 = VERTEX_POINT('',#2077);
#2077 = CARTESIAN_POINT('',(-18.84949604891,-0.6,1.));
#2078 = SURFACE_CURVE('',#2079,(#2083,#2090),.PCURVE_S1.);
#2079 = LINE('',#2080,#2081);
#2080 = CARTESIAN_POINT('',(-56.3,-0.6,1.));
#2081 = VECTOR('',#2082,1.);
#2082 = DIRECTION('',(-1.,0.,0.));
#2083 = PCURVE('',#1501,#2084);
#2084 = DEFINITIONAL_REPRESENTATION('',(#2085),#2089);
#2085 = LINE('',#2086,#2087);
#2086 = CARTESIAN_POINT('',(2.,18.5));
#2087 = VECTOR('',#2088,1.);
#2088 = DIRECTION('',(0.,-1.));
#2089 = ( GEOMETRIC_REPRESENTATION_CONTEXT(2) 
PARAMETRIC_REPRESENTATION_CONTEXT() REPRESENTATION_CONTEXT('2D SPACE',''
  ) );
#2090 = PCURVE('',#2091,#2096);
#2091 = PLANE('',#2092);
#2092 = AXIS2_PLACEMENT_3D('',#2093,#2094,#2095);
#2093 = CARTESIAN_POINT('',(-37.8,0.,1.));
#2094 = DIRECTION('',(0.,0.,1.));
#2095 = DIRECTION('',(1.,0.,0.));
#2096 = DEFINITIONAL_REPRESENTATION('',(#2097),#2101);
#2097 = LINE('',#2098,#2099);
#2098 = CARTESIAN_POINT('',(-18.5,-0.6));
#2099 = VECTOR('',#2100,1.);
#2100 = DIRECTION('',(-1.,0.));
#2101 = ( GEOMETRIC_REPRESENTATION_CONTEXT(2) 
PARAMETRIC_REPRESENTATION_CONTEXT() REPRESENTATION_CONTEXT('2D SPACE',''
  ) );
#2102 = ORIENTED_EDGE('',*,*,#2103,.T.);
#2103 = EDGE_CURVE('',#2076,#2104,#2106,.T.);
#2104 = VERTEX_POINT('',#2105);
#2105 = CARTESIAN_POINT('',(-19.31864205332,-0.6,8.309402627936));
#2106 = SURFACE_CURVE('',#2107,(#2112,#2119),.PCURVE_S1.);
#2107 = HYPERBOLA('',#2108,9.352941176471,0.6);
#2108 = AXIS2_PLACEMENT_3D('',#2109,#2110,#2111);
#2109 = CARTESIAN_POINT('',(-37.8,-0.6,296.55294117647));
#2110 = DIRECTION('',(0.,1.,0.));
#2111 = DIRECTION('',(0.,0.,-1.));
#2112 = PCURVE('',#1501,#2113);
#2113 = DEFINITIONAL_REPRESENTATION('',(#2114),#2118);
#2114 = HYPERBOLA('',#2115,9.352941176471,0.6);
#2115 = AXIS2_PLACEMENT_2D('',#2116,#2117);
#2116 = CARTESIAN_POINT('',(297.55294117647,37.));
#2117 = DIRECTION('',(-1.,0.));
#2118 = ( GEOMETRIC_REPRESENTATION_CONTEXT(2) 
PARAMETRIC_REPRESENTATION_CONTEXT() REPRESENTATION_CONTEXT('2D SPACE',''
  ) );
#2119 = PCURVE('',#2005,#2120);
#2120 = DEFINITIONAL_REPRESENTATION('',(#2121),#2128);
#2121 = B_SPLINE_CURVE_WITH_KNOTS('',5,(#2122,#2123,#2124,#2125,#2126,
    #2127),.UNSPECIFIED.,.F.,.F.,(6,6),(-4.146053846561,-4.05206224589),
  .PIECEWISE_BEZIER_KNOTS.);
#2122 = CARTESIAN_POINT('',(-6.25153445331,-5.661044742179E-14));
#2123 = CARTESIAN_POINT('',(-6.250939569762,-5.553116152571));
#2124 = CARTESIAN_POINT('',(-6.250330714701,-10.97568035562));
#2125 = CARTESIAN_POINT('',(-6.249707451046,-16.27178078385));
#2126 = CARTESIAN_POINT('',(-6.249069321286,-21.4453135628));
#2127 = CARTESIAN_POINT('',(-6.248415845499,-26.5));
#2128 = ( GEOMETRIC_REPRESENTATION_CONTEXT(2) 
PARAMETRIC_REPRESENTATION_CONTEXT() REPRESENTATION_CONTEXT('2D SPACE',''
  ) );
#2129 = ORIENTED_EDGE('',*,*,#2130,.F.);
#2130 = EDGE_CURVE('',#1624,#2104,#2131,.T.);
#2131 = SURFACE_CURVE('',#2132,(#2136,#2143),.PCURVE_S1.);
#2132 = LINE('',#2133,#2134);
#2133 = CARTESIAN_POINT('',(-37.8,-0.6,8.309402627941));
#2134 = VECTOR('',#2135,1.);
#2135 = DIRECTION('',(-1.,-0.,-0.));
#2136 = PCURVE('',#1501,#2137);
#2137 = DEFINITIONAL_REPRESENTATION('',(#2138),#2142);
#2138 = LINE('',#2139,#2140);
#2139 = CARTESIAN_POINT('',(9.309402627941,37.));
#2140 = VECTOR('',#2141,1.);
#2141 = DIRECTION('',(0.,-1.));
#2142 = ( GEOMETRIC_REPRESENTATION_CONTEXT(2) 
PARAMETRIC_REPRESENTATION_CONTEXT() REPRESENTATION_CONTEXT('2D SPACE',''
  ) );
#2143 = PCURVE('',#1667,#2144);
#2144 = DEFINITIONAL_REPRESENTATION('',(#2145),#2149);
#2145 = LINE('',#2146,#2147);
#2146 = CARTESIAN_POINT('',(-4.351676260021,0.));
#2147 = VECTOR('',#2148,1.);
#2148 = DIRECTION('',(-0.,1.));
#2149 = ( GEOMETRIC_REPRESENTATION_CONTEXT(2) 
PARAMETRIC_REPRESENTATION_CONTEXT() REPRESENTATION_CONTEXT('2D SPACE',''
  ) );
#2150 = ADVANCED_FACE('',(#2151),#1777,.T.);
#2151 = FACE_BOUND('',#2152,.T.);
#2152 = EDGE_LOOP('',(#2153,#2154,#2155,#2156,#2157));
#2153 = ORIENTED_EDGE('',*,*,#1763,.T.);
#2154 = ORIENTED_EDGE('',*,*,#1943,.T.);
#2155 = ORIENTED_EDGE('',*,*,#1891,.F.);
#2156 = ORIENTED_EDGE('',*,*,#1866,.T.);
#2157 = ORIENTED_EDGE('',*,*,#1792,.T.);
#2158 = ADVANCED_FACE('',(#2159),#1728,.F.);
#2159 = FACE_BOUND('',#2160,.T.);
#2160 = EDGE_LOOP('',(#2161,#2162,#2185,#2323));
#2161 = ORIENTED_EDGE('',*,*,#1707,.F.);
#2162 = ORIENTED_EDGE('',*,*,#2163,.T.);
#2163 = EDGE_CURVE('',#1680,#2164,#2166,.T.);
#2164 = VERTEX_POINT('',#2165);
#2165 = CARTESIAN_POINT('',(-19.95408290583,-0.6,18.209402627941));
#2166 = SURFACE_CURVE('',#2167,(#2171,#2178),.PCURVE_S1.);
#2167 = LINE('',#2168,#2169);
#2168 = CARTESIAN_POINT('',(-37.8,-0.6,18.209402627941));
#2169 = VECTOR('',#2170,1.);
#2170 = DIRECTION('',(-1.,-0.,-0.));
#2171 = PCURVE('',#1728,#2172);
#2172 = DEFINITIONAL_REPRESENTATION('',(#2173),#2177);
#2173 = LINE('',#2174,#2175);
#2174 = CARTESIAN_POINT('',(-4.351676260021,0.));
#2175 = VECTOR('',#2176,1.);
#2176 = DIRECTION('',(-0.,1.));
#2177 = ( GEOMETRIC_REPRESENTATION_CONTEXT(2) 
PARAMETRIC_REPRESENTATION_CONTEXT() REPRESENTATION_CONTEXT('2D SPACE',''
  ) );
#2178 = PCURVE('',#1695,#2179);
#2179 = DEFINITIONAL_REPRESENTATION('',(#2180),#2184);
#2180 = LINE('',#2181,#2182);
#2181 = CARTESIAN_POINT('',(19.209402627941,37.));
#2182 = VECTOR('',#2183,1.);
#2183 = DIRECTION('',(0.,-1.));
#2184 = ( GEOMETRIC_REPRESENTATION_CONTEXT(2) 
PARAMETRIC_REPRESENTATION_CONTEXT() REPRESENTATION_CONTEXT('2D SPACE',''
  ) );
#2185 = ORIENTED_EDGE('',*,*,#2186,.F.);
#2186 = EDGE_CURVE('',#1966,#2164,#2187,.T.);
#2187 = SURFACE_CURVE('',#2188,(#2231,#2277),.PCURVE_S1.);
#2188 = B_SPLINE_CURVE_WITH_KNOTS('',6,(#2189,#2190,#2191,#2192,#2193,
    #2194,#2195,#2196,#2197,#2198,#2199,#2200,#2201,#2202,#2203,#2204,
    #2205,#2206,#2207,#2208,#2209,#2210,#2211,#2212,#2213,#2214,#2215,
    #2216,#2217,#2218,#2219,#2220,#2221,#2222,#2223,#2224,#2225,#2226,
    #2227,#2228,#2229,#2230),.UNSPECIFIED.,.F.,.F.,(7,5,5,5,5,5,5,5,7),(
    0.,0.136555402269,0.232593063543,0.306942410719,0.505862915572,
    0.702854764202,0.77538070779,0.868873006115,1.),.UNSPECIFIED.);
#2189 = CARTESIAN_POINT('',(-20.15787976957,-0.558574704165,
    21.405613371851));
#2190 = CARTESIAN_POINT('',(-20.15885924142,-0.663523468387,
    21.369102885606));
#2191 = CARTESIAN_POINT('',(-20.1599519254,-0.763824689419,
    21.324980823804));
#2192 = CARTESIAN_POINT('',(-20.16106272162,-0.858603822055,
    21.274141953642));
#2193 = CARTESIAN_POINT('',(-20.16208391115,-0.94740887925,
    21.217571468678));
#2194 = CARTESIAN_POINT('',(-20.16292420005,-1.030050653282,
    21.156149144735));
#2195 = CARTESIAN_POINT('',(-20.16391804453,-1.160292389941,
    21.044483564927));
#2196 = CARTESIAN_POINT('',(-20.16420139041,-1.211011770247,
    20.99633264984));
#2197 = CARTESIAN_POINT('',(-20.1643312572,-1.258669939272,
    20.946385402047));
#2198 = CARTESIAN_POINT('',(-20.16428513107,-1.30328561067,
    20.894863960814));
#2199 = CARTESIAN_POINT('',(-20.16404418788,-1.344892804615,
    20.841962238022));
#2200 = CARTESIAN_POINT('',(-20.16324375791,-1.413448188308,
    20.745946332784));
#2201 = CARTESIAN_POINT('',(-20.16276847337,-1.441583590037,
    20.703321485442));
#2202 = CARTESIAN_POINT('',(-20.16216008971,-1.467959072027,
    20.660045786186));
#2203 = CARTESIAN_POINT('',(-20.16141260312,-1.492593709786,
    20.616189472846));
#2204 = CARTESIAN_POINT('',(-20.16052109272,-1.515506441407,
    20.571816115913));
#2205 = CARTESIAN_POINT('',(-20.15670089678,-1.593462087612,
    20.40703130397));
#2206 = CARTESIAN_POINT('',(-20.15286225682,-1.63799984808,
    20.28382119314));
#2207 = CARTESIAN_POINT('',(-20.1478904434,-1.670720848713,
    20.158389143162));
#2208 = CARTESIAN_POINT('',(-20.1417593428,-1.691851258398,
    20.031619961167));
#2209 = CARTESIAN_POINT('',(-20.13448682904,-1.70156054865,
    19.904291975272));
#2210 = CARTESIAN_POINT('',(-20.11784152653,-1.698147125374,
    19.651106985938));
#2211 = CARTESIAN_POINT('',(-20.10849377365,-1.685245664384,
    19.525308321651));
#2212 = CARTESIAN_POINT('',(-20.09813148298,-1.661159317955,
    19.40034344558));
#2213 = CARTESIAN_POINT('',(-20.0868500824,-1.625741396052,
    19.276965906045));
#2214 = CARTESIAN_POINT('',(-20.07479877107,-1.578788015232,
    19.156028949326));
#2215 = CARTESIAN_POINT('',(-20.05754743288,-1.498251758827,
    18.995274824585));
#2216 = CARTESIAN_POINT('',(-20.05283009346,-1.474967699568,
    18.952487688595));
#2217 = CARTESIAN_POINT('',(-20.04804850924,-1.450054406737,
    18.910224080409));
#2218 = CARTESIAN_POINT('',(-20.04321522212,-1.423494519847,
    18.868542652931));
#2219 = CARTESIAN_POINT('',(-20.03834447351,-1.395270412077,
    18.827508211152));
#2220 = CARTESIAN_POINT('',(-20.02714564056,-1.326812449025,
    18.735220211131));
#2221 = CARTESIAN_POINT('',(-20.0208036855,-1.285467526394,
    18.684444391888));
#2222 = CARTESIAN_POINT('',(-20.01446027445,-1.241290212287,
    18.635013848321));
#2223 = CARTESIAN_POINT('',(-20.00815581459,-1.194248532865,
    18.587106453434));
#2224 = CARTESIAN_POINT('',(-20.00193711561,-1.144324022923,
    18.540926181876));
#2225 = CARTESIAN_POINT('',(-19.98733014413,-1.017455263747,
    18.4346731065));
#2226 = CARTESIAN_POINT('',(-19.9790768098,-0.937730065083,
    18.376495683911));
#2227 = CARTESIAN_POINT('',(-19.97124382906,-0.852346815957,
    18.32279768259));
#2228 = CARTESIAN_POINT('',(-19.96400871282,-0.761462287961,
    18.27435578324));
#2229 = CARTESIAN_POINT('',(-19.95757438318,-0.665460257924,
    18.232043232357));
#2230 = CARTESIAN_POINT('',(-19.95212598463,-0.565089162635,
    18.196667770463));
#2231 = PCURVE('',#1728,#2232);
#2232 = DEFINITIONAL_REPRESENTATION('',(#2233),#2276);
#2233 = B_SPLINE_CURVE_WITH_KNOTS('',6,(#2234,#2235,#2236,#2237,#2238,
    #2239,#2240,#2241,#2242,#2243,#2244,#2245,#2246,#2247,#2248,#2249,
    #2250,#2251,#2252,#2253,#2254,#2255,#2256,#2257,#2258,#2259,#2260,
    #2261,#2262,#2263,#2264,#2265,#2266,#2267,#2268,#2269,#2270,#2271,
    #2272,#2273,#2274,#2275),.UNSPECIFIED.,.F.,.F.,(7,5,5,5,5,5,5,5,7),(
    0.,0.136555402269,0.232593063543,0.306942410719,0.505862915572,
    0.702854764202,0.77538070779,0.868873006115,1.),.UNSPECIFIED.);
#2234 = CARTESIAN_POINT('',(-1.9055889938,-17.64212023042));
#2235 = CARTESIAN_POINT('',(-1.970952652364,-17.64114075857));
#2236 = CARTESIAN_POINT('',(-2.035205284328,-17.64004807459));
#2237 = CARTESIAN_POINT('',(-2.09819160712,-17.63893727838));
#2238 = CARTESIAN_POINT('',(-2.159883988719,-17.63791608884));
#2239 = CARTESIAN_POINT('',(-2.220306477679,-17.63707579994));
#2240 = CARTESIAN_POINT('',(-2.321222887094,-17.63608195546));
#2241 = CARTESIAN_POINT('',(-2.362308572125,-17.63579860958));
#2242 = CARTESIAN_POINT('',(-2.402845268375,-17.63566874279));
#2243 = CARTESIAN_POINT('',(-2.442868156378,-17.63571486893));
#2244 = CARTESIAN_POINT('',(-2.482415823196,-17.63595581211));
#2245 = CARTESIAN_POINT('',(-2.551814861641,-17.63675624208));
#2246 = CARTESIAN_POINT('',(-2.581837985197,-17.63723152662));
#2247 = CARTESIAN_POINT('',(-2.611620731349,-17.63783991028));
#2248 = CARTESIAN_POINT('',(-2.641182092886,-17.63858739687));
#2249 = CARTESIAN_POINT('',(-2.670540888386,-17.63947890727));
#2250 = CARTESIAN_POINT('',(-2.777772676625,-17.64329910321));
#2251 = CARTESIAN_POINT('',(-2.854491694751,-17.64713774317));
#2252 = CARTESIAN_POINT('',(-2.930274011629,-17.65210955659));
#2253 = CARTESIAN_POINT('',(-3.005422720776,-17.65824065719));
#2254 = CARTESIAN_POINT('',(-3.080238040943,-17.66551317095));
#2255 = CARTESIAN_POINT('',(-3.229183922156,-17.68215847346));
#2256 = CARTESIAN_POINT('',(-3.303279017091,-17.69150622634));
#2257 = CARTESIAN_POINT('',(-3.377703325853,-17.70186851701));
#2258 = CARTESIAN_POINT('',(-3.452752826594,-17.71314991759));
#2259 = CARTESIAN_POINT('',(-3.528728328501,-17.72520122892));
#2260 = CARTESIAN_POINT('',(-3.634492931682,-17.74245256711));
#2261 = CARTESIAN_POINT('',(-3.663130889546,-17.74716990653));
#2262 = CARTESIAN_POINT('',(-3.691963959071,-17.75195149075));
#2263 = CARTESIAN_POINT('',(-3.721010261894,-17.75678477787));
#2264 = CARTESIAN_POINT('',(-3.75028814068,-17.76165552648));
#2265 = CARTESIAN_POINT('',(-3.817880363091,-17.77285435943));
#2266 = CARTESIAN_POINT('',(-3.856358565457,-17.77919631449));
#2267 = CARTESIAN_POINT('',(-3.895293036629,-17.78553972554));
#2268 = CARTESIAN_POINT('',(-3.934721157127,-17.7918441854));
#2269 = CARTESIAN_POINT('',(-3.974677256686,-17.79806288438));
#2270 = CARTESIAN_POINT('',(-4.072021574914,-17.81266985586));
#2271 = CARTESIAN_POINT('',(-4.129947920316,-17.82092319019));
#2272 = CARTESIAN_POINT('',(-4.189065033518,-17.82875617093));
#2273 = CARTESIAN_POINT('',(-4.249400580888,-17.83599128717));
#2274 = CARTESIAN_POINT('',(-4.310934574836,-17.84242561682));
#2275 = CARTESIAN_POINT('',(-4.373536132666,-17.84787401536));
#2276 = ( GEOMETRIC_REPRESENTATION_CONTEXT(2) 
PARAMETRIC_REPRESENTATION_CONTEXT() REPRESENTATION_CONTEXT('2D SPACE',''
  ) );
#2277 = PCURVE('',#2005,#2278);
#2278 = DEFINITIONAL_REPRESENTATION('',(#2279),#2322);
#2279 = B_SPLINE_CURVE_WITH_KNOTS('',6,(#2280,#2281,#2282,#2283,#2284,
    #2285,#2286,#2287,#2288,#2289,#2290,#2291,#2292,#2293,#2294,#2295,
    #2296,#2297,#2298,#2299,#2300,#2301,#2302,#2303,#2304,#2305,#2306,
    #2307,#2308,#2309,#2310,#2311,#2312,#2313,#2314,#2315,#2316,#2317,
    #2318,#2319,#2320,#2321),.UNSPECIFIED.,.F.,.F.,(7,5,5,5,5,5,5,5,7),(
    0.,0.136555402269,0.232593063543,0.306942410719,0.505862915572,
    0.702854764202,0.77538070779,0.868873006115,1.),.UNSPECIFIED.);
#2280 = CARTESIAN_POINT('',(-6.25153445331,-20.40561337185));
#2281 = CARTESIAN_POINT('',(-6.24558989318,-20.3691028856));
#2282 = CARTESIAN_POINT('',(-6.23991019392,-20.3249808238));
#2283 = CARTESIAN_POINT('',(-6.234545251481,-20.27414195364));
#2284 = CARTESIAN_POINT('',(-6.229520907717,-20.21757146867));
#2285 = CARTESIAN_POINT('',(-6.224847995367,-20.15614914473));
#2286 = CARTESIAN_POINT('',(-6.217488641791,-20.04448356492));
#2287 = CARTESIAN_POINT('',(-6.21462431407,-19.99633264984));
#2288 = CARTESIAN_POINT('',(-6.211934562392,-19.94638540204));
#2289 = CARTESIAN_POINT('',(-6.209418316937,-19.89486396081));
#2290 = CARTESIAN_POINT('',(-6.207073621932,-19.84196223802));
#2291 = CARTESIAN_POINT('',(-6.203213784438,-19.74594633278));
#2292 = CARTESIAN_POINT('',(-6.201630954878,-19.70332148544));
#2293 = CARTESIAN_POINT('',(-6.200148448542,-19.66004578618));
#2294 = CARTESIAN_POINT('',(-6.198765157819,-19.61618947284));
#2295 = CARTESIAN_POINT('',(-6.197479976895,-19.57181611591));
#2296 = CARTESIAN_POINT('',(-6.193112857945,-19.40703130397));
#2297 = CARTESIAN_POINT('',(-6.190629259403,-19.28382119314));
#2298 = CARTESIAN_POINT('',(-6.188818102513,-19.15838914316));
#2299 = CARTESIAN_POINT('',(-6.187665522835,-19.03161996116));
#2300 = CARTESIAN_POINT('',(-6.187160568372,-18.90429197527));
#2301 = CARTESIAN_POINT('',(-6.187441682888,-18.65110698593));
#2302 = CARTESIAN_POINT('',(-6.188215215706,-18.52530832165));
#2303 = CARTESIAN_POINT('',(-6.189619816962,-18.40034344558));
#2304 = CARTESIAN_POINT('',(-6.191661915509,-18.27696590604));
#2305 = CARTESIAN_POINT('',(-6.194350902238,-18.15602894932));
#2306 = CARTESIAN_POINT('',(-6.198940910369,-17.99527482458));
#2307 = CARTESIAN_POINT('',(-6.200266182828,-17.95248768859));
#2308 = CARTESIAN_POINT('',(-6.20168243113,-17.9102240804));
#2309 = CARTESIAN_POINT('',(-6.203190522981,-17.86854265293));
#2310 = CARTESIAN_POINT('',(-6.204791341263,-17.82750821115));
#2311 = CARTESIAN_POINT('',(-6.208670069293,-17.73522021113));
#2312 = CARTESIAN_POINT('',(-6.211009818494,-17.68444439188));
#2313 = CARTESIAN_POINT('',(-6.213507010323,-17.63501384832));
#2314 = CARTESIAN_POINT('',(-6.216163219257,-17.58710645343));
#2315 = CARTESIAN_POINT('',(-6.218979283873,-17.54092618187));
#2316 = CARTESIAN_POINT('',(-6.226128510941,-17.4346731065));
#2317 = CARTESIAN_POINT('',(-6.230615723374,-17.37649568391));
#2318 = CARTESIAN_POINT('',(-6.23541594252,-17.32279768259));
#2319 = CARTESIAN_POINT('',(-6.240520091456,-17.27435578324));
#2320 = CARTESIAN_POINT('',(-6.245906729208,-17.23204323235));
#2321 = CARTESIAN_POINT('',(-6.25153445331,-17.19666777046));
#2322 = ( GEOMETRIC_REPRESENTATION_CONTEXT(2) 
PARAMETRIC_REPRESENTATION_CONTEXT() REPRESENTATION_CONTEXT('2D SPACE',''
  ) );
#2323 = ORIENTED_EDGE('',*,*,#1965,.F.);
#2324 = ADVANCED_FACE('',(#2325),#1695,.T.);
#2325 = FACE_BOUND('',#2326,.T.);
#2326 = EDGE_LOOP('',(#2327,#2328,#2329,#2352));
#2327 = ORIENTED_EDGE('',*,*,#2163,.F.);
#2328 = ORIENTED_EDGE('',*,*,#1679,.T.);
#2329 = ORIENTED_EDGE('',*,*,#2330,.T.);
#2330 = EDGE_CURVE('',#1647,#2331,#2333,.T.);
#2331 = VERTEX_POINT('',#2332);
#2332 = CARTESIAN_POINT('',(-19.52282741673,-0.6,11.490597372059));
#2333 = SURFACE_CURVE('',#2334,(#2338,#2345),.PCURVE_S1.);
#2334 = LINE('',#2335,#2336);
#2335 = CARTESIAN_POINT('',(-37.8,-0.6,11.490597372059));
#2336 = VECTOR('',#2337,1.);
#2337 = DIRECTION('',(-1.,-0.,-0.));
#2338 = PCURVE('',#1695,#2339);
#2339 = DEFINITIONAL_REPRESENTATION('',(#2340),#2344);
#2340 = LINE('',#2341,#2342);
#2341 = CARTESIAN_POINT('',(12.490597372059,37.));
#2342 = VECTOR('',#2343,1.);
#2343 = DIRECTION('',(0.,-1.));
#2344 = ( GEOMETRIC_REPRESENTATION_CONTEXT(2) 
PARAMETRIC_REPRESENTATION_CONTEXT() REPRESENTATION_CONTEXT('2D SPACE',''
  ) );
#2345 = PCURVE('',#1667,#2346);
#2346 = DEFINITIONAL_REPRESENTATION('',(#2347),#2351);
#2347 = LINE('',#2348,#2349);
#2348 = CARTESIAN_POINT('',(-1.931509047158,0.));
#2349 = VECTOR('',#2350,1.);
#2350 = DIRECTION('',(-0.,1.));
#2351 = ( GEOMETRIC_REPRESENTATION_CONTEXT(2) 
PARAMETRIC_REPRESENTATION_CONTEXT() REPRESENTATION_CONTEXT('2D SPACE',''
  ) );
#2352 = ORIENTED_EDGE('',*,*,#2353,.T.);
#2353 = EDGE_CURVE('',#2331,#2164,#2354,.T.);
#2354 = SURFACE_CURVE('',#2355,(#2360,#2367),.PCURVE_S1.);
#2355 = HYPERBOLA('',#2356,9.352941176471,0.6);
#2356 = AXIS2_PLACEMENT_3D('',#2357,#2358,#2359);
#2357 = CARTESIAN_POINT('',(-37.8,-0.6,296.55294117647));
#2358 = DIRECTION('',(0.,1.,0.));
#2359 = DIRECTION('',(0.,0.,-1.));
#2360 = PCURVE('',#1695,#2361);
#2361 = DEFINITIONAL_REPRESENTATION('',(#2362),#2366);
#2362 = HYPERBOLA('',#2363,9.352941176471,0.6);
#2363 = AXIS2_PLACEMENT_2D('',#2364,#2365);
#2364 = CARTESIAN_POINT('',(297.55294117647,37.));
#2365 = DIRECTION('',(-1.,0.));
#2366 = ( GEOMETRIC_REPRESENTATION_CONTEXT(2) 
PARAMETRIC_REPRESENTATION_CONTEXT() REPRESENTATION_CONTEXT('2D SPACE',''
  ) );
#2367 = PCURVE('',#2005,#2368);
#2368 = DEFINITIONAL_REPRESENTATION('',(#2369),#2376);
#2369 = B_SPLINE_CURVE_WITH_KNOTS('',5,(#2370,#2371,#2372,#2373,#2374,
    #2375),.UNSPECIFIED.,.F.,.F.,(6,6),(-4.146053846561,-4.05206224589),
  .PIECEWISE_BEZIER_KNOTS.);
#2370 = CARTESIAN_POINT('',(-6.25153445331,-5.661044742179E-14));
#2371 = CARTESIAN_POINT('',(-6.250939569762,-5.553116152571));
#2372 = CARTESIAN_POINT('',(-6.250330714701,-10.97568035562));
#2373 = CARTESIAN_POINT('',(-6.249707451046,-16.27178078385));
#2374 = CARTESIAN_POINT('',(-6.249069321286,-21.4453135628));
#2375 = CARTESIAN_POINT('',(-6.248415845499,-26.5));
#2376 = ( GEOMETRIC_REPRESENTATION_CONTEXT(2) 
PARAMETRIC_REPRESENTATION_CONTEXT() REPRESENTATION_CONTEXT('2D SPACE',''
  ) );
#2377 = ADVANCED_FACE('',(#2378),#1667,.F.);
#2378 = FACE_BOUND('',#2379,.T.);
#2379 = EDGE_LOOP('',(#2380,#2381,#2382,#2520));
#2380 = ORIENTED_EDGE('',*,*,#1646,.F.);
#2381 = ORIENTED_EDGE('',*,*,#2130,.T.);
#2382 = ORIENTED_EDGE('',*,*,#2383,.F.);
#2383 = EDGE_CURVE('',#2331,#2104,#2384,.T.);
#2384 = SURFACE_CURVE('',#2385,(#2428,#2474),.PCURVE_S1.);
#2385 = B_SPLINE_CURVE_WITH_KNOTS('',6,(#2386,#2387,#2388,#2389,#2390,
    #2391,#2392,#2393,#2394,#2395,#2396,#2397,#2398,#2399,#2400,#2401,
    #2402,#2403,#2404,#2405,#2406,#2407,#2408,#2409,#2410,#2411,#2412,
    #2413,#2414,#2415,#2416,#2417,#2418,#2419,#2420,#2421,#2422,#2423,
    #2424,#2425,#2426,#2427),.UNSPECIFIED.,.F.,.F.,(7,5,5,5,5,5,5,5,7),(
    0.,0.1361007069,0.231977631113,0.30589654015,0.506037770318,
    0.702334197962,0.775374234861,0.868716468974,1.),.UNSPECIFIED.);
#2386 = CARTESIAN_POINT('',(-19.52264578857,-0.578687118568,
    11.498474653788));
#2387 = CARTESIAN_POINT('',(-19.52351312627,-0.681628236136,
    11.461207438718));
#2388 = CARTESIAN_POINT('',(-19.52445921152,-0.779922023728,
    11.416624505657));
#2389 = CARTESIAN_POINT('',(-19.52539641107,-0.872766908302,
    11.3655974308));
#2390 = CARTESIAN_POINT('',(-19.52622740962,-0.959752825459,
    11.309069215875));
#2391 = CARTESIAN_POINT('',(-19.52687018101,-1.040713298945,
    11.247878978551));
#2392 = CARTESIAN_POINT('',(-19.5275286143,-1.168429210472,
    11.136797166664));
#2393 = CARTESIAN_POINT('',(-19.52767347751,-1.218219463286,
    11.088913266581));
#2394 = CARTESIAN_POINT('',(-19.52766716104,-1.265013497178,
    11.039293592638));
#2395 = CARTESIAN_POINT('',(-19.52748936314,-1.30883085365,
    10.988151215503));
#2396 = CARTESIAN_POINT('',(-19.52712312734,-1.349705150162,
    10.935672306442));
#2397 = CARTESIAN_POINT('',(-19.52611624057,-1.416953208776,
    10.840644513834));
#2398 = CARTESIAN_POINT('',(-19.52555763024,-1.444502810766,
    10.798575605086));
#2399 = CARTESIAN_POINT('',(-19.52487244495,-1.47034473926,
    10.755880257891));
#2400 = CARTESIAN_POINT('',(-19.5240553498,-1.494497310564,
    10.712625296151));
#2401 = CARTESIAN_POINT('',(-19.52310197767,-1.516978666507,
    10.668871291566));
#2402 = CARTESIAN_POINT('',(-19.51904941485,-1.594200506419,
    10.50500104932));
#2403 = CARTESIAN_POINT('',(-19.5150666027,-1.638457614567,
    10.382103722701));
#2404 = CARTESIAN_POINT('',(-19.50999114789,-1.670966100718,
    10.257006047484));
#2405 = CARTESIAN_POINT('',(-19.50380025529,-1.691949954315,
    10.130583661887));
#2406 = CARTESIAN_POINT('',(-19.4965127459,-1.701576258631,
    10.003607222643));
#2407 = CARTESIAN_POINT('',(-19.48000445993,-1.69813903506,
    9.752326213879));
#2408 = CARTESIAN_POINT('',(-19.4708273138,-1.685508611776,
    9.628075016668));
#2409 = CARTESIAN_POINT('',(-19.46069597891,-1.661965957798,
    9.504628149052));
#2410 = CARTESIAN_POINT('',(-19.44970019247,-1.627371016058,
    9.382710509591));
#2411 = CARTESIAN_POINT('',(-19.4379791213,-1.581527377243,
    9.263141454845));
#2412 = CARTESIAN_POINT('',(-19.42117193116,-1.502699212195,
    9.103618493357));
#2413 = CARTESIAN_POINT('',(-19.41654142198,-1.479717348184,
    9.060820440033));
#2414 = CARTESIAN_POINT('',(-19.41184865329,-1.455113724734,
    9.018536404913));
#2415 = CARTESIAN_POINT('',(-19.40710564473,-1.428871090219,
    8.976824240243));
#2416 = CARTESIAN_POINT('',(-19.4023260455,-1.400971860883,
    8.935747829737));
#2417 = CARTESIAN_POINT('',(-19.39138976274,-1.333604068648,
    8.843784902528));
#2418 = CARTESIAN_POINT('',(-19.38521992879,-1.293077171862,
    8.793347707401));
#2419 = CARTESIAN_POINT('',(-19.37904733699,-1.249779232575,
    8.744209213286));
#2420 = CARTESIAN_POINT('',(-19.37290967265,-1.203678591814,
    8.696539831614));
#2421 = CARTESIAN_POINT('',(-19.36685057138,-1.154755863131,
    8.650534764119));
#2422 = CARTESIAN_POINT('',(-19.3525778082,-1.030229927041,8.5443546504)
  );
#2423 = CARTESIAN_POINT('',(-19.34449014051,-0.951871307541,
    8.486026151822));
#2424 = CARTESIAN_POINT('',(-19.33679416882,-0.86792928086,
    8.432031969589));
#2425 = CARTESIAN_POINT('',(-19.32965697218,-0.778541362576,
    8.383121766505));
#2426 = CARTESIAN_POINT('',(-19.32327043081,-0.684058071722,
    8.340141908798));
#2427 = CARTESIAN_POINT('',(-19.31781268805,-0.585172426854,
    8.303888089497));
#2428 = PCURVE('',#1667,#2429);
#2429 = DEFINITIONAL_REPRESENTATION('',(#2430),#2473);
#2430 = B_SPLINE_CURVE_WITH_KNOTS('',6,(#2431,#2432,#2433,#2434,#2435,
    #2436,#2437,#2438,#2439,#2440,#2441,#2442,#2443,#2444,#2445,#2446,
    #2447,#2448,#2449,#2450,#2451,#2452,#2453,#2454,#2455,#2456,#2457,
    #2458,#2459,#2460,#2461,#2462,#2463,#2464,#2465,#2466,#2467,#2468,
    #2469,#2470,#2471,#2472),.UNSPECIFIED.,.F.,.F.,(7,5,5,5,5,5,5,5,7),(
    0.,0.1361007069,0.231977631113,0.30589654015,0.506037770318,
    0.702334197962,0.775374234861,0.868716468974,1.),.UNSPECIFIED.);
#2431 = CARTESIAN_POINT('',(-1.9181430498,-18.27735421142));
#2432 = CARTESIAN_POINT('',(-1.982542643078,-18.27648687372));
#2433 = CARTESIAN_POINT('',(-2.045836552213,-18.27554078847));
#2434 = CARTESIAN_POINT('',(-2.1078884087,-18.27460358892));
#2435 = CARTESIAN_POINT('',(-2.168677879881,-18.27377259037));
#2436 = CARTESIAN_POINT('',(-2.228233155147,-18.27312981898));
#2437 = CARTESIAN_POINT('',(-2.327800598495,-18.27247138569));
#2438 = CARTESIAN_POINT('',(-2.368384568664,-18.27232652248));
#2439 = CARTESIAN_POINT('',(-2.40843424746,-18.27233283895));
#2440 = CARTESIAN_POINT('',(-2.447984076935,-18.27251063685));
#2441 = CARTESIAN_POINT('',(-2.487071609625,-18.27287687265));
#2442 = CARTESIAN_POINT('',(-2.555551351169,-18.27388375942));
#2443 = CARTESIAN_POINT('',(-2.585112829718,-18.27444236975));
#2444 = CARTESIAN_POINT('',(-2.614442177698,-18.27512755504));
#2445 = CARTESIAN_POINT('',(-2.643557583191,-18.27594465019));
#2446 = CARTESIAN_POINT('',(-2.67247706444,-18.27689802232));
#2447 = CARTESIAN_POINT('',(-2.779038073905,-18.28095058514));
#2448 = CARTESIAN_POINT('',(-2.855531176509,-18.28493339729));
#2449 = CARTESIAN_POINT('',(-2.931095705588,-18.29000885211));
#2450 = CARTESIAN_POINT('',(-3.006032788681,-18.2961997447));
#2451 = CARTESIAN_POINT('',(-3.080640673984,-18.30348725409));
#2452 = CARTESIAN_POINT('',(-3.228466859994,-18.31999554006));
#2453 = CARTESIAN_POINT('',(-3.301650855052,-18.32917268619));
#2454 = CARTESIAN_POINT('',(-3.375153868288,-18.33930402108));
#2455 = CARTESIAN_POINT('',(-3.44926164859,-18.35029980752));
#2456 = CARTESIAN_POINT('',(-3.524264732259,-18.36202087869));
#2457 = CARTESIAN_POINT('',(-3.628933355581,-18.37882806883));
#2458 = CARTESIAN_POINT('',(-3.657492557498,-18.38345857801));
#2459 = CARTESIAN_POINT('',(-3.68624415361,-18.3881513467));
#2460 = CARTESIAN_POINT('',(-3.71520613676,-18.39289435526));
#2461 = CARTESIAN_POINT('',(-3.744396728946,-18.39767395449));
#2462 = CARTESIAN_POINT('',(-3.811454518958,-18.40861023725));
#2463 = CARTESIAN_POINT('',(-3.849476579989,-18.4147800712));
#2464 = CARTESIAN_POINT('',(-3.887941428384,-18.42095266301));
#2465 = CARTESIAN_POINT('',(-3.926885401098,-18.42709032734));
#2466 = CARTESIAN_POINT('',(-3.966342097687,-18.43314942861));
#2467 = CARTESIAN_POINT('',(-4.06260608972,-18.44742219179));
#2468 = CARTESIAN_POINT('',(-4.119941852384,-18.45550985948));
#2469 = CARTESIAN_POINT('',(-4.178443699736,-18.46320583117));
#2470 = CARTESIAN_POINT('',(-4.238143466527,-18.47034302781));
#2471 = CARTESIAN_POINT('',(-4.299027996744,-18.47672956918));
#2472 = CARTESIAN_POINT('',(-4.360982076666,-18.48218731194));
#2473 = ( GEOMETRIC_REPRESENTATION_CONTEXT(2) 
PARAMETRIC_REPRESENTATION_CONTEXT() REPRESENTATION_CONTEXT('2D SPACE',''
  ) );
#2474 = PCURVE('',#2005,#2475);
#2475 = DEFINITIONAL_REPRESENTATION('',(#2476),#2519);
#2476 = B_SPLINE_CURVE_WITH_KNOTS('',6,(#2477,#2478,#2479,#2480,#2481,
    #2482,#2483,#2484,#2485,#2486,#2487,#2488,#2489,#2490,#2491,#2492,
    #2493,#2494,#2495,#2496,#2497,#2498,#2499,#2500,#2501,#2502,#2503,
    #2504,#2505,#2506,#2507,#2508,#2509,#2510,#2511,#2512,#2513,#2514,
    #2515,#2516,#2517,#2518),.UNSPECIFIED.,.F.,.F.,(7,5,5,5,5,5,5,5,7),(
    0.,0.1361007069,0.231977631113,0.30589654015,0.506037770318,
    0.702334197962,0.775374234861,0.868716468974,1.),.UNSPECIFIED.);
#2477 = CARTESIAN_POINT('',(-6.25153445331,-10.49847465378));
#2478 = CARTESIAN_POINT('',(-6.245906425289,-10.46120743871));
#2479 = CARTESIAN_POINT('',(-6.24053403937,-10.41662450565));
#2480 = CARTESIAN_POINT('',(-6.23546143804,-10.3655974308));
#2481 = CARTESIAN_POINT('',(-6.230711244877,-10.30906921587));
#2482 = CARTESIAN_POINT('',(-6.22629265147,-10.24787897855));
#2483 = CARTESIAN_POINT('',(-6.219326995692,-10.13679716666));
#2484 = CARTESIAN_POINT('',(-6.216612907505,-10.08891326658));
#2485 = CARTESIAN_POINT('',(-6.214063724422,-10.03929359263));
#2486 = CARTESIAN_POINT('',(-6.211678364336,-9.988151215503));
#2487 = CARTESIAN_POINT('',(-6.20945495866,-9.935672306442));
#2488 = CARTESIAN_POINT('',(-6.205800122406,-9.840644513834));
#2489 = CARTESIAN_POINT('',(-6.204303997526,-9.798575605086));
#2490 = CARTESIAN_POINT('',(-6.20290181224,-9.755880257891));
#2491 = CARTESIAN_POINT('',(-6.201592539201,-9.712625296151));
#2492 = CARTESIAN_POINT('',(-6.200375155466,-9.668871291566));
#2493 = CARTESIAN_POINT('',(-6.196198520463,-9.50500104932));
#2494 = CARTESIAN_POINT('',(-6.193815474093,-9.382103722701));
#2495 = CARTESIAN_POINT('',(-6.192077590755,-9.257006047484));
#2496 = CARTESIAN_POINT('',(-6.190971632231,-9.130583661887));
#2497 = CARTESIAN_POINT('',(-6.19048720614,-9.003607222643));
#2498 = CARTESIAN_POINT('',(-6.190756277652,-8.752326213879));
#2499 = CARTESIAN_POINT('',(-6.191486111616,-8.628075016668));
#2500 = CARTESIAN_POINT('',(-6.192810258639,-8.504628149052));
#2501 = CARTESIAN_POINT('',(-6.194734700621,-8.382710509591));
#2502 = CARTESIAN_POINT('',(-6.197268261768,-8.263141454845));
#2503 = CARTESIAN_POINT('',(-6.20160443911,-8.103618493357));
#2504 = CARTESIAN_POINT('',(-6.202866992159,-8.060820440033));
#2505 = CARTESIAN_POINT('',(-6.204217010671,-8.018536404913));
#2506 = CARTESIAN_POINT('',(-6.205655331907,-7.976824240243));
#2507 = CARTESIAN_POINT('',(-6.207182811269,-7.935747829737));
#2508 = CARTESIAN_POINT('',(-6.210867436463,-7.843784902528));
#2509 = CARTESIAN_POINT('',(-6.213081483554,-7.793347707401));
#2510 = CARTESIAN_POINT('',(-6.215444335177,-7.744209213286));
#2511 = CARTESIAN_POINT('',(-6.217957510038,-7.696539831614));
#2512 = CARTESIAN_POINT('',(-6.220621880585,-7.650534764119));
#2513 = CARTESIAN_POINT('',(-6.227397309048,-7.5443546504));
#2514 = CARTESIAN_POINT('',(-6.231655846948,-7.486026151822));
#2515 = CARTESIAN_POINT('',(-6.236212849163,-7.432031969589));
#2516 = CARTESIAN_POINT('',(-6.241060596564,-7.383121766505));
#2517 = CARTESIAN_POINT('',(-6.246180149632,-7.340141908798));
#2518 = CARTESIAN_POINT('',(-6.25153445331,-7.303888089497));
#2519 = ( GEOMETRIC_REPRESENTATION_CONTEXT(2) 
PARAMETRIC_REPRESENTATION_CONTEXT() REPRESENTATION_CONTEXT('2D SPACE',''
  ) );
#2520 = ORIENTED_EDGE('',*,*,#2330,.F.);
#2521 = ADVANCED_FACE('',(#2522),#2005,.F.);
#2522 = FACE_BOUND('',#2523,.F.);
#2523 = EDGE_LOOP('',(#2524,#2546,#2547,#2569,#2570,#2571,#2572,#2573));
#2524 = ORIENTED_EDGE('',*,*,#2525,.F.);
#2525 = EDGE_CURVE('',#2021,#1989,#2526,.T.);
#2526 = SURFACE_CURVE('',#2527,(#2532,#2539),.PCURVE_S1.);
#2527 = CIRCLE('',#2528,17.26);
#2528 = AXIS2_PLACEMENT_3D('',#2529,#2530,#2531);
#2529 = CARTESIAN_POINT('',(-37.8,0.,27.5));
#2530 = DIRECTION('',(0.,0.,1.));
#2531 = DIRECTION('',(1.,0.,0.));
#2532 = PCURVE('',#2005,#2533);
#2533 = DEFINITIONAL_REPRESENTATION('',(#2534),#2538);
#2534 = LINE('',#2535,#2536);
#2535 = CARTESIAN_POINT('',(-0.,-26.5));
#2536 = VECTOR('',#2537,1.);
#2537 = DIRECTION('',(-1.,-0.));
#2538 = ( GEOMETRIC_REPRESENTATION_CONTEXT(2) 
PARAMETRIC_REPRESENTATION_CONTEXT() REPRESENTATION_CONTEXT('2D SPACE',''
  ) );
#2539 = PCURVE('',#2036,#2540);
#2540 = DEFINITIONAL_REPRESENTATION('',(#2541),#2545);
#2541 = CIRCLE('',#2542,17.26);
#2542 = AXIS2_PLACEMENT_2D('',#2543,#2544);
#2543 = CARTESIAN_POINT('',(0.,0.));
#2544 = DIRECTION('',(1.,0.));
#2545 = ( GEOMETRIC_REPRESENTATION_CONTEXT(2) 
PARAMETRIC_REPRESENTATION_CONTEXT() REPRESENTATION_CONTEXT('2D SPACE',''
  ) );
#2546 = ORIENTED_EDGE('',*,*,#2048,.T.);
#2547 = ORIENTED_EDGE('',*,*,#2548,.T.);
#2548 = EDGE_CURVE('',#2049,#2076,#2549,.T.);
#2549 = SURFACE_CURVE('',#2550,(#2555,#2562),.PCURVE_S1.);
#2550 = CIRCLE('',#2551,18.96);
#2551 = AXIS2_PLACEMENT_3D('',#2552,#2553,#2554);
#2552 = CARTESIAN_POINT('',(-37.8,0.,1.));
#2553 = DIRECTION('',(0.,0.,1.));
#2554 = DIRECTION('',(1.,0.,0.));
#2555 = PCURVE('',#2005,#2556);
#2556 = DEFINITIONAL_REPRESENTATION('',(#2557),#2561);
#2557 = LINE('',#2558,#2559);
#2558 = CARTESIAN_POINT('',(-0.,-0.));
#2559 = VECTOR('',#2560,1.);
#2560 = DIRECTION('',(-1.,-0.));
#2561 = ( GEOMETRIC_REPRESENTATION_CONTEXT(2) 
PARAMETRIC_REPRESENTATION_CONTEXT() REPRESENTATION_CONTEXT('2D SPACE',''
  ) );
#2562 = PCURVE('',#2091,#2563);
#2563 = DEFINITIONAL_REPRESENTATION('',(#2564),#2568);
#2564 = CIRCLE('',#2565,18.96);
#2565 = AXIS2_PLACEMENT_2D('',#2566,#2567);
#2566 = CARTESIAN_POINT('',(0.,0.));
#2567 = DIRECTION('',(1.,0.));
#2568 = ( GEOMETRIC_REPRESENTATION_CONTEXT(2) 
PARAMETRIC_REPRESENTATION_CONTEXT() REPRESENTATION_CONTEXT('2D SPACE',''
  ) );
#2569 = ORIENTED_EDGE('',*,*,#2103,.T.);
#2570 = ORIENTED_EDGE('',*,*,#2383,.F.);
#2571 = ORIENTED_EDGE('',*,*,#2353,.T.);
#2572 = ORIENTED_EDGE('',*,*,#2186,.F.);
#2573 = ORIENTED_EDGE('',*,*,#1988,.T.);
#2574 = ADVANCED_FACE('',(#2575),#2091,.T.);
#2575 = FACE_BOUND('',#2576,.T.);
#2576 = EDGE_LOOP('',(#2577,#2578));
#2577 = ORIENTED_EDGE('',*,*,#2548,.T.);
#2578 = ORIENTED_EDGE('',*,*,#2075,.T.);
#2579 = ADVANCED_FACE('',(#2580),#2036,.F.);
#2580 = FACE_BOUND('',#2581,.F.);
#2581 = EDGE_LOOP('',(#2582,#2583));
#2582 = ORIENTED_EDGE('',*,*,#2525,.T.);
#2583 = ORIENTED_EDGE('',*,*,#2020,.T.);
#2584 = ( GEOMETRIC_REPRESENTATION_CONTEXT(3) 
GLOBAL_UNCERTAINTY_ASSIGNED_CONTEXT((#2588)) 
GLOBAL_UNIT_ASSIGNED_CONTEXT((#2585,#2586,#2587)) REPRESENTATION_CONTEXT
('Context #1','3D Context with UNIT and UNCERTAINTY') );
#2585 = ( LENGTH_UNIT() NAMED_UNIT(*) SI_UNIT(.MILLI.,.METRE.) );
#2586 = ( NAMED_UNIT(*) PLANE_ANGLE_UNIT() SI_UNIT($,.RADIAN.) );
#2587 = ( NAMED_UNIT(*) SI_UNIT($,.STERADIAN.) SOLID_ANGLE_UNIT() );
#2588 = UNCERTAINTY_MEASURE_WITH_UNIT(LENGTH_MEASURE(1.E-07),#2585,
  'distance_accuracy_value','confusion accuracy');
#2589 = CONTEXT_DEPENDENT_SHAPE_REPRESENTATION(#2590,#2592);
#2590 = ( REPRESENTATION_RELATIONSHIP('','',#1443,#10) 
REPRESENTATION_RELATIONSHIP_WITH_TRANSFORMATION(#2591) 
SHAPE_REPRESENTATION_RELATIONSHIP() );
#2591 = ITEM_DEFINED_TRANSFORMATION('','',#11,#19);
#2592 = PRODUCT_DEFINITION_SHAPE('Placement','Placement of an item',
  #2593);
#2593 = NEXT_ASSEMBLY_USAGE_OCCURRENCE('2','','',#5,#1438,$);
#2594 = PRODUCT_RELATED_PRODUCT_CATEGORY('part',$,(#1440));
ENDSEC;
END-ISO-10303-21;
