ISO-10303-21;
HEADER;
FILE_DESCRIPTION(('Open CASCADE Model'),'2;1');
FILE_NAME('Open CASCADE Shape Model','2026-04-13T19:18:33',('Author'),(
    'Open CASCADE'),'Open CASCADE STEP processor 7.8','Open CASCADE 7.8'
  ,'Unknown');
FILE_SCHEMA(('AUTOMOTIVE_DESIGN { 1 0 10303 214 1 1 1 1 }'));
ENDSEC;
DATA;
#1 = APPLICATION_PROTOCOL_DEFINITION('international standard',
  'automotive_design',2000,#2);
#2 = APPLICATION_CONTEXT(
  'core data for automotive mechanical design processes');
#3 = SHAPE_DEFINITION_REPRESENTATION(#4,#10);
#4 = PRODUCT_DEFINITION_SHAPE('','',#5);
#5 = PRODUCT_DEFINITION('design','',#6,#9);
#6 = PRODUCT_DEFINITION_FORMATION('','',#7);
#7 = PRODUCT('Open CASCADE STEP translator 7.8 2',
  'Open CASCADE STEP translator 7.8 2','',(#8));
#8 = PRODUCT_CONTEXT('',#2,'mechanical');
#9 = PRODUCT_DEFINITION_CONTEXT('part definition',#2,'design');
#10 = SHAPE_REPRESENTATION('',(#11,#15,#19),#23);
#11 = AXIS2_PLACEMENT_3D('',#12,#13,#14);
#12 = CARTESIAN_POINT('',(0.,0.,0.));
#13 = DIRECTION('',(0.,0.,1.));
#14 = DIRECTION('',(1.,0.,-0.));
#15 = AXIS2_PLACEMENT_3D('',#16,#17,#18);
#16 = CARTESIAN_POINT('',(0.,0.,0.));
#17 = DIRECTION('',(0.,0.,1.));
#18 = DIRECTION('',(1.,0.,-0.));
#19 = AXIS2_PLACEMENT_3D('',#20,#21,#22);
#20 = CARTESIAN_POINT('',(0.,0.,0.));
#21 = DIRECTION('',(0.,0.,1.));
#22 = DIRECTION('',(1.,0.,-0.));
#23 = ( GEOMETRIC_REPRESENTATION_CONTEXT(3) 
GLOBAL_UNCERTAINTY_ASSIGNED_CONTEXT((#27)) GLOBAL_UNIT_ASSIGNED_CONTEXT(
(#24,#25,#26)) REPRESENTATION_CONTEXT('Context #1',
  '3D Context with UNIT and UNCERTAINTY') );
#24 = ( LENGTH_UNIT() NAMED_UNIT(*) SI_UNIT(.MILLI.,.METRE.) );
#25 = ( NAMED_UNIT(*) PLANE_ANGLE_UNIT() SI_UNIT($,.RADIAN.) );
#26 = ( NAMED_UNIT(*) SI_UNIT($,.STERADIAN.) SOLID_ANGLE_UNIT() );
#27 = UNCERTAINTY_MEASURE_WITH_UNIT(LENGTH_MEASURE(1.E-07),#24,
  'distance_accuracy_value','confusion accuracy');
#28 = PRODUCT_RELATED_PRODUCT_CATEGORY('part',$,(#7));
#29 = SHAPE_DEFINITION_REPRESENTATION(#30,#36);
#30 = PRODUCT_DEFINITION_SHAPE('','',#31);
#31 = PRODUCT_DEFINITION('design','',#32,#35);
#32 = PRODUCT_DEFINITION_FORMATION('','',#33);
#33 = PRODUCT('Open CASCADE STEP translator 7.8 2.1',
  'Open CASCADE STEP translator 7.8 2.1','',(#34));
#34 = PRODUCT_CONTEXT('',#2,'mechanical');
#35 = PRODUCT_DEFINITION_CONTEXT('part definition',#2,'design');
#36 = ADVANCED_BREP_SHAPE_REPRESENTATION('',(#11,#37),#1425);
#37 = MANIFOLD_SOLID_BREP('',#38);
#38 = CLOSED_SHELL('',(#39,#188,#264,#430,#666,#715,#743,#751,#1041,
    #1094,#1362,#1415,#1420));
#39 = ADVANCED_FACE('',(#40),#54,.F.);
#40 = FACE_BOUND('',#41,.F.);
#41 = EDGE_LOOP('',(#42,#77,#106,#134,#162));
#42 = ORIENTED_EDGE('',*,*,#43,.F.);
#43 = EDGE_CURVE('',#44,#46,#48,.T.);
#44 = VERTEX_POINT('',#45);
#45 = CARTESIAN_POINT('',(64.502059845637,4.,0.));
#46 = VERTEX_POINT('',#47);
#47 = CARTESIAN_POINT('',(73.8,4.,0.));
#48 = SURFACE_CURVE('',#49,(#53,#65),.PCURVE_S1.);
#49 = LINE('',#50,#51);
#50 = CARTESIAN_POINT('',(63.8,4.,0.));
#51 = VECTOR('',#52,1.);
#52 = DIRECTION('',(1.,0.,0.));
#53 = PCURVE('',#54,#59);
#54 = PLANE('',#55);
#55 = AXIS2_PLACEMENT_3D('',#56,#57,#58);
#56 = CARTESIAN_POINT('',(37.8,-1.102182119233E-15,0.));
#57 = DIRECTION('',(0.,0.,1.));
#58 = DIRECTION('',(1.,0.,-0.));
#59 = DEFINITIONAL_REPRESENTATION('',(#60),#64);
#60 = LINE('',#61,#62);
#61 = CARTESIAN_POINT('',(26.,4.));
#62 = VECTOR('',#63,1.);
#63 = DIRECTION('',(1.,0.));
#64 = ( GEOMETRIC_REPRESENTATION_CONTEXT(2) 
PARAMETRIC_REPRESENTATION_CONTEXT() REPRESENTATION_CONTEXT('2D SPACE',''
  ) );
#65 = PCURVE('',#66,#71);
#66 = PLANE('',#67);
#67 = AXIS2_PLACEMENT_3D('',#68,#69,#70);
#68 = CARTESIAN_POINT('',(63.8,4.,0.));
#69 = DIRECTION('',(0.,1.,0.));
#70 = DIRECTION('',(0.,0.,1.));
#71 = DEFINITIONAL_REPRESENTATION('',(#72),#76);
#72 = LINE('',#73,#74);
#73 = CARTESIAN_POINT('',(0.,0.));
#74 = VECTOR('',#75,1.);
#75 = DIRECTION('',(0.,1.));
#76 = ( GEOMETRIC_REPRESENTATION_CONTEXT(2) 
PARAMETRIC_REPRESENTATION_CONTEXT() REPRESENTATION_CONTEXT('2D SPACE',''
  ) );
#77 = ORIENTED_EDGE('',*,*,#78,.T.);
#78 = EDGE_CURVE('',#44,#79,#81,.T.);
#79 = VERTEX_POINT('',#80);
#80 = CARTESIAN_POINT('',(14.3,13.294735800308,0.));
#81 = SURFACE_CURVE('',#82,(#87,#94),.PCURVE_S1.);
#82 = CIRCLE('',#83,27.);
#83 = AXIS2_PLACEMENT_3D('',#84,#85,#86);
#84 = CARTESIAN_POINT('',(37.8,0.,0.));
#85 = DIRECTION('',(0.,0.,1.));
#86 = DIRECTION('',(1.,0.,0.));
#87 = PCURVE('',#54,#88);
#88 = DEFINITIONAL_REPRESENTATION('',(#89),#93);
#89 = CIRCLE('',#90,27.);
#90 = AXIS2_PLACEMENT_2D('',#91,#92);
#91 = CARTESIAN_POINT('',(0.,1.102182119233E-15));
#92 = DIRECTION('',(1.,0.));
#93 = ( GEOMETRIC_REPRESENTATION_CONTEXT(2) 
PARAMETRIC_REPRESENTATION_CONTEXT() REPRESENTATION_CONTEXT('2D SPACE',''
  ) );
#94 = PCURVE('',#95,#100);
#95 = CYLINDRICAL_SURFACE('',#96,27.);
#96 = AXIS2_PLACEMENT_3D('',#97,#98,#99);
#97 = CARTESIAN_POINT('',(37.8,0.,0.));
#98 = DIRECTION('',(-0.,-0.,-1.));
#99 = DIRECTION('',(1.,0.,0.));
#100 = DEFINITIONAL_REPRESENTATION('',(#101),#105);
#101 = LINE('',#102,#103);
#102 = CARTESIAN_POINT('',(-0.,0.));
#103 = VECTOR('',#104,1.);
#104 = DIRECTION('',(-1.,0.));
#105 = ( GEOMETRIC_REPRESENTATION_CONTEXT(2) 
PARAMETRIC_REPRESENTATION_CONTEXT() REPRESENTATION_CONTEXT('2D SPACE',''
  ) );
#106 = ORIENTED_EDGE('',*,*,#107,.F.);
#107 = EDGE_CURVE('',#108,#79,#110,.T.);
#108 = VERTEX_POINT('',#109);
#109 = CARTESIAN_POINT('',(14.3,0.6,0.));
#110 = SURFACE_CURVE('',#111,(#115,#122),.PCURVE_S1.);
#111 = LINE('',#112,#113);
#112 = CARTESIAN_POINT('',(14.3,-23.5,0.));
#113 = VECTOR('',#114,1.);
#114 = DIRECTION('',(0.,1.,0.));
#115 = PCURVE('',#54,#116);
#116 = DEFINITIONAL_REPRESENTATION('',(#117),#121);
#117 = LINE('',#118,#119);
#118 = CARTESIAN_POINT('',(-23.5,-23.5));
#119 = VECTOR('',#120,1.);
#120 = DIRECTION('',(0.,1.));
#121 = ( GEOMETRIC_REPRESENTATION_CONTEXT(2) 
PARAMETRIC_REPRESENTATION_CONTEXT() REPRESENTATION_CONTEXT('2D SPACE',''
  ) );
#122 = PCURVE('',#123,#128);
#123 = PLANE('',#124);
#124 = AXIS2_PLACEMENT_3D('',#125,#126,#127);
#125 = CARTESIAN_POINT('',(14.3,-47.,-2.));
#126 = DIRECTION('',(1.,0.,0.));
#127 = DIRECTION('',(0.,0.,1.));
#128 = DEFINITIONAL_REPRESENTATION('',(#129),#133);
#129 = LINE('',#130,#131);
#130 = CARTESIAN_POINT('',(2.,-23.5));
#131 = VECTOR('',#132,1.);
#132 = DIRECTION('',(0.,-1.));
#133 = ( GEOMETRIC_REPRESENTATION_CONTEXT(2) 
PARAMETRIC_REPRESENTATION_CONTEXT() REPRESENTATION_CONTEXT('2D SPACE',''
  ) );
#134 = ORIENTED_EDGE('',*,*,#135,.F.);
#135 = EDGE_CURVE('',#136,#108,#138,.T.);
#136 = VERTEX_POINT('',#137);
#137 = CARTESIAN_POINT('',(73.8,0.6,0.));
#138 = SURFACE_CURVE('',#139,(#143,#150),.PCURVE_S1.);
#139 = LINE('',#140,#141);
#140 = CARTESIAN_POINT('',(19.3,0.6,0.));
#141 = VECTOR('',#142,1.);
#142 = DIRECTION('',(-1.,0.,0.));
#143 = PCURVE('',#54,#144);
#144 = DEFINITIONAL_REPRESENTATION('',(#145),#149);
#145 = LINE('',#146,#147);
#146 = CARTESIAN_POINT('',(-18.5,0.6));
#147 = VECTOR('',#148,1.);
#148 = DIRECTION('',(-1.,0.));
#149 = ( GEOMETRIC_REPRESENTATION_CONTEXT(2) 
PARAMETRIC_REPRESENTATION_CONTEXT() REPRESENTATION_CONTEXT('2D SPACE',''
  ) );
#150 = PCURVE('',#151,#156);
#151 = PLANE('',#152);
#152 = AXIS2_PLACEMENT_3D('',#153,#154,#155);
#153 = CARTESIAN_POINT('',(0.8,0.6,-1.));
#154 = DIRECTION('',(0.,1.,0.));
#155 = DIRECTION('',(0.,0.,1.));
#156 = DEFINITIONAL_REPRESENTATION('',(#157),#161);
#157 = LINE('',#158,#159);
#158 = CARTESIAN_POINT('',(1.,18.5));
#159 = VECTOR('',#160,1.);
#160 = DIRECTION('',(0.,-1.));
#161 = ( GEOMETRIC_REPRESENTATION_CONTEXT(2) 
PARAMETRIC_REPRESENTATION_CONTEXT() REPRESENTATION_CONTEXT('2D SPACE',''
  ) );
#162 = ORIENTED_EDGE('',*,*,#163,.T.);
#163 = EDGE_CURVE('',#136,#46,#164,.T.);
#164 = SURFACE_CURVE('',#165,(#169,#176),.PCURVE_S1.);
#165 = LINE('',#166,#167);
#166 = CARTESIAN_POINT('',(73.8,-4.,0.));
#167 = VECTOR('',#168,1.);
#168 = DIRECTION('',(0.,1.,0.));
#169 = PCURVE('',#54,#170);
#170 = DEFINITIONAL_REPRESENTATION('',(#171),#175);
#171 = LINE('',#172,#173);
#172 = CARTESIAN_POINT('',(36.,-4.));
#173 = VECTOR('',#174,1.);
#174 = DIRECTION('',(0.,1.));
#175 = ( GEOMETRIC_REPRESENTATION_CONTEXT(2) 
PARAMETRIC_REPRESENTATION_CONTEXT() REPRESENTATION_CONTEXT('2D SPACE',''
  ) );
#176 = PCURVE('',#177,#182);
#177 = PLANE('',#178);
#178 = AXIS2_PLACEMENT_3D('',#179,#180,#181);
#179 = CARTESIAN_POINT('',(73.8,-4.,0.));
#180 = DIRECTION('',(1.,0.,0.));
#181 = DIRECTION('',(0.,0.,1.));
#182 = DEFINITIONAL_REPRESENTATION('',(#183),#187);
#183 = LINE('',#184,#185);
#184 = CARTESIAN_POINT('',(0.,0.));
#185 = VECTOR('',#186,1.);
#186 = DIRECTION('',(0.,-1.));
#187 = ( GEOMETRIC_REPRESENTATION_CONTEXT(2) 
PARAMETRIC_REPRESENTATION_CONTEXT() REPRESENTATION_CONTEXT('2D SPACE',''
  ) );
#188 = ADVANCED_FACE('',(#189),#66,.T.);
#189 = FACE_BOUND('',#190,.T.);
#190 = EDGE_LOOP('',(#191,#192,#215,#243));
#191 = ORIENTED_EDGE('',*,*,#43,.F.);
#192 = ORIENTED_EDGE('',*,*,#193,.F.);
#193 = EDGE_CURVE('',#194,#44,#196,.T.);
#194 = VERTEX_POINT('',#195);
#195 = CARTESIAN_POINT('',(64.502059845637,4.,30.));
#196 = SURFACE_CURVE('',#197,(#201,#208),.PCURVE_S1.);
#197 = LINE('',#198,#199);
#198 = CARTESIAN_POINT('',(64.502059845637,4.,0.));
#199 = VECTOR('',#200,1.);
#200 = DIRECTION('',(-0.,-0.,-1.));
#201 = PCURVE('',#66,#202);
#202 = DEFINITIONAL_REPRESENTATION('',(#203),#207);
#203 = LINE('',#204,#205);
#204 = CARTESIAN_POINT('',(0.,0.702059845637));
#205 = VECTOR('',#206,1.);
#206 = DIRECTION('',(-1.,0.));
#207 = ( GEOMETRIC_REPRESENTATION_CONTEXT(2) 
PARAMETRIC_REPRESENTATION_CONTEXT() REPRESENTATION_CONTEXT('2D SPACE',''
  ) );
#208 = PCURVE('',#95,#209);
#209 = DEFINITIONAL_REPRESENTATION('',(#210),#214);
#210 = LINE('',#211,#212);
#211 = CARTESIAN_POINT('',(-0.148695494268,0.));
#212 = VECTOR('',#213,1.);
#213 = DIRECTION('',(-0.,1.));
#214 = ( GEOMETRIC_REPRESENTATION_CONTEXT(2) 
PARAMETRIC_REPRESENTATION_CONTEXT() REPRESENTATION_CONTEXT('2D SPACE',''
  ) );
#215 = ORIENTED_EDGE('',*,*,#216,.T.);
#216 = EDGE_CURVE('',#194,#217,#219,.T.);
#217 = VERTEX_POINT('',#218);
#218 = CARTESIAN_POINT('',(73.8,4.,30.));
#219 = SURFACE_CURVE('',#220,(#224,#231),.PCURVE_S1.);
#220 = LINE('',#221,#222);
#221 = CARTESIAN_POINT('',(63.8,4.,30.));
#222 = VECTOR('',#223,1.);
#223 = DIRECTION('',(1.,0.,0.));
#224 = PCURVE('',#66,#225);
#225 = DEFINITIONAL_REPRESENTATION('',(#226),#230);
#226 = LINE('',#227,#228);
#227 = CARTESIAN_POINT('',(30.,0.));
#228 = VECTOR('',#229,1.);
#229 = DIRECTION('',(0.,1.));
#230 = ( GEOMETRIC_REPRESENTATION_CONTEXT(2) 
PARAMETRIC_REPRESENTATION_CONTEXT() REPRESENTATION_CONTEXT('2D SPACE',''
  ) );
#231 = PCURVE('',#232,#237);
#232 = PLANE('',#233);
#233 = AXIS2_PLACEMENT_3D('',#234,#235,#236);
#234 = CARTESIAN_POINT('',(63.8,-4.,30.));
#235 = DIRECTION('',(0.,0.,1.));
#236 = DIRECTION('',(1.,0.,0.));
#237 = DEFINITIONAL_REPRESENTATION('',(#238),#242);
#238 = LINE('',#239,#240);
#239 = CARTESIAN_POINT('',(0.,8.));
#240 = VECTOR('',#241,1.);
#241 = DIRECTION('',(1.,0.));
#242 = ( GEOMETRIC_REPRESENTATION_CONTEXT(2) 
PARAMETRIC_REPRESENTATION_CONTEXT() REPRESENTATION_CONTEXT('2D SPACE',''
  ) );
#243 = ORIENTED_EDGE('',*,*,#244,.F.);
#244 = EDGE_CURVE('',#46,#217,#245,.T.);
#245 = SURFACE_CURVE('',#246,(#250,#257),.PCURVE_S1.);
#246 = LINE('',#247,#248);
#247 = CARTESIAN_POINT('',(73.8,4.,0.));
#248 = VECTOR('',#249,1.);
#249 = DIRECTION('',(0.,0.,1.));
#250 = PCURVE('',#66,#251);
#251 = DEFINITIONAL_REPRESENTATION('',(#252),#256);
#252 = LINE('',#253,#254);
#253 = CARTESIAN_POINT('',(0.,10.));
#254 = VECTOR('',#255,1.);
#255 = DIRECTION('',(1.,0.));
#256 = ( GEOMETRIC_REPRESENTATION_CONTEXT(2) 
PARAMETRIC_REPRESENTATION_CONTEXT() REPRESENTATION_CONTEXT('2D SPACE',''
  ) );
#257 = PCURVE('',#177,#258);
#258 = DEFINITIONAL_REPRESENTATION('',(#259),#263);
#259 = LINE('',#260,#261);
#260 = CARTESIAN_POINT('',(0.,-8.));
#261 = VECTOR('',#262,1.);
#262 = DIRECTION('',(1.,0.));
#263 = ( GEOMETRIC_REPRESENTATION_CONTEXT(2) 
PARAMETRIC_REPRESENTATION_CONTEXT() REPRESENTATION_CONTEXT('2D SPACE',''
  ) );
#264 = ADVANCED_FACE('',(#265),#177,.T.);
#265 = FACE_BOUND('',#266,.T.);
#266 = EDGE_LOOP('',(#267,#290,#313,#346,#374,#407,#428,#429));
#267 = ORIENTED_EDGE('',*,*,#268,.F.);
#268 = EDGE_CURVE('',#269,#217,#271,.T.);
#269 = VERTEX_POINT('',#270);
#270 = CARTESIAN_POINT('',(73.8,0.6,30.));
#271 = SURFACE_CURVE('',#272,(#276,#283),.PCURVE_S1.);
#272 = LINE('',#273,#274);
#273 = CARTESIAN_POINT('',(73.8,-4.,30.));
#274 = VECTOR('',#275,1.);
#275 = DIRECTION('',(0.,1.,0.));
#276 = PCURVE('',#177,#277);
#277 = DEFINITIONAL_REPRESENTATION('',(#278),#282);
#278 = LINE('',#279,#280);
#279 = CARTESIAN_POINT('',(30.,0.));
#280 = VECTOR('',#281,1.);
#281 = DIRECTION('',(0.,-1.));
#282 = ( GEOMETRIC_REPRESENTATION_CONTEXT(2) 
PARAMETRIC_REPRESENTATION_CONTEXT() REPRESENTATION_CONTEXT('2D SPACE',''
  ) );
#283 = PCURVE('',#232,#284);
#284 = DEFINITIONAL_REPRESENTATION('',(#285),#289);
#285 = LINE('',#286,#287);
#286 = CARTESIAN_POINT('',(10.,0.));
#287 = VECTOR('',#288,1.);
#288 = DIRECTION('',(0.,1.));
#289 = ( GEOMETRIC_REPRESENTATION_CONTEXT(2) 
PARAMETRIC_REPRESENTATION_CONTEXT() REPRESENTATION_CONTEXT('2D SPACE',''
  ) );
#290 = ORIENTED_EDGE('',*,*,#291,.F.);
#291 = EDGE_CURVE('',#292,#269,#294,.T.);
#292 = VERTEX_POINT('',#293);
#293 = CARTESIAN_POINT('',(73.8,0.6,21.390597372059));
#294 = SURFACE_CURVE('',#295,(#299,#306),.PCURVE_S1.);
#295 = LINE('',#296,#297);
#296 = CARTESIAN_POINT('',(73.8,0.6,-0.5));
#297 = VECTOR('',#298,1.);
#298 = DIRECTION('',(0.,0.,1.));
#299 = PCURVE('',#177,#300);
#300 = DEFINITIONAL_REPRESENTATION('',(#301),#305);
#301 = LINE('',#302,#303);
#302 = CARTESIAN_POINT('',(-0.5,-4.6));
#303 = VECTOR('',#304,1.);
#304 = DIRECTION('',(1.,0.));
#305 = ( GEOMETRIC_REPRESENTATION_CONTEXT(2) 
PARAMETRIC_REPRESENTATION_CONTEXT() REPRESENTATION_CONTEXT('2D SPACE',''
  ) );
#306 = PCURVE('',#151,#307);
#307 = DEFINITIONAL_REPRESENTATION('',(#308),#312);
#308 = LINE('',#309,#310);
#309 = CARTESIAN_POINT('',(0.5,73.));
#310 = VECTOR('',#311,1.);
#311 = DIRECTION('',(1.,0.));
#312 = ( GEOMETRIC_REPRESENTATION_CONTEXT(2) 
PARAMETRIC_REPRESENTATION_CONTEXT() REPRESENTATION_CONTEXT('2D SPACE',''
  ) );
#313 = ORIENTED_EDGE('',*,*,#314,.T.);
#314 = EDGE_CURVE('',#292,#315,#317,.T.);
#315 = VERTEX_POINT('',#316);
#316 = CARTESIAN_POINT('',(73.8,0.6,18.209402627941));
#317 = SURFACE_CURVE('',#318,(#323,#334),.PCURVE_S1.);
#318 = CIRCLE('',#319,1.7);
#319 = AXIS2_PLACEMENT_3D('',#320,#321,#322);
#320 = CARTESIAN_POINT('',(73.8,0.,19.8));
#321 = DIRECTION('',(-1.,0.,0.));
#322 = DIRECTION('',(0.,0.352941176471,0.935645512976));
#323 = PCURVE('',#177,#324);
#324 = DEFINITIONAL_REPRESENTATION('',(#325),#333);
#325 = ( BOUNDED_CURVE() B_SPLINE_CURVE(2,(#326,#327,#328,#329,#330,#331
,#332),.UNSPECIFIED.,.T.,.F.) B_SPLINE_CURVE_WITH_KNOTS((1,2,2,2,2,1),(
    -2.094395102393,0.,2.094395102393,4.188790204786,6.28318530718,
8.377580409573),.UNSPECIFIED.) CURVE() GEOMETRIC_REPRESENTATION_ITEM() 
RATIONAL_B_SPLINE_CURVE((1.,0.5,1.,0.5,1.,0.5,1.)) REPRESENTATION_ITEM(
  '') );
#326 = CARTESIAN_POINT('',(21.390597372059,-4.6));
#327 = CARTESIAN_POINT('',(20.351366887517,-7.354995462791));
#328 = CARTESIAN_POINT('',(18.4850860717,-5.077497731396));
#329 = CARTESIAN_POINT('',(16.618805255883,-2.8));
#330 = CARTESIAN_POINT('',(19.524316556241,-2.322502268604));
#331 = CARTESIAN_POINT('',(22.4298278566,-1.845004537209));
#332 = CARTESIAN_POINT('',(21.390597372059,-4.6));
#333 = ( GEOMETRIC_REPRESENTATION_CONTEXT(2) 
PARAMETRIC_REPRESENTATION_CONTEXT() REPRESENTATION_CONTEXT('2D SPACE',''
  ) );
#334 = PCURVE('',#335,#340);
#335 = CYLINDRICAL_SURFACE('',#336,1.7);
#336 = AXIS2_PLACEMENT_3D('',#337,#338,#339);
#337 = CARTESIAN_POINT('',(37.8,0.,19.8));
#338 = DIRECTION('',(-1.,-0.,-0.));
#339 = DIRECTION('',(0.,1.,0.));
#340 = DEFINITIONAL_REPRESENTATION('',(#341),#345);
#341 = LINE('',#342,#343);
#342 = CARTESIAN_POINT('',(-7.493268913611,-36.));
#343 = VECTOR('',#344,1.);
#344 = DIRECTION('',(1.,-0.));
#345 = ( GEOMETRIC_REPRESENTATION_CONTEXT(2) 
PARAMETRIC_REPRESENTATION_CONTEXT() REPRESENTATION_CONTEXT('2D SPACE',''
  ) );
#346 = ORIENTED_EDGE('',*,*,#347,.F.);
#347 = EDGE_CURVE('',#348,#315,#350,.T.);
#348 = VERTEX_POINT('',#349);
#349 = CARTESIAN_POINT('',(73.8,0.6,11.490597372059));
#350 = SURFACE_CURVE('',#351,(#355,#362),.PCURVE_S1.);
#351 = LINE('',#352,#353);
#352 = CARTESIAN_POINT('',(73.8,0.6,-0.5));
#353 = VECTOR('',#354,1.);
#354 = DIRECTION('',(0.,0.,1.));
#355 = PCURVE('',#177,#356);
#356 = DEFINITIONAL_REPRESENTATION('',(#357),#361);
#357 = LINE('',#358,#359);
#358 = CARTESIAN_POINT('',(-0.5,-4.6));
#359 = VECTOR('',#360,1.);
#360 = DIRECTION('',(1.,0.));
#361 = ( GEOMETRIC_REPRESENTATION_CONTEXT(2) 
PARAMETRIC_REPRESENTATION_CONTEXT() REPRESENTATION_CONTEXT('2D SPACE',''
  ) );
#362 = PCURVE('',#363,#368);
#363 = PLANE('',#364);
#364 = AXIS2_PLACEMENT_3D('',#365,#366,#367);
#365 = CARTESIAN_POINT('',(0.8,0.6,-1.));
#366 = DIRECTION('',(0.,1.,0.));
#367 = DIRECTION('',(0.,0.,1.));
#368 = DEFINITIONAL_REPRESENTATION('',(#369),#373);
#369 = LINE('',#370,#371);
#370 = CARTESIAN_POINT('',(0.5,73.));
#371 = VECTOR('',#372,1.);
#372 = DIRECTION('',(1.,0.));
#373 = ( GEOMETRIC_REPRESENTATION_CONTEXT(2) 
PARAMETRIC_REPRESENTATION_CONTEXT() REPRESENTATION_CONTEXT('2D SPACE',''
  ) );
#374 = ORIENTED_EDGE('',*,*,#375,.T.);
#375 = EDGE_CURVE('',#348,#376,#378,.T.);
#376 = VERTEX_POINT('',#377);
#377 = CARTESIAN_POINT('',(73.8,0.6,8.309402627941));
#378 = SURFACE_CURVE('',#379,(#384,#395),.PCURVE_S1.);
#379 = CIRCLE('',#380,1.7);
#380 = AXIS2_PLACEMENT_3D('',#381,#382,#383);
#381 = CARTESIAN_POINT('',(73.8,0.,9.9));
#382 = DIRECTION('',(-1.,0.,0.));
#383 = DIRECTION('',(0.,0.352941176471,0.935645512976));
#384 = PCURVE('',#177,#385);
#385 = DEFINITIONAL_REPRESENTATION('',(#386),#394);
#386 = ( BOUNDED_CURVE() B_SPLINE_CURVE(2,(#387,#388,#389,#390,#391,#392
,#393),.UNSPECIFIED.,.T.,.F.) B_SPLINE_CURVE_WITH_KNOTS((1,2,2,2,2,1),(
    -2.094395102393,0.,2.094395102393,4.188790204786,6.28318530718,
8.377580409573),.UNSPECIFIED.) CURVE() GEOMETRIC_REPRESENTATION_ITEM() 
RATIONAL_B_SPLINE_CURVE((1.,0.5,1.,0.5,1.,0.5,1.)) REPRESENTATION_ITEM(
  '') );
#387 = CARTESIAN_POINT('',(11.490597372059,-4.6));
#388 = CARTESIAN_POINT('',(10.451366887517,-7.354995462791));
#389 = CARTESIAN_POINT('',(8.5850860717,-5.077497731396));
#390 = CARTESIAN_POINT('',(6.718805255883,-2.8));
#391 = CARTESIAN_POINT('',(9.624316556241,-2.322502268604));
#392 = CARTESIAN_POINT('',(12.5298278566,-1.845004537209));
#393 = CARTESIAN_POINT('',(11.490597372059,-4.6));
#394 = ( GEOMETRIC_REPRESENTATION_CONTEXT(2) 
PARAMETRIC_REPRESENTATION_CONTEXT() REPRESENTATION_CONTEXT('2D SPACE',''
  ) );
#395 = PCURVE('',#396,#401);
#396 = CYLINDRICAL_SURFACE('',#397,1.7);
#397 = AXIS2_PLACEMENT_3D('',#398,#399,#400);
#398 = CARTESIAN_POINT('',(37.8,0.,9.9));
#399 = DIRECTION('',(-1.,-0.,-0.));
#400 = DIRECTION('',(0.,1.,0.));
#401 = DEFINITIONAL_REPRESENTATION('',(#402),#406);
#402 = LINE('',#403,#404);
#403 = CARTESIAN_POINT('',(-7.493268913611,-36.));
#404 = VECTOR('',#405,1.);
#405 = DIRECTION('',(1.,-0.));
#406 = ( GEOMETRIC_REPRESENTATION_CONTEXT(2) 
PARAMETRIC_REPRESENTATION_CONTEXT() REPRESENTATION_CONTEXT('2D SPACE',''
  ) );
#407 = ORIENTED_EDGE('',*,*,#408,.F.);
#408 = EDGE_CURVE('',#136,#376,#409,.T.);
#409 = SURFACE_CURVE('',#410,(#414,#421),.PCURVE_S1.);
#410 = LINE('',#411,#412);
#411 = CARTESIAN_POINT('',(73.8,0.6,-0.5));
#412 = VECTOR('',#413,1.);
#413 = DIRECTION('',(0.,0.,1.));
#414 = PCURVE('',#177,#415);
#415 = DEFINITIONAL_REPRESENTATION('',(#416),#420);
#416 = LINE('',#417,#418);
#417 = CARTESIAN_POINT('',(-0.5,-4.6));
#418 = VECTOR('',#419,1.);
#419 = DIRECTION('',(1.,0.));
#420 = ( GEOMETRIC_REPRESENTATION_CONTEXT(2) 
PARAMETRIC_REPRESENTATION_CONTEXT() REPRESENTATION_CONTEXT('2D SPACE',''
  ) );
#421 = PCURVE('',#151,#422);
#422 = DEFINITIONAL_REPRESENTATION('',(#423),#427);
#423 = LINE('',#424,#425);
#424 = CARTESIAN_POINT('',(0.5,73.));
#425 = VECTOR('',#426,1.);
#426 = DIRECTION('',(1.,0.));
#427 = ( GEOMETRIC_REPRESENTATION_CONTEXT(2) 
PARAMETRIC_REPRESENTATION_CONTEXT() REPRESENTATION_CONTEXT('2D SPACE',''
  ) );
#428 = ORIENTED_EDGE('',*,*,#163,.T.);
#429 = ORIENTED_EDGE('',*,*,#244,.T.);
#430 = ADVANCED_FACE('',(#431),#151,.F.);
#431 = FACE_BOUND('',#432,.F.);
#432 = EDGE_LOOP('',(#433,#434,#435,#458,#479,#480,#503,#535,#563,#590,
    #618,#645));
#433 = ORIENTED_EDGE('',*,*,#408,.F.);
#434 = ORIENTED_EDGE('',*,*,#135,.T.);
#435 = ORIENTED_EDGE('',*,*,#436,.F.);
#436 = EDGE_CURVE('',#437,#108,#439,.T.);
#437 = VERTEX_POINT('',#438);
#438 = CARTESIAN_POINT('',(14.3,0.6,30.));
#439 = SURFACE_CURVE('',#440,(#444,#451),.PCURVE_S1.);
#440 = LINE('',#441,#442);
#441 = CARTESIAN_POINT('',(14.3,0.6,-1.5));
#442 = VECTOR('',#443,1.);
#443 = DIRECTION('',(0.,0.,-1.));
#444 = PCURVE('',#151,#445);
#445 = DEFINITIONAL_REPRESENTATION('',(#446),#450);
#446 = LINE('',#447,#448);
#447 = CARTESIAN_POINT('',(-0.5,13.5));
#448 = VECTOR('',#449,1.);
#449 = DIRECTION('',(-1.,0.));
#450 = ( GEOMETRIC_REPRESENTATION_CONTEXT(2) 
PARAMETRIC_REPRESENTATION_CONTEXT() REPRESENTATION_CONTEXT('2D SPACE',''
  ) );
#451 = PCURVE('',#123,#452);
#452 = DEFINITIONAL_REPRESENTATION('',(#453),#457);
#453 = LINE('',#454,#455);
#454 = CARTESIAN_POINT('',(0.5,-47.6));
#455 = VECTOR('',#456,1.);
#456 = DIRECTION('',(-1.,0.));
#457 = ( GEOMETRIC_REPRESENTATION_CONTEXT(2) 
PARAMETRIC_REPRESENTATION_CONTEXT() REPRESENTATION_CONTEXT('2D SPACE',''
  ) );
#458 = ORIENTED_EDGE('',*,*,#459,.F.);
#459 = EDGE_CURVE('',#269,#437,#460,.T.);
#460 = SURFACE_CURVE('',#461,(#465,#472),.PCURVE_S1.);
#461 = LINE('',#462,#463);
#462 = CARTESIAN_POINT('',(32.3,0.6,30.));
#463 = VECTOR('',#464,1.);
#464 = DIRECTION('',(-1.,0.,0.));
#465 = PCURVE('',#151,#466);
#466 = DEFINITIONAL_REPRESENTATION('',(#467),#471);
#467 = LINE('',#468,#469);
#468 = CARTESIAN_POINT('',(31.,31.5));
#469 = VECTOR('',#470,1.);
#470 = DIRECTION('',(0.,-1.));
#471 = ( GEOMETRIC_REPRESENTATION_CONTEXT(2) 
PARAMETRIC_REPRESENTATION_CONTEXT() REPRESENTATION_CONTEXT('2D SPACE',''
  ) );
#472 = PCURVE('',#232,#473);
#473 = DEFINITIONAL_REPRESENTATION('',(#474),#478);
#474 = LINE('',#475,#476);
#475 = CARTESIAN_POINT('',(-31.5,4.6));
#476 = VECTOR('',#477,1.);
#477 = DIRECTION('',(-1.,0.));
#478 = ( GEOMETRIC_REPRESENTATION_CONTEXT(2) 
PARAMETRIC_REPRESENTATION_CONTEXT() REPRESENTATION_CONTEXT('2D SPACE',''
  ) );
#479 = ORIENTED_EDGE('',*,*,#291,.F.);
#480 = ORIENTED_EDGE('',*,*,#481,.T.);
#481 = EDGE_CURVE('',#292,#482,#484,.T.);
#482 = VERTEX_POINT('',#483);
#483 = CARTESIAN_POINT('',(55.441723806367,0.6,21.390597372059));
#484 = SURFACE_CURVE('',#485,(#489,#496),.PCURVE_S1.);
#485 = LINE('',#486,#487);
#486 = CARTESIAN_POINT('',(37.8,0.6,21.390597372059));
#487 = VECTOR('',#488,1.);
#488 = DIRECTION('',(-1.,-0.,-0.));
#489 = PCURVE('',#151,#490);
#490 = DEFINITIONAL_REPRESENTATION('',(#491),#495);
#491 = LINE('',#492,#493);
#492 = CARTESIAN_POINT('',(22.390597372059,37.));
#493 = VECTOR('',#494,1.);
#494 = DIRECTION('',(0.,-1.));
#495 = ( GEOMETRIC_REPRESENTATION_CONTEXT(2) 
PARAMETRIC_REPRESENTATION_CONTEXT() REPRESENTATION_CONTEXT('2D SPACE',''
  ) );
#496 = PCURVE('',#335,#497);
#497 = DEFINITIONAL_REPRESENTATION('',(#498),#502);
#498 = LINE('',#499,#500);
#499 = CARTESIAN_POINT('',(-7.493268913611,0.));
#500 = VECTOR('',#501,1.);
#501 = DIRECTION('',(-0.,1.));
#502 = ( GEOMETRIC_REPRESENTATION_CONTEXT(2) 
PARAMETRIC_REPRESENTATION_CONTEXT() REPRESENTATION_CONTEXT('2D SPACE',''
  ) );
#503 = ORIENTED_EDGE('',*,*,#504,.T.);
#504 = EDGE_CURVE('',#482,#505,#507,.T.);
#505 = VERTEX_POINT('',#506);
#506 = CARTESIAN_POINT('',(55.049568110535,0.6,27.5));
#507 = SURFACE_CURVE('',#508,(#513,#520),.PCURVE_S1.);
#508 = HYPERBOLA('',#509,9.352941176471,0.6);
#509 = AXIS2_PLACEMENT_3D('',#510,#511,#512);
#510 = CARTESIAN_POINT('',(37.8,0.6,296.55294117647));
#511 = DIRECTION('',(0.,1.,0.));
#512 = DIRECTION('',(0.,0.,-1.));
#513 = PCURVE('',#151,#514);
#514 = DEFINITIONAL_REPRESENTATION('',(#515),#519);
#515 = HYPERBOLA('',#516,9.352941176471,0.6);
#516 = AXIS2_PLACEMENT_2D('',#517,#518);
#517 = CARTESIAN_POINT('',(297.55294117647,37.));
#518 = DIRECTION('',(-1.,0.));
#519 = ( GEOMETRIC_REPRESENTATION_CONTEXT(2) 
PARAMETRIC_REPRESENTATION_CONTEXT() REPRESENTATION_CONTEXT('2D SPACE',''
  ) );
#520 = PCURVE('',#521,#526);
#521 = CONICAL_SURFACE('',#522,18.96,6.406315899547E-02);
#522 = AXIS2_PLACEMENT_3D('',#523,#524,#525);
#523 = CARTESIAN_POINT('',(37.8,0.,1.));
#524 = DIRECTION('',(-0.,-0.,-1.));
#525 = DIRECTION('',(1.,0.,0.));
#526 = DEFINITIONAL_REPRESENTATION('',(#527),#534);
#527 = B_SPLINE_CURVE_WITH_KNOTS('',5,(#528,#529,#530,#531,#532,#533),
  .UNSPECIFIED.,.F.,.F.,(6,6),(-4.146053846561,-4.05206224589),
  .PIECEWISE_BEZIER_KNOTS.);
#528 = CARTESIAN_POINT('',(-3.165085386943E-02,-5.661044742179E-14));
#529 = CARTESIAN_POINT('',(-3.224573741798E-02,-5.553116152571));
#530 = CARTESIAN_POINT('',(-3.285459247903E-02,-10.97568035562));
#531 = CARTESIAN_POINT('',(-3.347785613395E-02,-16.27178078385));
#532 = CARTESIAN_POINT('',(-3.411598589332E-02,-21.4453135628));
#533 = CARTESIAN_POINT('',(-3.476946168014E-02,-26.5));
#534 = ( GEOMETRIC_REPRESENTATION_CONTEXT(2) 
PARAMETRIC_REPRESENTATION_CONTEXT() REPRESENTATION_CONTEXT('2D SPACE',''
  ) );
#535 = ORIENTED_EDGE('',*,*,#536,.T.);
#536 = EDGE_CURVE('',#505,#537,#539,.T.);
#537 = VERTEX_POINT('',#538);
#538 = CARTESIAN_POINT('',(20.550431889465,0.6,27.5));
#539 = SURFACE_CURVE('',#540,(#544,#551),.PCURVE_S1.);
#540 = LINE('',#541,#542);
#541 = CARTESIAN_POINT('',(19.3,0.6,27.5));
#542 = VECTOR('',#543,1.);
#543 = DIRECTION('',(-1.,0.,0.));
#544 = PCURVE('',#151,#545);
#545 = DEFINITIONAL_REPRESENTATION('',(#546),#550);
#546 = LINE('',#547,#548);
#547 = CARTESIAN_POINT('',(28.5,18.5));
#548 = VECTOR('',#549,1.);
#549 = DIRECTION('',(0.,-1.));
#550 = ( GEOMETRIC_REPRESENTATION_CONTEXT(2) 
PARAMETRIC_REPRESENTATION_CONTEXT() REPRESENTATION_CONTEXT('2D SPACE',''
  ) );
#551 = PCURVE('',#552,#557);
#552 = PLANE('',#553);
#553 = AXIS2_PLACEMENT_3D('',#554,#555,#556);
#554 = CARTESIAN_POINT('',(37.8,0.,27.5));
#555 = DIRECTION('',(0.,0.,1.));
#556 = DIRECTION('',(1.,0.,0.));
#557 = DEFINITIONAL_REPRESENTATION('',(#558),#562);
#558 = LINE('',#559,#560);
#559 = CARTESIAN_POINT('',(-18.5,0.6));
#560 = VECTOR('',#561,1.);
#561 = DIRECTION('',(-1.,0.));
#562 = ( GEOMETRIC_REPRESENTATION_CONTEXT(2) 
PARAMETRIC_REPRESENTATION_CONTEXT() REPRESENTATION_CONTEXT('2D SPACE',''
  ) );
#563 = ORIENTED_EDGE('',*,*,#564,.T.);
#564 = EDGE_CURVE('',#537,#565,#567,.T.);
#565 = VERTEX_POINT('',#566);
#566 = CARTESIAN_POINT('',(18.849496048917,0.6,1.));
#567 = SURFACE_CURVE('',#568,(#573,#580),.PCURVE_S1.);
#568 = HYPERBOLA('',#569,9.352941176471,0.6);
#569 = AXIS2_PLACEMENT_3D('',#570,#571,#572);
#570 = CARTESIAN_POINT('',(37.8,0.6,296.55294117647));
#571 = DIRECTION('',(0.,1.,0.));
#572 = DIRECTION('',(0.,0.,-1.));
#573 = PCURVE('',#151,#574);
#574 = DEFINITIONAL_REPRESENTATION('',(#575),#579);
#575 = HYPERBOLA('',#576,9.352941176471,0.6);
#576 = AXIS2_PLACEMENT_2D('',#577,#578);
#577 = CARTESIAN_POINT('',(297.55294117647,37.));
#578 = DIRECTION('',(-1.,0.));
#579 = ( GEOMETRIC_REPRESENTATION_CONTEXT(2) 
PARAMETRIC_REPRESENTATION_CONTEXT() REPRESENTATION_CONTEXT('2D SPACE',''
  ) );
#580 = PCURVE('',#521,#581);
#581 = DEFINITIONAL_REPRESENTATION('',(#582),#589);
#582 = B_SPLINE_CURVE_WITH_KNOTS('',5,(#583,#584,#585,#586,#587,#588),
  .UNSPECIFIED.,.F.,.F.,(6,6),(4.05206224589,4.146053846561),
  .PIECEWISE_BEZIER_KNOTS.);
#583 = CARTESIAN_POINT('',(-3.10682319191,-26.5));
#584 = CARTESIAN_POINT('',(-3.107476667696,-21.4453135628));
#585 = CARTESIAN_POINT('',(-3.108114797456,-16.27178078385));
#586 = CARTESIAN_POINT('',(-3.108738061111,-10.97568035562));
#587 = CARTESIAN_POINT('',(-3.109346916172,-5.553116152571));
#588 = CARTESIAN_POINT('',(-3.10994179972,-5.661044742179E-14));
#589 = ( GEOMETRIC_REPRESENTATION_CONTEXT(2) 
PARAMETRIC_REPRESENTATION_CONTEXT() REPRESENTATION_CONTEXT('2D SPACE',''
  ) );
#590 = ORIENTED_EDGE('',*,*,#591,.F.);
#591 = EDGE_CURVE('',#592,#565,#594,.T.);
#592 = VERTEX_POINT('',#593);
#593 = CARTESIAN_POINT('',(56.750503951083,0.6,1.));
#594 = SURFACE_CURVE('',#595,(#599,#606),.PCURVE_S1.);
#595 = LINE('',#596,#597);
#596 = CARTESIAN_POINT('',(19.3,0.6,1.));
#597 = VECTOR('',#598,1.);
#598 = DIRECTION('',(-1.,0.,0.));
#599 = PCURVE('',#151,#600);
#600 = DEFINITIONAL_REPRESENTATION('',(#601),#605);
#601 = LINE('',#602,#603);
#602 = CARTESIAN_POINT('',(2.,18.5));
#603 = VECTOR('',#604,1.);
#604 = DIRECTION('',(0.,-1.));
#605 = ( GEOMETRIC_REPRESENTATION_CONTEXT(2) 
PARAMETRIC_REPRESENTATION_CONTEXT() REPRESENTATION_CONTEXT('2D SPACE',''
  ) );
#606 = PCURVE('',#607,#612);
#607 = PLANE('',#608);
#608 = AXIS2_PLACEMENT_3D('',#609,#610,#611);
#609 = CARTESIAN_POINT('',(37.8,0.,1.));
#610 = DIRECTION('',(0.,0.,1.));
#611 = DIRECTION('',(1.,0.,0.));
#612 = DEFINITIONAL_REPRESENTATION('',(#613),#617);
#613 = LINE('',#614,#615);
#614 = CARTESIAN_POINT('',(-18.5,0.6));
#615 = VECTOR('',#616,1.);
#616 = DIRECTION('',(-1.,0.));
#617 = ( GEOMETRIC_REPRESENTATION_CONTEXT(2) 
PARAMETRIC_REPRESENTATION_CONTEXT() REPRESENTATION_CONTEXT('2D SPACE',''
  ) );
#618 = ORIENTED_EDGE('',*,*,#619,.T.);
#619 = EDGE_CURVE('',#592,#620,#622,.T.);
#620 = VERTEX_POINT('',#621);
#621 = CARTESIAN_POINT('',(56.281357946679,0.6,8.309402627936));
#622 = SURFACE_CURVE('',#623,(#628,#635),.PCURVE_S1.);
#623 = HYPERBOLA('',#624,9.352941176471,0.6);
#624 = AXIS2_PLACEMENT_3D('',#625,#626,#627);
#625 = CARTESIAN_POINT('',(37.8,0.6,296.55294117647));
#626 = DIRECTION('',(0.,1.,0.));
#627 = DIRECTION('',(0.,0.,-1.));
#628 = PCURVE('',#151,#629);
#629 = DEFINITIONAL_REPRESENTATION('',(#630),#634);
#630 = HYPERBOLA('',#631,9.352941176471,0.6);
#631 = AXIS2_PLACEMENT_2D('',#632,#633);
#632 = CARTESIAN_POINT('',(297.55294117647,37.));
#633 = DIRECTION('',(-1.,0.));
#634 = ( GEOMETRIC_REPRESENTATION_CONTEXT(2) 
PARAMETRIC_REPRESENTATION_CONTEXT() REPRESENTATION_CONTEXT('2D SPACE',''
  ) );
#635 = PCURVE('',#521,#636);
#636 = DEFINITIONAL_REPRESENTATION('',(#637),#644);
#637 = B_SPLINE_CURVE_WITH_KNOTS('',5,(#638,#639,#640,#641,#642,#643),
  .UNSPECIFIED.,.F.,.F.,(6,6),(-4.146053846561,-4.05206224589),
  .PIECEWISE_BEZIER_KNOTS.);
#638 = CARTESIAN_POINT('',(-3.165085386943E-02,-5.661044742179E-14));
#639 = CARTESIAN_POINT('',(-3.224573741798E-02,-5.553116152571));
#640 = CARTESIAN_POINT('',(-3.285459247903E-02,-10.97568035562));
#641 = CARTESIAN_POINT('',(-3.347785613395E-02,-16.27178078385));
#642 = CARTESIAN_POINT('',(-3.411598589332E-02,-21.4453135628));
#643 = CARTESIAN_POINT('',(-3.476946168014E-02,-26.5));
#644 = ( GEOMETRIC_REPRESENTATION_CONTEXT(2) 
PARAMETRIC_REPRESENTATION_CONTEXT() REPRESENTATION_CONTEXT('2D SPACE',''
  ) );
#645 = ORIENTED_EDGE('',*,*,#646,.F.);
#646 = EDGE_CURVE('',#376,#620,#647,.T.);
#647 = SURFACE_CURVE('',#648,(#652,#659),.PCURVE_S1.);
#648 = LINE('',#649,#650);
#649 = CARTESIAN_POINT('',(37.8,0.6,8.309402627941));
#650 = VECTOR('',#651,1.);
#651 = DIRECTION('',(-1.,-0.,-0.));
#652 = PCURVE('',#151,#653);
#653 = DEFINITIONAL_REPRESENTATION('',(#654),#658);
#654 = LINE('',#655,#656);
#655 = CARTESIAN_POINT('',(9.309402627941,37.));
#656 = VECTOR('',#657,1.);
#657 = DIRECTION('',(0.,-1.));
#658 = ( GEOMETRIC_REPRESENTATION_CONTEXT(2) 
PARAMETRIC_REPRESENTATION_CONTEXT() REPRESENTATION_CONTEXT('2D SPACE',''
  ) );
#659 = PCURVE('',#396,#660);
#660 = DEFINITIONAL_REPRESENTATION('',(#661),#665);
#661 = LINE('',#662,#663);
#662 = CARTESIAN_POINT('',(-5.073101700748,0.));
#663 = VECTOR('',#664,1.);
#664 = DIRECTION('',(-0.,1.));
#665 = ( GEOMETRIC_REPRESENTATION_CONTEXT(2) 
PARAMETRIC_REPRESENTATION_CONTEXT() REPRESENTATION_CONTEXT('2D SPACE',''
  ) );
#666 = ADVANCED_FACE('',(#667),#123,.F.);
#667 = FACE_BOUND('',#668,.F.);
#668 = EDGE_LOOP('',(#669,#670,#671,#694));
#669 = ORIENTED_EDGE('',*,*,#436,.T.);
#670 = ORIENTED_EDGE('',*,*,#107,.T.);
#671 = ORIENTED_EDGE('',*,*,#672,.F.);
#672 = EDGE_CURVE('',#673,#79,#675,.T.);
#673 = VERTEX_POINT('',#674);
#674 = CARTESIAN_POINT('',(14.3,13.294735800308,30.));
#675 = SURFACE_CURVE('',#676,(#680,#687),.PCURVE_S1.);
#676 = LINE('',#677,#678);
#677 = CARTESIAN_POINT('',(14.3,13.294735800308,0.));
#678 = VECTOR('',#679,1.);
#679 = DIRECTION('',(-0.,-0.,-1.));
#680 = PCURVE('',#123,#681);
#681 = DEFINITIONAL_REPRESENTATION('',(#682),#686);
#682 = LINE('',#683,#684);
#683 = CARTESIAN_POINT('',(2.,-60.2947358003));
#684 = VECTOR('',#685,1.);
#685 = DIRECTION('',(-1.,0.));
#686 = ( GEOMETRIC_REPRESENTATION_CONTEXT(2) 
PARAMETRIC_REPRESENTATION_CONTEXT() REPRESENTATION_CONTEXT('2D SPACE',''
  ) );
#687 = PCURVE('',#95,#688);
#688 = DEFINITIONAL_REPRESENTATION('',(#689),#693);
#689 = LINE('',#690,#691);
#690 = CARTESIAN_POINT('',(-2.62675032546,0.));
#691 = VECTOR('',#692,1.);
#692 = DIRECTION('',(-0.,1.));
#693 = ( GEOMETRIC_REPRESENTATION_CONTEXT(2) 
PARAMETRIC_REPRESENTATION_CONTEXT() REPRESENTATION_CONTEXT('2D SPACE',''
  ) );
#694 = ORIENTED_EDGE('',*,*,#695,.F.);
#695 = EDGE_CURVE('',#437,#673,#696,.T.);
#696 = SURFACE_CURVE('',#697,(#701,#708),.PCURVE_S1.);
#697 = LINE('',#698,#699);
#698 = CARTESIAN_POINT('',(14.3,-25.5,30.));
#699 = VECTOR('',#700,1.);
#700 = DIRECTION('',(0.,1.,0.));
#701 = PCURVE('',#123,#702);
#702 = DEFINITIONAL_REPRESENTATION('',(#703),#707);
#703 = LINE('',#704,#705);
#704 = CARTESIAN_POINT('',(32.,-21.5));
#705 = VECTOR('',#706,1.);
#706 = DIRECTION('',(0.,-1.));
#707 = ( GEOMETRIC_REPRESENTATION_CONTEXT(2) 
PARAMETRIC_REPRESENTATION_CONTEXT() REPRESENTATION_CONTEXT('2D SPACE',''
  ) );
#708 = PCURVE('',#232,#709);
#709 = DEFINITIONAL_REPRESENTATION('',(#710),#714);
#710 = LINE('',#711,#712);
#711 = CARTESIAN_POINT('',(-49.5,-21.5));
#712 = VECTOR('',#713,1.);
#713 = DIRECTION('',(0.,1.));
#714 = ( GEOMETRIC_REPRESENTATION_CONTEXT(2) 
PARAMETRIC_REPRESENTATION_CONTEXT() REPRESENTATION_CONTEXT('2D SPACE',''
  ) );
#715 = ADVANCED_FACE('',(#716),#95,.T.);
#716 = FACE_BOUND('',#717,.F.);
#717 = EDGE_LOOP('',(#718,#719,#720,#742));
#718 = ORIENTED_EDGE('',*,*,#78,.F.);
#719 = ORIENTED_EDGE('',*,*,#193,.F.);
#720 = ORIENTED_EDGE('',*,*,#721,.T.);
#721 = EDGE_CURVE('',#194,#673,#722,.T.);
#722 = SURFACE_CURVE('',#723,(#728,#735),.PCURVE_S1.);
#723 = CIRCLE('',#724,27.);
#724 = AXIS2_PLACEMENT_3D('',#725,#726,#727);
#725 = CARTESIAN_POINT('',(37.8,0.,30.));
#726 = DIRECTION('',(0.,0.,1.));
#727 = DIRECTION('',(1.,0.,0.));
#728 = PCURVE('',#95,#729);
#729 = DEFINITIONAL_REPRESENTATION('',(#730),#734);
#730 = LINE('',#731,#732);
#731 = CARTESIAN_POINT('',(-0.,-30.));
#732 = VECTOR('',#733,1.);
#733 = DIRECTION('',(-1.,0.));
#734 = ( GEOMETRIC_REPRESENTATION_CONTEXT(2) 
PARAMETRIC_REPRESENTATION_CONTEXT() REPRESENTATION_CONTEXT('2D SPACE',''
  ) );
#735 = PCURVE('',#232,#736);
#736 = DEFINITIONAL_REPRESENTATION('',(#737),#741);
#737 = CIRCLE('',#738,27.);
#738 = AXIS2_PLACEMENT_2D('',#739,#740);
#739 = CARTESIAN_POINT('',(-26.,4.));
#740 = DIRECTION('',(1.,0.));
#741 = ( GEOMETRIC_REPRESENTATION_CONTEXT(2) 
PARAMETRIC_REPRESENTATION_CONTEXT() REPRESENTATION_CONTEXT('2D SPACE',''
  ) );
#742 = ORIENTED_EDGE('',*,*,#672,.T.);
#743 = ADVANCED_FACE('',(#744),#232,.T.);
#744 = FACE_BOUND('',#745,.T.);
#745 = EDGE_LOOP('',(#746,#747,#748,#749,#750));
#746 = ORIENTED_EDGE('',*,*,#216,.F.);
#747 = ORIENTED_EDGE('',*,*,#721,.T.);
#748 = ORIENTED_EDGE('',*,*,#695,.F.);
#749 = ORIENTED_EDGE('',*,*,#459,.F.);
#750 = ORIENTED_EDGE('',*,*,#268,.T.);
#751 = ADVANCED_FACE('',(#752),#335,.F.);
#752 = FACE_BOUND('',#753,.T.);
#753 = EDGE_LOOP('',(#754,#755,#756,#1020));
#754 = ORIENTED_EDGE('',*,*,#314,.F.);
#755 = ORIENTED_EDGE('',*,*,#481,.T.);
#756 = ORIENTED_EDGE('',*,*,#757,.T.);
#757 = EDGE_CURVE('',#482,#758,#760,.T.);
#758 = VERTEX_POINT('',#759);
#759 = CARTESIAN_POINT('',(55.645917094169,0.6,18.209402627941));
#760 = SURFACE_CURVE('',#761,(#830,#925),.PCURVE_S1.);
#761 = B_SPLINE_CURVE_WITH_KNOTS('',7,(#762,#763,#764,#765,#766,#767,
    #768,#769,#770,#771,#772,#773,#774,#775,#776,#777,#778,#779,#780,
    #781,#782,#783,#784,#785,#786,#787,#788,#789,#790,#791,#792,#793,
    #794,#795,#796,#797,#798,#799,#800,#801,#802,#803,#804,#805,#806,
    #807,#808,#809,#810,#811,#812,#813,#814,#815,#816,#817,#818,#819,
    #820,#821,#822,#823,#824,#825,#826,#827,#828,#829),.UNSPECIFIED.,.F.
  ,.F.,(8,6,6,6,6,6,6,6,6,6,6,8),(0.,0.255090723962,0.448122603612,
    0.981896196385,0.993964649723,1.131964398402,1.268556485591,
    1.40242493355,1.532936532662,1.719837247084,1.854011989699,
    1.966896880667),.UNSPECIFIED.);
#762 = CARTESIAN_POINT('',(55.4417238063,0.599999996304,21.390597362262)
  );
#763 = CARTESIAN_POINT('',(55.44091306855,0.682749595318,21.359382798001
    ));
#764 = CARTESIAN_POINT('',(55.440047692939,0.762466076487,
    21.323575265828));
#765 = CARTESIAN_POINT('',(55.439172940232,0.83878050806,21.283598446229
    ));
#766 = CARTESIAN_POINT('',(55.438336973238,0.911454922372,
    21.239897231135));
#767 = CARTESIAN_POINT('',(55.437585365776,0.980350860263,
    21.192899812842));
#768 = CARTESIAN_POINT('',(55.436958462535,1.045404800859,
    21.142992735958));
#769 = CARTESIAN_POINT('',(55.436138298588,1.152925946225,
    21.050793430095));
#770 = CARTESIAN_POINT('',(55.435876640504,1.197036140181,
    21.009603753948));
#771 = CARTESIAN_POINT('',(55.435721960183,1.238938912443,
    20.967083569554));
#772 = CARTESIAN_POINT('',(55.435687874294,1.278641921242,
    20.923365327055));
#773 = CARTESIAN_POINT('',(55.435786349101,1.316160530515,
    20.878569515941));
#774 = CARTESIAN_POINT('',(55.436027778,1.351515711269,20.832803939908)
  );
#775 = CARTESIAN_POINT('',(55.437508563604,1.476581783219,
    20.657190997359));
#776 = CARTESIAN_POINT('',(55.439756240559,1.551986842104,
    20.521652063116));
#777 = CARTESIAN_POINT('',(55.443350621773,1.61163463135,20.381400004429
    ));
#778 = CARTESIAN_POINT('',(55.448401078018,1.655947604868,
    20.237939176436));
#779 = CARTESIAN_POINT('',(55.454943119568,1.685312796184,
    20.092554486817));
#780 = CARTESIAN_POINT('',(55.462956337991,1.7,19.946294051193));
#781 = CARTESIAN_POINT('',(55.472597730307,1.7,19.796692337436));
#782 = CARTESIAN_POINT('',(55.472811619158,1.699992491723,
    19.793384714407));
#783 = CARTESIAN_POINT('',(55.473026226862,1.699977475493,
    19.790077142769));
#784 = CARTESIAN_POINT('',(55.473241552573,1.699954951585,
    19.786769634374));
#785 = CARTESIAN_POINT('',(55.473457595426,1.699924920227,
    19.783462201076));
#786 = CARTESIAN_POINT('',(55.473674354545,1.6998873816,19.780154854726)
  );
#787 = CARTESIAN_POINT('',(55.476378595488,1.699327248795,
    19.739030057686));
#788 = CARTESIAN_POINT('',(55.478958890226,1.697830578829,
    19.701225538941));
#789 = CARTESIAN_POINT('',(55.48163139261,1.695352525909,19.663451564867
    ));
#790 = CARTESIAN_POINT('',(55.484394496495,1.69189247669,19.625725877522
    ));
#791 = CARTESIAN_POINT('',(55.487246310227,1.687449004509,
    19.588066447097));
#792 = CARTESIAN_POINT('',(55.490184656649,1.682019869389,
    19.550491471914));
#793 = CARTESIAN_POINT('',(55.496198659487,1.669249631743,
    19.475929517686));
#794 = CARTESIAN_POINT('',(55.49927258367,1.661928625291,19.438940688232
    ));
#795 = CARTESIAN_POINT('',(55.502426468538,1.653636021194,
    19.402070729086));
#796 = CARTESIAN_POINT('',(55.505657603115,1.644368106186,
    19.365338194106));
#797 = CARTESIAN_POINT('',(55.508962942555,1.63412043122,19.328762351991
    ));
#798 = CARTESIAN_POINT('',(55.51233910814,1.622887811466,19.292363186272
    ));
#799 = CARTESIAN_POINT('',(55.519157007612,1.598684576832,
    19.220681466234));
#800 = CARTESIAN_POINT('',(55.522596052135,1.585753169237,
    19.185391394487));
#801 = CARTESIAN_POINT('',(55.526096037752,1.57186448117,19.150310618553
    ));
#802 = CARTESIAN_POINT('',(55.52965307968,1.557012376099,19.115459806505
    ));
#803 = CARTESIAN_POINT('',(55.533262891449,1.541190203322,
    19.080860856026));
#804 = CARTESIAN_POINT('',(55.536920784905,1.524390797965,
    19.046536894402));
#805 = CARTESIAN_POINT('',(55.544229753116,1.4892681187,18.979340854685)
  );
#806 = CARTESIAN_POINT('',(55.547878646948,1.470993818875,
    18.946454271954));
#807 = CARTESIAN_POINT('',(55.551563643851,1.451776359746,
    18.913875060964));
#808 = CARTESIAN_POINT('',(55.555279551148,1.431608479609,
    18.881627519705));
#809 = CARTESIAN_POINT('',(55.559020691343,1.410482876817,18.84973771353
    ));
#810 = CARTESIAN_POINT('',(55.562780902115,1.38839220978,18.818233475159
    ));
#811 = CARTESIAN_POINT('',(55.571956182778,1.332301287238,18.74262292517
    ));
#812 = CARTESIAN_POINT('',(55.57738406596,1.297280546713,18.698954620156
    ));
#813 = CARTESIAN_POINT('',(55.582817824753,1.260244509518,
    18.656224837853));
#814 = CARTESIAN_POINT('',(55.588235330678,1.221173904664,
    18.614531017994));
#815 = CARTESIAN_POINT('',(55.59361170762,1.180054342881,18.573982071628
    ));
#816 = CARTESIAN_POINT('',(55.598919351558,1.136878103449,
    18.534697760919));
#817 = CARTESIAN_POINT('',(55.607867167644,1.059174047121,
    18.469607335811));
#818 = CARTESIAN_POINT('',(55.611555203071,1.025643785061,18.44312635786
    ));
#819 = CARTESIAN_POINT('',(55.615180819259,0.991056144141,
    18.417413588054));
#820 = CARTESIAN_POINT('',(55.618731862054,0.955416071986,
    18.392521575243));
#821 = CARTESIAN_POINT('',(55.62219539993,0.918733346418,18.368506293419
    ));
#822 = CARTESIAN_POINT('',(55.625557863463,0.881023467309,
    18.345426460977));
#823 = CARTESIAN_POINT('',(55.631537245306,0.809736625363,
    18.304763320743));
#824 = CARTESIAN_POINT('',(55.634187779165,0.776453584489,
    18.286889117534));
#825 = CARTESIAN_POINT('',(55.636748404077,0.742473127766,
    18.269756593406));
#826 = CARTESIAN_POINT('',(55.639210437246,0.707812888323,
    18.253403444521));
#827 = CARTESIAN_POINT('',(55.641565059302,0.672494965041,
    18.237868011757));
#828 = CARTESIAN_POINT('',(55.643803478221,0.63654645712,18.223188572324
    ));
#829 = CARTESIAN_POINT('',(55.645917093248,0.599999998649,
    18.209402631381));
#830 = PCURVE('',#335,#831);
#831 = DEFINITIONAL_REPRESENTATION('',(#832),#924);
#832 = B_SPLINE_CURVE_WITH_KNOTS('',3,(#833,#834,#835,#836,#837,#838,
    #839,#840,#841,#842,#843,#844,#845,#846,#847,#848,#849,#850,#851,
    #852,#853,#854,#855,#856,#857,#858,#859,#860,#861,#862,#863,#864,
    #865,#866,#867,#868,#869,#870,#871,#872,#873,#874,#875,#876,#877,
    #878,#879,#880,#881,#882,#883,#884,#885,#886,#887,#888,#889,#890,
    #891,#892,#893,#894,#895,#896,#897,#898,#899,#900,#901,#902,#903,
    #904,#905,#906,#907,#908,#909,#910,#911,#912,#913,#914,#915,#916,
    #917,#918,#919,#920,#921,#922,#923),.UNSPECIFIED.,.F.,.F.,(4,1,1,1,1
    ,1,1,1,1,1,1,1,1,1,1,1,1,1,1,1,1,1,1,1,1,1,1,1,1,1,1,1,1,1,1,1,1,1,1
    ,1,1,1,1,1,1,1,1,1,1,1,1,1,1,1,1,1,1,1,1,1,1,1,1,1,1,1,1,1,1,1,1,1,1
    ,1,1,1,1,1,1,1,1,1,1,1,1,1,1,1,4),(0.,2.235110091667E-02,
    4.470220183335E-02,6.705330275002E-02,8.94044036667E-02,
    0.111755504583,0.1341066055,0.156457706417,0.178808807333,
    0.20115990825,0.223511009167,0.245862110083,0.268213211,
    0.290564311917,0.312915412833,0.33526651375,0.357617614667,
    0.379968715583,0.4023198165,0.424670917417,0.447022018333,
    0.46937311925,0.491724220167,0.514075321084,0.536426422,
    0.558777522917,0.581128623834,0.60347972475,0.625830825667,
    0.648181926584,0.6705330275,0.692884128417,0.715235229334,
    0.73758633025,0.759937431167,0.782288532084,0.804639633,
    0.826990733917,0.849341834834,0.87169293575,0.894044036667,
    0.916395137584,0.9387462385,0.961097339417,0.983448440334,
    1.00579954125,1.028150642167,1.050501743084,1.072852844,
    1.095203944917,1.117555045834,1.13990614675,1.162257247667,
    1.184608348584,1.2069594495,1.229310550417,1.251661651334,
    1.27401275225,1.296363853167,1.318714954084,1.341066055,
    1.363417155917,1.385768256834,1.40811935775,1.430470458667,
    1.452821559584,1.475172660501,1.497523761417,1.519874862334,
    1.542225963251,1.564577064167,1.586928165084,1.609279266001,
    1.631630366917,1.653981467834,1.676332568751,1.698683669667,
    1.721034770584,1.743385871501,1.765736972417,1.788088073334,
    1.810439174251,1.832790275167,1.855141376084,1.877492477001,
    1.899843577917,1.922194678834,1.944545779751,1.966896880667),
  .QUASI_UNIFORM_KNOTS.);
#833 = CARTESIAN_POINT('',(-7.493268913611,-17.6417238063));
#834 = CARTESIAN_POINT('',(-7.482632565398,-17.64155805856));
#835 = CARTESIAN_POINT('',(-7.461437351719,-17.64122066868));
#836 = CARTESIAN_POINT('',(-7.429882777507,-17.64070342805));
#837 = CARTESIAN_POINT('',(-7.398572880078,-17.64018154853));
#838 = CARTESIAN_POINT('',(-7.367511876476,-17.63966158382));
#839 = CARTESIAN_POINT('',(-7.336702714605,-17.63915004001));
#840 = CARTESIAN_POINT('',(-7.306146968053,-17.6386533347));
#841 = CARTESIAN_POINT('',(-7.275844980879,-17.63817775267));
#842 = CARTESIAN_POINT('',(-7.245795916889,-17.63772941078));
#843 = CARTESIAN_POINT('',(-7.215997810708,-17.63731422861));
#844 = CARTESIAN_POINT('',(-7.186447593331,-17.63693790571));
#845 = CARTESIAN_POINT('',(-7.157141121825,-17.63660590578));
#846 = CARTESIAN_POINT('',(-7.128073140406,-17.63632344548));
#847 = CARTESIAN_POINT('',(-7.099238176993,-17.63609549675));
#848 = CARTESIAN_POINT('',(-7.070629593146,-17.63592678216));
#849 = CARTESIAN_POINT('',(-7.042240783494,-17.63582176792));
#850 = CARTESIAN_POINT('',(-7.014064916225,-17.6357846704));
#851 = CARTESIAN_POINT('',(-6.986094995912,-17.63581945931));
#852 = CARTESIAN_POINT('',(-6.95832370808,-17.63592986303));
#853 = CARTESIAN_POINT('',(-6.930743803063,-17.63611936833));
#854 = CARTESIAN_POINT('',(-6.903346528776,-17.63639124063));
#855 = CARTESIAN_POINT('',(-6.876127315743,-17.63674846767));
#856 = CARTESIAN_POINT('',(-6.849081127544,-17.63719378375));
#857 = CARTESIAN_POINT('',(-6.822197190536,-17.63772979088));
#858 = CARTESIAN_POINT('',(-6.795466873082,-17.63835887716));
#859 = CARTESIAN_POINT('',(-6.768881508973,-17.6390832409));
#860 = CARTESIAN_POINT('',(-6.742432909191,-17.63990488711));
#861 = CARTESIAN_POINT('',(-6.716113159697,-17.64082563172));
#862 = CARTESIAN_POINT('',(-6.689914616199,-17.64184710425));
#863 = CARTESIAN_POINT('',(-6.663829851154,-17.64297075121));
#864 = CARTESIAN_POINT('',(-6.637851617892,-17.64419783974));
#865 = CARTESIAN_POINT('',(-6.61197281383,-17.64552946155));
#866 = CARTESIAN_POINT('',(-6.586186446983,-17.6469665371));
#867 = CARTESIAN_POINT('',(-6.560485604051,-17.64850982004));
#868 = CARTESIAN_POINT('',(-6.534863419966,-17.65015990197));
#869 = CARTESIAN_POINT('',(-6.509313048446,-17.65191721729));
#870 = CARTESIAN_POINT('',(-6.483827633116,-17.65378204841));
#871 = CARTESIAN_POINT('',(-6.45840027913,-17.65575453103));
#872 = CARTESIAN_POINT('',(-6.433024024034,-17.65783465975));
#873 = CARTESIAN_POINT('',(-6.407691811182,-17.66002229354));
#874 = CARTESIAN_POINT('',(-6.38239645217,-17.66231716248));
#875 = CARTESIAN_POINT('',(-6.35713062779,-17.66471887041));
#876 = CARTESIAN_POINT('',(-6.331886741996,-17.6672269137));
#877 = CARTESIAN_POINT('',(-6.306657320525,-17.66984064015));
#878 = CARTESIAN_POINT('',(-6.281433372564,-17.67255943223));
#879 = CARTESIAN_POINT('',(-6.256210419989,-17.6753820455));
#880 = CARTESIAN_POINT('',(-6.230984145784,-17.67830701399));
#881 = CARTESIAN_POINT('',(-6.20574709095,-17.68133306308));
#882 = CARTESIAN_POINT('',(-6.180492660261,-17.68445865969));
#883 = CARTESIAN_POINT('',(-6.155214019837,-17.68768213117));
#884 = CARTESIAN_POINT('',(-6.129904362411,-17.69100163139));
#885 = CARTESIAN_POINT('',(-6.104556748049,-17.69441515748));
#886 = CARTESIAN_POINT('',(-6.079164335056,-17.69792050613));
#887 = CARTESIAN_POINT('',(-6.053720091115,-17.70151531946));
#888 = CARTESIAN_POINT('',(-6.028216982326,-17.70519703671));
#889 = CARTESIAN_POINT('',(-6.002647928261,-17.70896289734));
#890 = CARTESIAN_POINT('',(-5.977005783995,-17.71280993635));
#891 = CARTESIAN_POINT('',(-5.951283234398,-17.71673499989));
#892 = CARTESIAN_POINT('',(-5.92547304463,-17.72073467945));
#893 = CARTESIAN_POINT('',(-5.899567750785,-17.72480537064));
#894 = CARTESIAN_POINT('',(-5.873559851803,-17.72894321276));
#895 = CARTESIAN_POINT('',(-5.847441798844,-17.73314408242));
#896 = CARTESIAN_POINT('',(-5.821205965736,-17.73740358991));
#897 = CARTESIAN_POINT('',(-5.794844514463,-17.74171710032));
#898 = CARTESIAN_POINT('',(-5.768349743823,-17.74607964025));
#899 = CARTESIAN_POINT('',(-5.741713675788,-17.75048597327));
#900 = CARTESIAN_POINT('',(-5.714928346532,-17.75493052012));
#901 = CARTESIAN_POINT('',(-5.687985788892,-17.75940735096));
#902 = CARTESIAN_POINT('',(-5.660878013752,-17.76391017919));
#903 = CARTESIAN_POINT('',(-5.633596784756,-17.76843239392));
#904 = CARTESIAN_POINT('',(-5.606134586485,-17.77296686439));
#905 = CARTESIAN_POINT('',(-5.57848299225,-17.77750621645));
#906 = CARTESIAN_POINT('',(-5.550633995484,-17.78204258395));
#907 = CARTESIAN_POINT('',(-5.522579842733,-17.78656763334));
#908 = CARTESIAN_POINT('',(-5.494313039813,-17.79107255771));
#909 = CARTESIAN_POINT('',(-5.465826286351,-17.79554808321));
#910 = CARTESIAN_POINT('',(-5.437112535186,-17.79998445677));
#911 = CARTESIAN_POINT('',(-5.408164634911,-17.80437149592));
#912 = CARTESIAN_POINT('',(-5.378976534368,-17.80869840781));
#913 = CARTESIAN_POINT('',(-5.349542955256,-17.81295388404));
#914 = CARTESIAN_POINT('',(-5.319858887423,-17.81712616766));
#915 = CARTESIAN_POINT('',(-5.289920436501,-17.82120297592));
#916 = CARTESIAN_POINT('',(-5.25972464651,-17.82517157506));
#917 = CARTESIAN_POINT('',(-5.229269500417,-17.82901882887));
#918 = CARTESIAN_POINT('',(-5.198554321204,-17.83273120001));
#919 = CARTESIAN_POINT('',(-5.167580268824,-17.83629480637));
#920 = CARTESIAN_POINT('',(-5.136350071753,-17.83969553527));
#921 = CARTESIAN_POINT('',(-5.104868107379,-17.84291912842));
#922 = CARTESIAN_POINT('',(-5.083716993262,-17.8449406158));
#923 = CARTESIAN_POINT('',(-5.073101700719,-17.84591709324));
#924 = ( GEOMETRIC_REPRESENTATION_CONTEXT(2) 
PARAMETRIC_REPRESENTATION_CONTEXT() REPRESENTATION_CONTEXT('2D SPACE',''
  ) );
#925 = PCURVE('',#521,#926);
#926 = DEFINITIONAL_REPRESENTATION('',(#927),#1019);
#927 = B_SPLINE_CURVE_WITH_KNOTS('',3,(#928,#929,#930,#931,#932,#933,
    #934,#935,#936,#937,#938,#939,#940,#941,#942,#943,#944,#945,#946,
    #947,#948,#949,#950,#951,#952,#953,#954,#955,#956,#957,#958,#959,
    #960,#961,#962,#963,#964,#965,#966,#967,#968,#969,#970,#971,#972,
    #973,#974,#975,#976,#977,#978,#979,#980,#981,#982,#983,#984,#985,
    #986,#987,#988,#989,#990,#991,#992,#993,#994,#995,#996,#997,#998,
    #999,#1000,#1001,#1002,#1003,#1004,#1005,#1006,#1007,#1008,#1009,
    #1010,#1011,#1012,#1013,#1014,#1015,#1016,#1017,#1018),
  .UNSPECIFIED.,.F.,.F.,(4,1,1,1,1,1,1,1,1,1,1,1,1,1,1,1,1,1,1,1,1,1,1,1
    ,1,1,1,1,1,1,1,1,1,1,1,1,1,1,1,1,1,1,1,1,1,1,1,1,1,1,1,1,1,1,1,1,1,1
    ,1,1,1,1,1,1,1,1,1,1,1,1,1,1,1,1,1,1,1,1,1,1,1,1,1,1,1,1,1,1,4),(0.,
    2.235110091667E-02,4.470220183335E-02,6.705330275002E-02,
    8.94044036667E-02,0.111755504583,0.1341066055,0.156457706417,
    0.178808807333,0.20115990825,0.223511009167,0.245862110083,
    0.268213211,0.290564311917,0.312915412833,0.33526651375,
    0.357617614667,0.379968715583,0.4023198165,0.424670917417,
    0.447022018333,0.46937311925,0.491724220167,0.514075321084,
    0.536426422,0.558777522917,0.581128623834,0.60347972475,
    0.625830825667,0.648181926584,0.6705330275,0.692884128417,
    0.715235229334,0.73758633025,0.759937431167,0.782288532084,
    0.804639633,0.826990733917,0.849341834834,0.87169293575,
    0.894044036667,0.916395137584,0.9387462385,0.961097339417,
    0.983448440334,1.00579954125,1.028150642167,1.050501743084,
    1.072852844,1.095203944917,1.117555045834,1.13990614675,
    1.162257247667,1.184608348584,1.2069594495,1.229310550417,
    1.251661651334,1.27401275225,1.296363853167,1.318714954084,
    1.341066055,1.363417155917,1.385768256834,1.40811935775,
    1.430470458667,1.452821559584,1.475172660501,1.497523761417,
    1.519874862334,1.542225963251,1.564577064167,1.586928165084,
    1.609279266001,1.631630366917,1.653981467834,1.676332568751,
    1.698683669667,1.721034770584,1.743385871501,1.765736972417,
    1.788088073334,1.810439174251,1.832790275167,1.855141376084,
    1.877492477001,1.899843577917,1.922194678834,1.944545779751,
    1.966896880667),.QUASI_UNIFORM_KNOTS.);
#928 = CARTESIAN_POINT('',(-3.399717756951E-02,-20.39059736231));
#929 = CARTESIAN_POINT('',(-3.495538927382E-02,-20.38421567421));
#930 = CARTESIAN_POINT('',(-3.685312386592E-02,-20.37095847031));
#931 = CARTESIAN_POINT('',(-3.964124298304E-02,-20.3496520344));
#932 = CARTESIAN_POINT('',(-4.236833385214E-02,-20.32698573612));
#933 = CARTESIAN_POINT('',(-4.503230304027E-02,-20.30302064174));
#934 = CARTESIAN_POINT('',(-4.763132657943E-02,-20.27781747334));
#935 = CARTESIAN_POINT('',(-5.016387315786E-02,-20.25143627871));
#936 = CARTESIAN_POINT('',(-5.262867328419E-02,-20.22393605508));
#937 = CARTESIAN_POINT('',(-5.502470406666E-02,-20.19537442248));
#938 = CARTESIAN_POINT('',(-5.735117083504E-02,-20.16580732218));
#939 = CARTESIAN_POINT('',(-5.960749104866E-02,-20.13528874237));
#940 = CARTESIAN_POINT('',(-6.179327748201E-02,-20.10387048712));
#941 = CARTESIAN_POINT('',(-6.390832726985E-02,-20.07160192154));
#942 = CARTESIAN_POINT('',(-6.595253841472E-02,-20.03853070066));
#943 = CARTESIAN_POINT('',(-6.79259687172E-02,-20.00470165091));
#944 = CARTESIAN_POINT('',(-6.982873795091E-02,-19.97015803533));
#945 = CARTESIAN_POINT('',(-7.166103886719E-02,-19.93494126234));
#946 = CARTESIAN_POINT('',(-7.34231247462E-02,-19.89909095322));
#947 = CARTESIAN_POINT('',(-7.511531041831E-02,-19.86264473412));
#948 = CARTESIAN_POINT('',(-7.673794288233E-02,-19.82563877218));
#949 = CARTESIAN_POINT('',(-7.829148009864E-02,-19.78810561152));
#950 = CARTESIAN_POINT('',(-7.97761675244E-02,-19.75008206639));
#951 = CARTESIAN_POINT('',(-8.119232212109E-02,-19.71160319572));
#952 = CARTESIAN_POINT('',(-8.254057484754E-02,-19.6726944892));
#953 = CARTESIAN_POINT('',(-8.382143392933E-02,-19.63338292311));
#954 = CARTESIAN_POINT('',(-8.503540519456E-02,-19.59369405907));
#955 = CARTESIAN_POINT('',(-8.618296331201E-02,-19.55365286005));
#956 = CARTESIAN_POINT('',(-8.726456243835E-02,-19.51328350629));
#957 = CARTESIAN_POINT('',(-8.828063578358E-02,-19.47260947541));
#958 = CARTESIAN_POINT('',(-8.923159764305E-02,-19.43165354825));
#959 = CARTESIAN_POINT('',(-9.01178442852E-02,-19.39043783149));
#960 = CARTESIAN_POINT('',(-9.093975468203E-02,-19.34898377282));
#961 = CARTESIAN_POINT('',(-9.169769083725E-02,-19.3073121755));
#962 = CARTESIAN_POINT('',(-9.239199779723E-02,-19.26544321081));
#963 = CARTESIAN_POINT('',(-9.302300334145E-02,-19.22339642894));
#964 = CARTESIAN_POINT('',(-9.359101737267E-02,-19.18119076861));
#965 = CARTESIAN_POINT('',(-9.409633102075E-02,-19.13884456549));
#966 = CARTESIAN_POINT('',(-9.45392154759E-02,-19.09637556));
#967 = CARTESIAN_POINT('',(-9.491992056607E-02,-19.05380090319));
#968 = CARTESIAN_POINT('',(-9.523867309522E-02,-19.01113716696));
#969 = CARTESIAN_POINT('',(-9.549567495164E-02,-18.96840033617));
#970 = CARTESIAN_POINT('',(-9.569110102421E-02,-18.92560586735));
#971 = CARTESIAN_POINT('',(-9.582509685641E-02,-18.88276849901));
#972 = CARTESIAN_POINT('',(-9.589777637198E-02,-18.83990299009));
#973 = CARTESIAN_POINT('',(-9.59092184968E-02,-18.79702139682));
#974 = CARTESIAN_POINT('',(-9.585946716362E-02,-18.75414339081));
#975 = CARTESIAN_POINT('',(-9.57485677349E-02,-18.71128891254));
#976 = CARTESIAN_POINT('',(-9.557653836636E-02,-18.66847259679));
#977 = CARTESIAN_POINT('',(-9.534337208591E-02,-18.62571064087));
#978 = CARTESIAN_POINT('',(-9.504903619743E-02,-18.58301898628));
#979 = CARTESIAN_POINT('',(-9.469347253272E-02,-18.54041382669));
#980 = CARTESIAN_POINT('',(-9.427659686327E-02,-18.49791139398));
#981 = CARTESIAN_POINT('',(-9.379830149854E-02,-18.45552840707));
#982 = CARTESIAN_POINT('',(-9.325845157433E-02,-18.41328164365));
#983 = CARTESIAN_POINT('',(-9.265688829519E-02,-18.37118831869));
#984 = CARTESIAN_POINT('',(-9.199342860217E-02,-18.32926607023));
#985 = CARTESIAN_POINT('',(-9.126786564629E-02,-18.28753299064));
#986 = CARTESIAN_POINT('',(-9.04799668535E-02,-18.24600751465));
#987 = CARTESIAN_POINT('',(-8.962948179822E-02,-18.20470889197));
#988 = CARTESIAN_POINT('',(-8.87161328221E-02,-18.16365675804));
#989 = CARTESIAN_POINT('',(-8.773962345661E-02,-18.1228715034));
#990 = CARTESIAN_POINT('',(-8.669963888103E-02,-18.08237432724));
#991 = CARTESIAN_POINT('',(-8.559584675032E-02,-18.04218725655));
#992 = CARTESIAN_POINT('',(-8.442789273743E-02,-18.00233301393));
#993 = CARTESIAN_POINT('',(-8.319541944584E-02,-17.96283560176));
#994 = CARTESIAN_POINT('',(-8.189804577816E-02,-17.92371979104));
#995 = CARTESIAN_POINT('',(-8.0535388123E-02,-17.88501157907));
#996 = CARTESIAN_POINT('',(-7.910706101475E-02,-17.84673824261));
#997 = CARTESIAN_POINT('',(-7.761267947919E-02,-17.8089283777));
#998 = CARTESIAN_POINT('',(-7.605184781496E-02,-17.77161168541));
#999 = CARTESIAN_POINT('',(-7.442422417832E-02,-17.73482029678));
#1000 = CARTESIAN_POINT('',(-7.272942863334E-02,-17.69858663475));
#1001 = CARTESIAN_POINT('',(-7.096712423244E-02,-17.66294529549));
#1002 = CARTESIAN_POINT('',(-6.913701634278E-02,-17.62793281878));
#1003 = CARTESIAN_POINT('',(-6.723886066062E-02,-17.59358770728));
#1004 = CARTESIAN_POINT('',(-6.527246686383E-02,-17.5599503487));
#1005 = CARTESIAN_POINT('',(-6.32377109501E-02,-17.5270630782));
#1006 = CARTESIAN_POINT('',(-6.113451712194E-02,-17.49496977775));
#1007 = CARTESIAN_POINT('',(-5.896295340314E-02,-17.46371719878));
#1008 = CARTESIAN_POINT('',(-5.672322420139E-02,-17.43335438902));
#1009 = CARTESIAN_POINT('',(-5.441564146907E-02,-17.40393209031));
#1010 = CARTESIAN_POINT('',(-5.204070171891E-02,-17.37550343958));
#1011 = CARTESIAN_POINT('',(-4.959908714298E-02,-17.34812352284));
#1012 = CARTESIAN_POINT('',(-4.709167753509E-02,-17.32184913669));
#1013 = CARTESIAN_POINT('',(-4.451959523976E-02,-17.29673887163));
#1014 = CARTESIAN_POINT('',(-4.188426271822E-02,-17.2728530046));
#1015 = CARTESIAN_POINT('',(-3.918739756092E-02,-17.2502528139));
#1016 = CARTESIAN_POINT('',(-3.643100940831E-02,-17.2290002886));
#1017 = CARTESIAN_POINT('',(-3.455539586881E-02,-17.21577167679));
#1018 = CARTESIAN_POINT('',(-3.36084759652E-02,-17.20940263142));
#1019 = ( GEOMETRIC_REPRESENTATION_CONTEXT(2) 
PARAMETRIC_REPRESENTATION_CONTEXT() REPRESENTATION_CONTEXT('2D SPACE',''
  ) );
#1020 = ORIENTED_EDGE('',*,*,#1021,.F.);
#1021 = EDGE_CURVE('',#315,#758,#1022,.T.);
#1022 = SURFACE_CURVE('',#1023,(#1027,#1034),.PCURVE_S1.);
#1023 = LINE('',#1024,#1025);
#1024 = CARTESIAN_POINT('',(37.8,0.6,18.209402627941));
#1025 = VECTOR('',#1026,1.);
#1026 = DIRECTION('',(-1.,-0.,-0.));
#1027 = PCURVE('',#335,#1028);
#1028 = DEFINITIONAL_REPRESENTATION('',(#1029),#1033);
#1029 = LINE('',#1030,#1031);
#1030 = CARTESIAN_POINT('',(-5.073101700748,0.));
#1031 = VECTOR('',#1032,1.);
#1032 = DIRECTION('',(-0.,1.));
#1033 = ( GEOMETRIC_REPRESENTATION_CONTEXT(2) 
PARAMETRIC_REPRESENTATION_CONTEXT() REPRESENTATION_CONTEXT('2D SPACE',''
  ) );
#1034 = PCURVE('',#363,#1035);
#1035 = DEFINITIONAL_REPRESENTATION('',(#1036),#1040);
#1036 = LINE('',#1037,#1038);
#1037 = CARTESIAN_POINT('',(19.209402627941,37.));
#1038 = VECTOR('',#1039,1.);
#1039 = DIRECTION('',(0.,-1.));
#1040 = ( GEOMETRIC_REPRESENTATION_CONTEXT(2) 
PARAMETRIC_REPRESENTATION_CONTEXT() REPRESENTATION_CONTEXT('2D SPACE',''
  ) );
#1041 = ADVANCED_FACE('',(#1042),#363,.F.);
#1042 = FACE_BOUND('',#1043,.F.);
#1043 = EDGE_LOOP('',(#1044,#1045,#1046,#1069));
#1044 = ORIENTED_EDGE('',*,*,#1021,.F.);
#1045 = ORIENTED_EDGE('',*,*,#347,.F.);
#1046 = ORIENTED_EDGE('',*,*,#1047,.T.);
#1047 = EDGE_CURVE('',#348,#1048,#1050,.T.);
#1048 = VERTEX_POINT('',#1049);
#1049 = CARTESIAN_POINT('',(56.077172583269,0.6,11.490597372059));
#1050 = SURFACE_CURVE('',#1051,(#1055,#1062),.PCURVE_S1.);
#1051 = LINE('',#1052,#1053);
#1052 = CARTESIAN_POINT('',(37.8,0.6,11.490597372059));
#1053 = VECTOR('',#1054,1.);
#1054 = DIRECTION('',(-1.,-0.,-0.));
#1055 = PCURVE('',#363,#1056);
#1056 = DEFINITIONAL_REPRESENTATION('',(#1057),#1061);
#1057 = LINE('',#1058,#1059);
#1058 = CARTESIAN_POINT('',(12.490597372059,37.));
#1059 = VECTOR('',#1060,1.);
#1060 = DIRECTION('',(0.,-1.));
#1061 = ( GEOMETRIC_REPRESENTATION_CONTEXT(2) 
PARAMETRIC_REPRESENTATION_CONTEXT() REPRESENTATION_CONTEXT('2D SPACE',''
  ) );
#1062 = PCURVE('',#396,#1063);
#1063 = DEFINITIONAL_REPRESENTATION('',(#1064),#1068);
#1064 = LINE('',#1065,#1066);
#1065 = CARTESIAN_POINT('',(-7.493268913611,0.));
#1066 = VECTOR('',#1067,1.);
#1067 = DIRECTION('',(-0.,1.));
#1068 = ( GEOMETRIC_REPRESENTATION_CONTEXT(2) 
PARAMETRIC_REPRESENTATION_CONTEXT() REPRESENTATION_CONTEXT('2D SPACE',''
  ) );
#1069 = ORIENTED_EDGE('',*,*,#1070,.T.);
#1070 = EDGE_CURVE('',#1048,#758,#1071,.T.);
#1071 = SURFACE_CURVE('',#1072,(#1077,#1084),.PCURVE_S1.);
#1072 = HYPERBOLA('',#1073,9.352941176471,0.6);
#1073 = AXIS2_PLACEMENT_3D('',#1074,#1075,#1076);
#1074 = CARTESIAN_POINT('',(37.8,0.6,296.55294117647));
#1075 = DIRECTION('',(0.,1.,0.));
#1076 = DIRECTION('',(0.,0.,-1.));
#1077 = PCURVE('',#363,#1078);
#1078 = DEFINITIONAL_REPRESENTATION('',(#1079),#1083);
#1079 = HYPERBOLA('',#1080,9.352941176471,0.6);
#1080 = AXIS2_PLACEMENT_2D('',#1081,#1082);
#1081 = CARTESIAN_POINT('',(297.55294117647,37.));
#1082 = DIRECTION('',(-1.,0.));
#1083 = ( GEOMETRIC_REPRESENTATION_CONTEXT(2) 
PARAMETRIC_REPRESENTATION_CONTEXT() REPRESENTATION_CONTEXT('2D SPACE',''
  ) );
#1084 = PCURVE('',#521,#1085);
#1085 = DEFINITIONAL_REPRESENTATION('',(#1086),#1093);
#1086 = B_SPLINE_CURVE_WITH_KNOTS('',5,(#1087,#1088,#1089,#1090,#1091,
    #1092),.UNSPECIFIED.,.F.,.F.,(6,6),(-4.146053846561,-4.05206224589),
  .PIECEWISE_BEZIER_KNOTS.);
#1087 = CARTESIAN_POINT('',(-3.165085386943E-02,-5.661044742179E-14));
#1088 = CARTESIAN_POINT('',(-3.224573741798E-02,-5.553116152571));
#1089 = CARTESIAN_POINT('',(-3.285459247903E-02,-10.97568035562));
#1090 = CARTESIAN_POINT('',(-3.347785613395E-02,-16.27178078385));
#1091 = CARTESIAN_POINT('',(-3.411598589332E-02,-21.4453135628));
#1092 = CARTESIAN_POINT('',(-3.476946168014E-02,-26.5));
#1093 = ( GEOMETRIC_REPRESENTATION_CONTEXT(2) 
PARAMETRIC_REPRESENTATION_CONTEXT() REPRESENTATION_CONTEXT('2D SPACE',''
  ) );
#1094 = ADVANCED_FACE('',(#1095),#396,.F.);
#1095 = FACE_BOUND('',#1096,.T.);
#1096 = EDGE_LOOP('',(#1097,#1098,#1099,#1361));
#1097 = ORIENTED_EDGE('',*,*,#375,.F.);
#1098 = ORIENTED_EDGE('',*,*,#1047,.T.);
#1099 = ORIENTED_EDGE('',*,*,#1100,.T.);
#1100 = EDGE_CURVE('',#1048,#620,#1101,.T.);
#1101 = SURFACE_CURVE('',#1102,(#1171,#1266),.PCURVE_S1.);
#1102 = B_SPLINE_CURVE_WITH_KNOTS('',7,(#1103,#1104,#1105,#1106,#1107,
    #1108,#1109,#1110,#1111,#1112,#1113,#1114,#1115,#1116,#1117,#1118,
    #1119,#1120,#1121,#1122,#1123,#1124,#1125,#1126,#1127,#1128,#1129,
    #1130,#1131,#1132,#1133,#1134,#1135,#1136,#1137,#1138,#1139,#1140,
    #1141,#1142,#1143,#1144,#1145,#1146,#1147,#1148,#1149,#1150,#1151,
    #1152,#1153,#1154,#1155,#1156,#1157,#1158,#1159,#1160,#1161,#1162,
    #1163,#1164,#1165,#1166,#1167,#1168,#1169,#1170),.UNSPECIFIED.,.F.,
  .F.,(8,6,6,6,6,6,6,6,6,6,6,8),(0.,0.262232185242,0.454677050607,
    0.99056976116,1.002073116129,1.139880559083,1.27684817757,
    1.411122459852,1.541569923568,1.728995656144,1.862827060755,
    1.984159916298),.UNSPECIFIED.);
#1103 = CARTESIAN_POINT('',(56.077172583242,0.599999998746,
    11.490597368736));
#1104 = CARTESIAN_POINT('',(56.076446012704,0.684328147894,
    11.458787352138));
#1105 = CARTESIAN_POINT('',(56.07567533454,0.76550402396,11.422208262612
    ));
#1106 = CARTESIAN_POINT('',(56.074905786409,0.843138532136,
    11.381308839265));
#1107 = CARTESIAN_POINT('',(56.074185553459,0.916983403041,
    11.336559787012));
#1108 = CARTESIAN_POINT('',(56.073560064295,0.98689664859,
    11.288413157771));
#1109 = CARTESIAN_POINT('',(56.073069312524,1.052815611986,
    11.237275567632));
#1110 = CARTESIAN_POINT('',(56.072512551244,1.160180435349,
    11.144027379306));
#1111 = CARTESIAN_POINT('',(56.072368258292,1.203468678311,
    11.103137800958));
#1112 = CARTESIAN_POINT('',(56.072329152545,1.244601541847,
    11.060963960096));
#1113 = CARTESIAN_POINT('',(56.07240749237,1.2835872585,11.01763258014)
  );
#1114 = CARTESIAN_POINT('',(56.072614043481,1.320441159012,
    10.973259012558));
#1115 = CARTESIAN_POINT('',(56.072958155431,1.355183739129,
    10.927946586612));
#1116 = CARTESIAN_POINT('',(56.074811435789,1.478771626127,
    10.753244499971));
#1117 = CARTESIAN_POINT('',(56.077302634282,1.553430097373,
    10.618248929133));
#1118 = CARTESIAN_POINT('',(56.081093204348,1.612491503291,
    10.478617116871));
#1119 = CARTESIAN_POINT('',(56.086282794004,1.656372953595,
    10.335826322048));
#1120 = CARTESIAN_POINT('',(56.092901944756,1.685454451053,
    10.191139047632));
#1121 = CARTESIAN_POINT('',(56.100928950258,1.7,10.045586800279));
#1122 = CARTESIAN_POINT('',(56.110509990297,1.7,9.896874865791));
#1123 = CARTESIAN_POINT('',(56.110711952888,1.699993297525,
    9.893749765629));
#1124 = CARTESIAN_POINT('',(56.11091453485,1.699979892837,9.890624709505
    ));
#1125 = CARTESIAN_POINT('',(56.111117735474,1.699959786163,
    9.887499707404));
#1126 = CARTESIAN_POINT('',(56.111321554041,1.699932977687,
    9.884374769314));
#1127 = CARTESIAN_POINT('',(56.111525989817,1.699899467561,
    9.881249905219));
#1128 = CARTESIAN_POINT('',(56.114187518894,1.699377529736,
    9.840691006203));
#1129 = CARTESIAN_POINT('',(56.116732459021,1.697934035631,
    9.803269046853));
#1130 = CARTESIAN_POINT('',(56.119364597621,1.695528965095,9.76587621913
    ));
#1131 = CARTESIAN_POINT('',(56.122082405396,1.692161726376,
    9.728529712082));
#1132 = CARTESIAN_POINT('',(56.124884088564,1.68783094445,9.691246931727
    ));
#1133 = CARTESIAN_POINT('',(56.127767588864,1.682534461028,9.65404550105
    ));
#1134 = CARTESIAN_POINT('',(56.133675521189,1.670042388927,
    9.580067127004));
#1135 = CARTESIAN_POINT('',(56.136698962666,1.662858597549,
    9.543289207714));
#1136 = CARTESIAN_POINT('',(56.139798637844,1.654715056301,
    9.506626988653));
#1137 = CARTESIAN_POINT('',(56.142971961537,1.645608140188,
    9.470098648204));
#1138 = CARTESIAN_POINT('',(56.146216033503,1.635533503335,9.43372305662
    ));
#1139 = CARTESIAN_POINT('',(56.14952763845,1.624486078985,9.397519776025
    ));
#1140 = CARTESIAN_POINT('',(56.156212475543,1.600670559705,
    9.326206460816));
#1141 = CARTESIAN_POINT('',(56.159583177811,1.587940653837,
    9.291089193857));
#1142 = CARTESIAN_POINT('',(56.16301203777,1.574264862614,9.256176297876
    ));
#1143 = CARTESIAN_POINT('',(56.166495360623,1.559637178681,
    9.221488001893));
#1144 = CARTESIAN_POINT('',(56.170029071846,1.54405108661,9.187045725611
    ));
#1145 = CARTESIAN_POINT('',(56.173608717184,1.5274995629,9.152872079417)
  );
#1146 = CARTESIAN_POINT('',(56.180747016834,1.492950037135,
    9.086075264357));
#1147 = CARTESIAN_POINT('',(56.184303313373,1.475006890151,
    9.053435969344));
#1148 = CARTESIAN_POINT('',(56.187893927657,1.456138631828,9.02109476713
    ));
#1149 = CARTESIAN_POINT('',(56.19151398334,1.436338203606,8.989075130166
    ));
#1150 = CARTESIAN_POINT('',(56.19515815234,1.415598491568,8.957402215566
    ));
#1151 = CARTESIAN_POINT('',(56.198820654846,1.393912326439,
    8.926102865106));
#1152 = CARTESIAN_POINT('',(56.207774897671,1.33874376273,8.850812702496
    ));
#1153 = CARTESIAN_POINT('',(56.213079292261,1.304247593415,
    8.807251541816));
#1154 = CARTESIAN_POINT('',(56.218390109891,1.267761880601,
    8.764605213463));
#1155 = CARTESIAN_POINT('',(56.223686410725,1.229267383771,
    8.722968449805));
#1156 = CARTESIAN_POINT('',(56.228944658108,1.188749393212,
    8.682447064592));
#1157 = CARTESIAN_POINT('',(56.234138728395,1.146199406299,
    8.643157392247));
#1158 = CARTESIAN_POINT('',(56.242882428841,1.069782582111,8.57814060949
    ));
#1159 = CARTESIAN_POINT('',(56.246477453412,1.036913109358,
    8.551748865381));
#1160 = CARTESIAN_POINT('',(56.250014523231,1.003008838128,
    8.526096805749));
#1161 = CARTESIAN_POINT('',(56.253482314514,0.968073846879,
    8.501234645185));
#1162 = CARTESIAN_POINT('',(56.25686877132,0.932116658288,8.477215893096
    ));
#1163 = CARTESIAN_POINT('',(56.260161225909,0.895151057633,8.45409674486
    ));
#1164 = CARTESIAN_POINT('',(56.266234336965,0.822787312139,8.41184384795
    ));
#1165 = CARTESIAN_POINT('',(56.269034044239,0.787565523233,
    8.392539749859));
#1166 = CARTESIAN_POINT('',(56.271735831208,0.751546931769,
    8.374066759942));
#1167 = CARTESIAN_POINT('',(56.274329486937,0.714751849887,
    8.356470308147));
#1168 = CARTESIAN_POINT('',(56.27680460915,0.677206245224,8.339796740627
    ));
#1169 = CARTESIAN_POINT('',(56.279150814095,0.638942471583,
    8.324092387219));
#1170 = CARTESIAN_POINT('',(56.281357946416,0.599999999609,
    8.309402628932));
#1171 = PCURVE('',#396,#1172);
#1172 = DEFINITIONAL_REPRESENTATION('',(#1173),#1265);
#1173 = B_SPLINE_CURVE_WITH_KNOTS('',3,(#1174,#1175,#1176,#1177,#1178,
    #1179,#1180,#1181,#1182,#1183,#1184,#1185,#1186,#1187,#1188,#1189,
    #1190,#1191,#1192,#1193,#1194,#1195,#1196,#1197,#1198,#1199,#1200,
    #1201,#1202,#1203,#1204,#1205,#1206,#1207,#1208,#1209,#1210,#1211,
    #1212,#1213,#1214,#1215,#1216,#1217,#1218,#1219,#1220,#1221,#1222,
    #1223,#1224,#1225,#1226,#1227,#1228,#1229,#1230,#1231,#1232,#1233,
    #1234,#1235,#1236,#1237,#1238,#1239,#1240,#1241,#1242,#1243,#1244,
    #1245,#1246,#1247,#1248,#1249,#1250,#1251,#1252,#1253,#1254,#1255,
    #1256,#1257,#1258,#1259,#1260,#1261,#1262,#1263,#1264),
  .UNSPECIFIED.,.F.,.F.,(4,1,1,1,1,1,1,1,1,1,1,1,1,1,1,1,1,1,1,1,1,1,1,1
    ,1,1,1,1,1,1,1,1,1,1,1,1,1,1,1,1,1,1,1,1,1,1,1,1,1,1,1,1,1,1,1,1,1,1
    ,1,1,1,1,1,1,1,1,1,1,1,1,1,1,1,1,1,1,1,1,1,1,1,1,1,1,1,1,1,1,4),(0.,
    2.254727177611E-02,4.509454355223E-02,6.764181532834E-02,
    9.018908710445E-02,0.112736358881,0.135283630657,0.157830902433,
    0.180378174209,0.202925445985,0.225472717761,0.248019989537,
    0.270567261313,0.293114533089,0.315661804866,0.338209076642,
    0.360756348418,0.383303620194,0.40585089197,0.428398163746,
    0.450945435522,0.473492707298,0.496039979074,0.518587250851,
    0.541134522627,0.563681794403,0.586229066179,0.608776337955,
    0.631323609731,0.653870881507,0.676418153283,0.69896542506,
    0.721512696836,0.744059968612,0.766607240388,0.789154512164,
    0.81170178394,0.834249055716,0.856796327492,0.879343599268,
    0.901890871045,0.924438142821,0.946985414597,0.969532686373,
    0.992079958149,1.014627229925,1.037174501701,1.059721773477,
    1.082269045253,1.10481631703,1.127363588806,1.149910860582,
    1.172458132358,1.195005404134,1.21755267591,1.240099947686,
    1.262647219462,1.285194491238,1.307741763015,1.330289034791,
    1.352836306567,1.375383578343,1.397930850119,1.420478121895,
    1.443025393671,1.465572665447,1.488119937223,1.510667209,
    1.533214480776,1.555761752552,1.578309024328,1.600856296104,
    1.62340356788,1.645950839656,1.668498111432,1.691045383209,
    1.713592654985,1.736139926761,1.758687198537,1.781234470313,
    1.803781742089,1.826329013865,1.848876285641,1.871423557417,
    1.893970829194,1.91651810097,1.939065372746,1.961612644522,
    1.984159916298),.QUASI_UNIFORM_KNOTS.);
#1174 = CARTESIAN_POINT('',(-7.493268913611,-18.27717258324));
#1175 = CARTESIAN_POINT('',(-7.482632310888,-18.27702682006));
#1176 = CARTESIAN_POINT('',(-7.461436739714,-18.27673070806));
#1177 = CARTESIAN_POINT('',(-7.429882003974,-18.27627894743));
#1178 = CARTESIAN_POINT('',(-7.398572237144,-18.27582574872));
#1179 = CARTESIAN_POINT('',(-7.367511583214,-18.27537730063));
#1180 = CARTESIAN_POINT('',(-7.336702924537,-18.27493974644));
#1181 = CARTESIAN_POINT('',(-7.306147778974,-18.27451914544));
#1182 = CARTESIAN_POINT('',(-7.275846446551,-18.27412143106));
#1183 = CARTESIAN_POINT('',(-7.245798059486,-18.27375237779));
#1184 = CARTESIAN_POINT('',(-7.216000638999,-18.27341757351));
#1185 = CARTESIAN_POINT('',(-7.186451106665,-18.2731223982));
#1186 = CARTESIAN_POINT('',(-7.157145372446,-18.27287200884));
#1187 = CARTESIAN_POINT('',(-7.12807808063,-18.27267132991));
#1188 = CARTESIAN_POINT('',(-7.099243934094,-18.27252505179));
#1189 = CARTESIAN_POINT('',(-7.07063635968,-18.27243763148));
#1190 = CARTESIAN_POINT('',(-7.042248680452,-18.27241328159));
#1191 = CARTESIAN_POINT('',(-7.014074050349,-18.27245597697));
#1192 = CARTESIAN_POINT('',(-6.986105453422,-18.27256945814));
#1193 = CARTESIAN_POINT('',(-6.958335605834,-18.27275723655));
#1194 = CARTESIAN_POINT('',(-6.9307571717,-18.27302259565));
#1195 = CARTESIAN_POINT('',(-6.903361809498,-18.27336860686));
#1196 = CARTESIAN_POINT('',(-6.876143570517,-18.2737980902));
#1197 = CARTESIAN_POINT('',(-6.849098795987,-18.27431358674));
#1198 = CARTESIAN_POINT('',(-6.822216427379,-18.27491755083));
#1199 = CARTESIAN_POINT('',(-6.795487864483,-18.27561222405));
#1200 = CARTESIAN_POINT('',(-6.768904392343,-18.27639966925));
#1201 = CARTESIAN_POINT('',(-6.742457798858,-18.27728176418));
#1202 = CARTESIAN_POINT('',(-6.716140143838,-18.27826020632));
#1203 = CARTESIAN_POINT('',(-6.689943761143,-18.27933651513));
#1204 = CARTESIAN_POINT('',(-6.663861203399,-18.28051203541));
#1205 = CARTESIAN_POINT('',(-6.637885206472,-18.2817879407));
#1206 = CARTESIAN_POINT('',(-6.612008652351,-18.28316523704));
#1207 = CARTESIAN_POINT('',(-6.58622453555,-18.28464476697));
#1208 = CARTESIAN_POINT('',(-6.560525931053,-18.28622721375));
#1209 = CARTESIAN_POINT('',(-6.534905963764,-18.28791310594));
#1210 = CARTESIAN_POINT('',(-6.509357778973,-18.28970282199));
#1211 = CARTESIAN_POINT('',(-6.483874513417,-18.29159659526));
#1212 = CARTESIAN_POINT('',(-6.458449266855,-18.29359451906));
#1213 = CARTESIAN_POINT('',(-6.433075072906,-18.295696552));
#1214 = CARTESIAN_POINT('',(-6.407744872406,-18.29790252326));
#1215 = CARTESIAN_POINT('',(-6.382451475985,-18.300212139));
#1216 = CARTESIAN_POINT('',(-6.357187564449,-18.30262498486));
#1217 = CARTESIAN_POINT('',(-6.331945544839,-18.30514054423));
#1218 = CARTESIAN_POINT('',(-6.306717941227,-18.30775815771));
#1219 = CARTESIAN_POINT('',(-6.281495785569,-18.31047720281));
#1220 = CARTESIAN_POINT('',(-6.256274532198,-18.31329644512));
#1221 = CARTESIAN_POINT('',(-6.231049841648,-18.31621443203));
#1222 = CARTESIAN_POINT('',(-6.205814252017,-18.31922990518));
#1223 = CARTESIAN_POINT('',(-6.180561160625,-18.32234135408));
#1224 = CARTESIAN_POINT('',(-6.155283726353,-18.32554713423));
#1225 = CARTESIAN_POINT('',(-6.129975130787,-18.32884543401));
#1226 = CARTESIAN_POINT('',(-6.104628430477,-18.33223428909));
#1227 = CARTESIAN_POINT('',(-6.07923677764,-18.3357115418));
#1228 = CARTESIAN_POINT('',(-6.053793127402,-18.33927488545));
#1229 = CARTESIAN_POINT('',(-6.028290447126,-18.34292181431));
#1230 = CARTESIAN_POINT('',(-6.002721650717,-18.34664963023));
#1231 = CARTESIAN_POINT('',(-5.97707958358,-18.35045543769));
#1232 = CARTESIAN_POINT('',(-5.951356925902,-18.35433615696));
#1233 = CARTESIAN_POINT('',(-5.92554644833,-18.35828845859));
#1234 = CARTESIAN_POINT('',(-5.899640666415,-18.36230882791));
#1235 = CARTESIAN_POINT('',(-5.873632091798,-18.36639349367));
#1236 = CARTESIAN_POINT('',(-5.847513173482,-18.37053843264));
#1237 = CARTESIAN_POINT('',(-5.821276275409,-18.37473936434));
#1238 = CARTESIAN_POINT('',(-5.794913561312,-18.37899176767));
#1239 = CARTESIAN_POINT('',(-5.768417341315,-18.38329078822));
#1240 = CARTESIAN_POINT('',(-5.741779615872,-18.38763132295));
#1241 = CARTESIAN_POINT('',(-5.71499244746,-18.39200792394));
#1242 = CARTESIAN_POINT('',(-5.688047879423,-18.39641480589));
#1243 = CARTESIAN_POINT('',(-5.660937878517,-18.40084584586));
#1244 = CARTESIAN_POINT('',(-5.633654326753,-18.40529457677));
#1245 = CARTESIAN_POINT('',(-5.60618961044,-18.40975405878));
#1246 = CARTESIAN_POINT('',(-5.578535281581,-18.41421710313));
#1247 = CARTESIAN_POINT('',(-5.550683414811,-18.41867602347));
#1248 = CARTESIAN_POINT('',(-5.522626284187,-18.42312268741));
#1249 = CARTESIAN_POINT('',(-5.494356412508,-18.42754850257));
#1250 = CARTESIAN_POINT('',(-5.465866488958,-18.43194442475));
#1251 = CARTESIAN_POINT('',(-5.437149451236,-18.43630094279));
#1252 = CARTESIAN_POINT('',(-5.40819805115,-18.44060813475));
#1253 = CARTESIAN_POINT('',(-5.379006658528,-18.44485541509));
#1254 = CARTESIAN_POINT('',(-5.349569663673,-18.44903179879));
#1255 = CARTESIAN_POINT('',(-5.319882232074,-18.45312579106));
#1256 = CARTESIAN_POINT('',(-5.289940462947,-18.45712541289));
#1257 = CARTESIAN_POINT('',(-5.25974141468,-18.46101824263));
#1258 = CARTESIAN_POINT('',(-5.229282985574,-18.46479147108));
#1259 = CARTESIAN_POINT('',(-5.198564760656,-18.4684318669));
#1260 = CARTESIAN_POINT('',(-5.167587809823,-18.47192589723));
#1261 = CARTESIAN_POINT('',(-5.136354905183,-18.47525979032));
#1262 = CARTESIAN_POINT('',(-5.104870417713,-18.47841964339));
#1263 = CARTESIAN_POINT('',(-5.083717743409,-18.48040093437));
#1264 = CARTESIAN_POINT('',(-5.073101700739,-18.48135794641));
#1265 = ( GEOMETRIC_REPRESENTATION_CONTEXT(2) 
PARAMETRIC_REPRESENTATION_CONTEXT() REPRESENTATION_CONTEXT('2D SPACE',''
  ) );
#1266 = PCURVE('',#521,#1267);
#1267 = DEFINITIONAL_REPRESENTATION('',(#1268),#1360);
#1268 = B_SPLINE_CURVE_WITH_KNOTS('',3,(#1269,#1270,#1271,#1272,#1273,
    #1274,#1275,#1276,#1277,#1278,#1279,#1280,#1281,#1282,#1283,#1284,
    #1285,#1286,#1287,#1288,#1289,#1290,#1291,#1292,#1293,#1294,#1295,
    #1296,#1297,#1298,#1299,#1300,#1301,#1302,#1303,#1304,#1305,#1306,
    #1307,#1308,#1309,#1310,#1311,#1312,#1313,#1314,#1315,#1316,#1317,
    #1318,#1319,#1320,#1321,#1322,#1323,#1324,#1325,#1326,#1327,#1328,
    #1329,#1330,#1331,#1332,#1333,#1334,#1335,#1336,#1337,#1338,#1339,
    #1340,#1341,#1342,#1343,#1344,#1345,#1346,#1347,#1348,#1349,#1350,
    #1351,#1352,#1353,#1354,#1355,#1356,#1357,#1358,#1359),
  .UNSPECIFIED.,.F.,.F.,(4,1,1,1,1,1,1,1,1,1,1,1,1,1,1,1,1,1,1,1,1,1,1,1
    ,1,1,1,1,1,1,1,1,1,1,1,1,1,1,1,1,1,1,1,1,1,1,1,1,1,1,1,1,1,1,1,1,1,1
    ,1,1,1,1,1,1,1,1,1,1,1,1,1,1,1,1,1,1,1,1,1,1,1,1,1,1,1,1,1,1,4),(0.,
    2.254727177611E-02,4.509454355223E-02,6.764181532834E-02,
    9.018908710445E-02,0.112736358881,0.135283630657,0.157830902433,
    0.180378174209,0.202925445985,0.225472717761,0.248019989537,
    0.270567261313,0.293114533089,0.315661804866,0.338209076642,
    0.360756348418,0.383303620194,0.40585089197,0.428398163746,
    0.450945435522,0.473492707298,0.496039979074,0.518587250851,
    0.541134522627,0.563681794403,0.586229066179,0.608776337955,
    0.631323609731,0.653870881507,0.676418153283,0.69896542506,
    0.721512696836,0.744059968612,0.766607240388,0.789154512164,
    0.81170178394,0.834249055716,0.856796327492,0.879343599268,
    0.901890871045,0.924438142821,0.946985414597,0.969532686373,
    0.992079958149,1.014627229925,1.037174501701,1.059721773477,
    1.082269045253,1.10481631703,1.127363588806,1.149910860582,
    1.172458132358,1.195005404134,1.21755267591,1.240099947686,
    1.262647219462,1.285194491238,1.307741763015,1.330289034791,
    1.352836306567,1.375383578343,1.397930850119,1.420478121895,
    1.443025393671,1.465572665447,1.488119937223,1.510667209,
    1.533214480776,1.555761752552,1.578309024328,1.600856296104,
    1.62340356788,1.645950839656,1.668498111432,1.691045383209,
    1.713592654985,1.736139926761,1.758687198537,1.781234470313,
    1.803781742089,1.826329013865,1.848876285641,1.871423557417,
    1.893970829194,1.91651810097,1.939065372746,1.961612644522,
    1.984159916298),.QUASI_UNIFORM_KNOTS.);
#1269 = CARTESIAN_POINT('',(-3.28160497433E-02,-10.49059736875));
#1270 = CARTESIAN_POINT('',(-3.374099552897E-02,-10.4842155259));
#1271 = CARTESIAN_POINT('',(-3.557283463967E-02,-10.47095808076));
#1272 = CARTESIAN_POINT('',(-3.826411219728E-02,-10.44965148786));
#1273 = CARTESIAN_POINT('',(-4.089646063512E-02,-10.42698524626));
#1274 = CARTESIAN_POINT('',(-4.346786693895E-02,-10.40302040094));
#1275 = CARTESIAN_POINT('',(-4.597657729085E-02,-10.37781764461));
#1276 = CARTESIAN_POINT('',(-4.84211193005E-02,-10.35143699151));
#1277 = CARTESIAN_POINT('',(-5.080027220316E-02,-10.32393740849));
#1278 = CARTESIAN_POINT('',(-5.311305217435E-02,-10.29537649161));
#1279 = CARTESIAN_POINT('',(-5.535869422718E-02,-10.26581017266));
#1280 = CARTESIAN_POINT('',(-5.75366376764E-02,-10.2352924296));
#1281 = CARTESIAN_POINT('',(-5.964650576224E-02,-10.20387511997));
#1282 = CARTESIAN_POINT('',(-6.168811007088E-02,-10.17160748724));
#1283 = CARTESIAN_POINT('',(-6.366134147131E-02,-10.13853739612));
#1284 = CARTESIAN_POINT('',(-6.556625268555E-02,-10.10470975706));
#1285 = CARTESIAN_POINT('',(-6.740296578841E-02,-10.07016776313));
#1286 = CARTESIAN_POINT('',(-6.917166909329E-02,-10.03495281216));
#1287 = CARTESIAN_POINT('',(-7.087260956106E-02,-9.999104504157));
#1288 = CARTESIAN_POINT('',(-7.250609063111E-02,-9.9626605115));
#1289 = CARTESIAN_POINT('',(-7.407245286212E-02,-9.925656883174));
#1290 = CARTESIAN_POINT('',(-7.557211794095E-02,-9.888126741257));
#1291 = CARTESIAN_POINT('',(-7.700539644425E-02,-9.850104974895));
#1292 = CARTESIAN_POINT('',(-7.837252030086E-02,-9.81162853895));
#1293 = CARTESIAN_POINT('',(-7.967411597661E-02,-9.77272254549));
#1294 = CARTESIAN_POINT('',(-8.091067350237E-02,-9.733414017855));
#1295 = CARTESIAN_POINT('',(-8.208268480929E-02,-9.693728452581));
#1296 = CARTESIAN_POINT('',(-8.319061006101E-02,-9.653690779378));
#1297 = CARTESIAN_POINT('',(-8.423488955048E-02,-9.613325138606));
#1298 = CARTESIAN_POINT('',(-8.521594288303E-02,-9.572654971841));
#1299 = CARTESIAN_POINT('',(-8.613417107994E-02,-9.531703025085));
#1300 = CARTESIAN_POINT('',(-8.698995743202E-02,-9.490491372189));
#1301 = CARTESIAN_POINT('',(-8.778366823932E-02,-9.449041429965));
#1302 = CARTESIAN_POINT('',(-8.851565315131E-02,-9.407373972913));
#1303 = CARTESIAN_POINT('',(-8.918624520277E-02,-9.365509145715));
#1304 = CARTESIAN_POINT('',(-8.979576053851E-02,-9.323466474274));
#1305 = CARTESIAN_POINT('',(-9.034449784751E-02,-9.2812648754));
#1306 = CARTESIAN_POINT('',(-9.083273751955E-02,-9.238922665278));
#1307 = CARTESIAN_POINT('',(-9.12607405395E-02,-9.196457567375));
#1308 = CARTESIAN_POINT('',(-9.162874713347E-02,-9.153886718395));
#1309 = CARTESIAN_POINT('',(-9.193697518296E-02,-9.111226678463));
#1310 = CARTESIAN_POINT('',(-9.218561841596E-02,-9.068493423536));
#1311 = CARTESIAN_POINT('',(-9.237484441014E-02,-9.025702403182));
#1312 = CARTESIAN_POINT('',(-9.250479234684E-02,-8.982868354476));
#1313 = CARTESIAN_POINT('',(-9.25755708122E-02,-8.940006027151));
#1314 = CARTESIAN_POINT('',(-9.25872546092E-02,-8.897127510075));
#1315 = CARTESIAN_POINT('',(-9.253988453918E-02,-8.854252354209));
#1316 = CARTESIAN_POINT('',(-9.24335022593E-02,-8.811400456543));
#1317 = CARTESIAN_POINT('',(-9.226812313751E-02,-8.768586442377));
#1318 = CARTESIAN_POINT('',(-9.204373811694E-02,-8.725826492592));
#1319 = CARTESIAN_POINT('',(-9.176031318712E-02,-8.683136533523));
#1320 = CARTESIAN_POINT('',(-9.141778957791E-02,-8.640532738005));
#1321 = CARTESIAN_POINT('',(-9.101608335178E-02,-8.598031330909));
#1322 = CARTESIAN_POINT('',(-9.055508767112E-02,-8.555649021161));
#1323 = CARTESIAN_POINT('',(-9.003466935389E-02,-8.513402566551));
#1324 = CARTESIAN_POINT('',(-8.945467216116E-02,-8.471309186746));
#1325 = CARTESIAN_POINT('',(-8.881491625557E-02,-8.429386514045));
#1326 = CARTESIAN_POINT('',(-8.811519862553E-02,-8.387652629871));
#1327 = CARTESIAN_POINT('',(-8.735529159031E-02,-8.346125966754));
#1328 = CARTESIAN_POINT('',(-8.65349501305E-02,-8.304825792066));
#1329 = CARTESIAN_POINT('',(-8.565390239974E-02,-8.263771716488));
#1330 = CARTESIAN_POINT('',(-8.471185925073E-02,-8.222984161428));
#1331 = CARTESIAN_POINT('',(-8.370851334138E-02,-8.182484334168));
#1332 = CARTESIAN_POINT('',(-8.264353996765E-02,-8.142294260247));
#1333 = CARTESIAN_POINT('',(-8.151659399922E-02,-8.102436676802));
#1334 = CARTESIAN_POINT('',(-8.032732702005E-02,-8.062935623649));
#1335 = CARTESIAN_POINT('',(-7.907536697628E-02,-8.023815854897));
#1336 = CARTESIAN_POINT('',(-7.776034156261E-02,-7.985103422919));
#1337 = CARTESIAN_POINT('',(-7.638187586121E-02,-7.946825638306));
#1338 = CARTESIAN_POINT('',(-7.49395922763E-02,-7.909011059781));
#1339 = CARTESIAN_POINT('',(-7.343311208449E-02,-7.871689572766));
#1340 = CARTESIAN_POINT('',(-7.186209718565E-02,-7.834893189458));
#1341 = CARTESIAN_POINT('',(-7.022617602562E-02,-7.798654334723));
#1342 = CARTESIAN_POINT('',(-6.852502519248E-02,-7.763007735354));
#1343 = CARTESIAN_POINT('',(-6.675835932536E-02,-7.727989987618));
#1344 = CARTESIAN_POINT('',(-6.49259412559E-02,-7.693639635557));
#1345 = CARTESIAN_POINT('',(-6.302758428121E-02,-7.659997075812));
#1346 = CARTESIAN_POINT('',(-6.10631656086E-02,-7.627104646369));
#1347 = CARTESIAN_POINT('',(-5.90326029132E-02,-7.595006153866));
#1348 = CARTESIAN_POINT('',(-5.693599029246E-02,-7.563748824347));
#1349 = CARTESIAN_POINT('',(-5.477350046227E-02,-7.533381357757));
#1350 = CARTESIAN_POINT('',(-5.25454461703E-02,-7.503954700647));
#1351 = CARTESIAN_POINT('',(-5.025230611567E-02,-7.475521984598));
#1352 = CARTESIAN_POINT('',(-4.789474001848E-02,-7.448138309588));
#1353 = CARTESIAN_POINT('',(-4.547359014081E-02,-7.421860422159));
#1354 = CARTESIAN_POINT('',(-4.298996211403E-02,-7.396747118099));
#1355 = CARTESIAN_POINT('',(-4.044522304265E-02,-7.372858593957));
#1356 = CARTESIAN_POINT('',(-3.784103620103E-02,-7.350256154828));
#1357 = CARTESIAN_POINT('',(-3.517934359169E-02,-7.32900175295));
#1358 = CARTESIAN_POINT('',(-3.336814934393E-02,-7.31577212642));
#1359 = CARTESIAN_POINT('',(-3.245374811757E-02,-7.309402628946));
#1360 = ( GEOMETRIC_REPRESENTATION_CONTEXT(2) 
PARAMETRIC_REPRESENTATION_CONTEXT() REPRESENTATION_CONTEXT('2D SPACE',''
  ) );
#1361 = ORIENTED_EDGE('',*,*,#646,.F.);
#1362 = ADVANCED_FACE('',(#1363),#521,.F.);
#1363 = FACE_BOUND('',#1364,.F.);
#1364 = EDGE_LOOP('',(#1365,#1366,#1388,#1389,#1411,#1412,#1413,#1414));
#1365 = ORIENTED_EDGE('',*,*,#619,.F.);
#1366 = ORIENTED_EDGE('',*,*,#1367,.T.);
#1367 = EDGE_CURVE('',#592,#565,#1368,.T.);
#1368 = SURFACE_CURVE('',#1369,(#1374,#1381),.PCURVE_S1.);
#1369 = CIRCLE('',#1370,18.96);
#1370 = AXIS2_PLACEMENT_3D('',#1371,#1372,#1373);
#1371 = CARTESIAN_POINT('',(37.8,0.,1.));
#1372 = DIRECTION('',(0.,0.,1.));
#1373 = DIRECTION('',(1.,0.,0.));
#1374 = PCURVE('',#521,#1375);
#1375 = DEFINITIONAL_REPRESENTATION('',(#1376),#1380);
#1376 = LINE('',#1377,#1378);
#1377 = CARTESIAN_POINT('',(-0.,-0.));
#1378 = VECTOR('',#1379,1.);
#1379 = DIRECTION('',(-1.,-0.));
#1380 = ( GEOMETRIC_REPRESENTATION_CONTEXT(2) 
PARAMETRIC_REPRESENTATION_CONTEXT() REPRESENTATION_CONTEXT('2D SPACE',''
  ) );
#1381 = PCURVE('',#607,#1382);
#1382 = DEFINITIONAL_REPRESENTATION('',(#1383),#1387);
#1383 = CIRCLE('',#1384,18.96);
#1384 = AXIS2_PLACEMENT_2D('',#1385,#1386);
#1385 = CARTESIAN_POINT('',(0.,0.));
#1386 = DIRECTION('',(1.,0.));
#1387 = ( GEOMETRIC_REPRESENTATION_CONTEXT(2) 
PARAMETRIC_REPRESENTATION_CONTEXT() REPRESENTATION_CONTEXT('2D SPACE',''
  ) );
#1388 = ORIENTED_EDGE('',*,*,#564,.F.);
#1389 = ORIENTED_EDGE('',*,*,#1390,.F.);
#1390 = EDGE_CURVE('',#505,#537,#1391,.T.);
#1391 = SURFACE_CURVE('',#1392,(#1397,#1404),.PCURVE_S1.);
#1392 = CIRCLE('',#1393,17.26);
#1393 = AXIS2_PLACEMENT_3D('',#1394,#1395,#1396);
#1394 = CARTESIAN_POINT('',(37.8,0.,27.5));
#1395 = DIRECTION('',(0.,0.,1.));
#1396 = DIRECTION('',(1.,0.,0.));
#1397 = PCURVE('',#521,#1398);
#1398 = DEFINITIONAL_REPRESENTATION('',(#1399),#1403);
#1399 = LINE('',#1400,#1401);
#1400 = CARTESIAN_POINT('',(-0.,-26.5));
#1401 = VECTOR('',#1402,1.);
#1402 = DIRECTION('',(-1.,-0.));
#1403 = ( GEOMETRIC_REPRESENTATION_CONTEXT(2) 
PARAMETRIC_REPRESENTATION_CONTEXT() REPRESENTATION_CONTEXT('2D SPACE',''
  ) );
#1404 = PCURVE('',#552,#1405);
#1405 = DEFINITIONAL_REPRESENTATION('',(#1406),#1410);
#1406 = CIRCLE('',#1407,17.26);
#1407 = AXIS2_PLACEMENT_2D('',#1408,#1409);
#1408 = CARTESIAN_POINT('',(0.,0.));
#1409 = DIRECTION('',(1.,0.));
#1410 = ( GEOMETRIC_REPRESENTATION_CONTEXT(2) 
PARAMETRIC_REPRESENTATION_CONTEXT() REPRESENTATION_CONTEXT('2D SPACE',''
  ) );
#1411 = ORIENTED_EDGE('',*,*,#504,.F.);
#1412 = ORIENTED_EDGE('',*,*,#757,.T.);
#1413 = ORIENTED_EDGE('',*,*,#1070,.F.);
#1414 = ORIENTED_EDGE('',*,*,#1100,.T.);
#1415 = ADVANCED_FACE('',(#1416),#607,.T.);
#1416 = FACE_BOUND('',#1417,.T.);
#1417 = EDGE_LOOP('',(#1418,#1419));
#1418 = ORIENTED_EDGE('',*,*,#591,.F.);
#1419 = ORIENTED_EDGE('',*,*,#1367,.T.);
#1420 = ADVANCED_FACE('',(#1421),#552,.F.);
#1421 = FACE_BOUND('',#1422,.F.);
#1422 = EDGE_LOOP('',(#1423,#1424));
#1423 = ORIENTED_EDGE('',*,*,#536,.F.);
#1424 = ORIENTED_EDGE('',*,*,#1390,.T.);
#1425 = ( GEOMETRIC_REPRESENTATION_CONTEXT(3) 
GLOBAL_UNCERTAINTY_ASSIGNED_CONTEXT((#1429)) 
GLOBAL_UNIT_ASSIGNED_CONTEXT((#1426,#1427,#1428)) REPRESENTATION_CONTEXT
('Context #1','3D Context with UNIT and UNCERTAINTY') );
#1426 = ( LENGTH_UNIT() NAMED_UNIT(*) SI_UNIT(.MILLI.,.METRE.) );
#1427 = ( NAMED_UNIT(*) PLANE_ANGLE_UNIT() SI_UNIT($,.RADIAN.) );
#1428 = ( NAMED_UNIT(*) SI_UNIT($,.STERADIAN.) SOLID_ANGLE_UNIT() );
#1429 = UNCERTAINTY_MEASURE_WITH_UNIT(LENGTH_MEASURE(1.E-07),#1426,
  'distance_accuracy_value','confusion accuracy');
#1430 = CONTEXT_DEPENDENT_SHAPE_REPRESENTATION(#1431,#1433);
#1431 = ( REPRESENTATION_RELATIONSHIP('','',#36,#10) 
REPRESENTATION_RELATIONSHIP_WITH_TRANSFORMATION(#1432) 
SHAPE_REPRESENTATION_RELATIONSHIP() );
#1432 = ITEM_DEFINED_TRANSFORMATION('','',#11,#15);
#1433 = PRODUCT_DEFINITION_SHAPE('Placement','Placement of an item',
  #1434);
#1434 = NEXT_ASSEMBLY_USAGE_OCCURRENCE('3','','',#5,#31,$);
#1435 = PRODUCT_RELATED_PRODUCT_CATEGORY('part',$,(#33));
#1436 = SHAPE_DEFINITION_REPRESENTATION(#1437,#1443);
#1437 = PRODUCT_DEFINITION_SHAPE('','',#1438);
#1438 = PRODUCT_DEFINITION('design','',#1439,#1442);
#1439 = PRODUCT_DEFINITION_FORMATION('','',#1440);
#1440 = PRODUCT('Open CASCADE STEP translator 7.8 2.2',
  'Open CASCADE STEP translator 7.8 2.2','',(#1441));
#1441 = PRODUCT_CONTEXT('',#2,'mechanical');
#1442 = PRODUCT_DEFINITION_CONTEXT('part definition',#2,'design');
#1443 = ADVANCED_BREP_SHAPE_REPRESENTATION('',(#11,#1444),#2584);
#1444 = MANIFOLD_SOLID_BREP('',#1445);
#1445 = CLOSED_SHELL('',(#1446,#1595,#1671,#1721,#1770,#2040,#2150,#2158
    ,#2324,#2540,#2545,#2550,#2577));
#1446 = ADVANCED_FACE('',(#1447),#1461,.F.);
#1447 = FACE_BOUND('',#1448,.F.);
#1448 = EDGE_LOOP('',(#1449,#1484,#1512,#1540,#1568));
#1449 = ORIENTED_EDGE('',*,*,#1450,.T.);
#1450 = EDGE_CURVE('',#1451,#1453,#1455,.T.);
#1451 = VERTEX_POINT('',#1452);
#1452 = CARTESIAN_POINT('',(64.502059845637,-4.,0.));
#1453 = VERTEX_POINT('',#1454);
#1454 = CARTESIAN_POINT('',(73.8,-4.,0.));
#1455 = SURFACE_CURVE('',#1456,(#1460,#1472),.PCURVE_S1.);
#1456 = LINE('',#1457,#1458);
#1457 = CARTESIAN_POINT('',(63.8,-4.,0.));
#1458 = VECTOR('',#1459,1.);
#1459 = DIRECTION('',(1.,0.,0.));
#1460 = PCURVE('',#1461,#1466);
#1461 = PLANE('',#1462);
#1462 = AXIS2_PLACEMENT_3D('',#1463,#1464,#1465);
#1463 = CARTESIAN_POINT('',(37.8,-1.102182119233E-15,0.));
#1464 = DIRECTION('',(0.,0.,1.));
#1465 = DIRECTION('',(1.,0.,-0.));
#1466 = DEFINITIONAL_REPRESENTATION('',(#1467),#1471);
#1467 = LINE('',#1468,#1469);
#1468 = CARTESIAN_POINT('',(26.,-4.));
#1469 = VECTOR('',#1470,1.);
#1470 = DIRECTION('',(1.,0.));
#1471 = ( GEOMETRIC_REPRESENTATION_CONTEXT(2) 
PARAMETRIC_REPRESENTATION_CONTEXT() REPRESENTATION_CONTEXT('2D SPACE',''
  ) );
#1472 = PCURVE('',#1473,#1478);
#1473 = PLANE('',#1474);
#1474 = AXIS2_PLACEMENT_3D('',#1475,#1476,#1477);
#1475 = CARTESIAN_POINT('',(63.8,-4.,0.));
#1476 = DIRECTION('',(0.,1.,0.));
#1477 = DIRECTION('',(0.,0.,1.));
#1478 = DEFINITIONAL_REPRESENTATION('',(#1479),#1483);
#1479 = LINE('',#1480,#1481);
#1480 = CARTESIAN_POINT('',(0.,0.));
#1481 = VECTOR('',#1482,1.);
#1482 = DIRECTION('',(0.,1.));
#1483 = ( GEOMETRIC_REPRESENTATION_CONTEXT(2) 
PARAMETRIC_REPRESENTATION_CONTEXT() REPRESENTATION_CONTEXT('2D SPACE',''
  ) );
#1484 = ORIENTED_EDGE('',*,*,#1485,.T.);
#1485 = EDGE_CURVE('',#1453,#1486,#1488,.T.);
#1486 = VERTEX_POINT('',#1487);
#1487 = CARTESIAN_POINT('',(73.8,-0.6,0.));
#1488 = SURFACE_CURVE('',#1489,(#1493,#1500),.PCURVE_S1.);
#1489 = LINE('',#1490,#1491);
#1490 = CARTESIAN_POINT('',(73.8,-4.,0.));
#1491 = VECTOR('',#1492,1.);
#1492 = DIRECTION('',(0.,1.,0.));
#1493 = PCURVE('',#1461,#1494);
#1494 = DEFINITIONAL_REPRESENTATION('',(#1495),#1499);
#1495 = LINE('',#1496,#1497);
#1496 = CARTESIAN_POINT('',(36.,-4.));
#1497 = VECTOR('',#1498,1.);
#1498 = DIRECTION('',(0.,1.));
#1499 = ( GEOMETRIC_REPRESENTATION_CONTEXT(2) 
PARAMETRIC_REPRESENTATION_CONTEXT() REPRESENTATION_CONTEXT('2D SPACE',''
  ) );
#1500 = PCURVE('',#1501,#1506);
#1501 = PLANE('',#1502);
#1502 = AXIS2_PLACEMENT_3D('',#1503,#1504,#1505);
#1503 = CARTESIAN_POINT('',(73.8,-4.,0.));
#1504 = DIRECTION('',(1.,0.,0.));
#1505 = DIRECTION('',(0.,0.,1.));
#1506 = DEFINITIONAL_REPRESENTATION('',(#1507),#1511);
#1507 = LINE('',#1508,#1509);
#1508 = CARTESIAN_POINT('',(0.,0.));
#1509 = VECTOR('',#1510,1.);
#1510 = DIRECTION('',(0.,-1.));
#1511 = ( GEOMETRIC_REPRESENTATION_CONTEXT(2) 
PARAMETRIC_REPRESENTATION_CONTEXT() REPRESENTATION_CONTEXT('2D SPACE',''
  ) );
#1512 = ORIENTED_EDGE('',*,*,#1513,.T.);
#1513 = EDGE_CURVE('',#1486,#1514,#1516,.T.);
#1514 = VERTEX_POINT('',#1515);
#1515 = CARTESIAN_POINT('',(14.3,-0.6,0.));
#1516 = SURFACE_CURVE('',#1517,(#1521,#1528),.PCURVE_S1.);
#1517 = LINE('',#1518,#1519);
#1518 = CARTESIAN_POINT('',(19.3,-0.6,0.));
#1519 = VECTOR('',#1520,1.);
#1520 = DIRECTION('',(-1.,0.,0.));
#1521 = PCURVE('',#1461,#1522);
#1522 = DEFINITIONAL_REPRESENTATION('',(#1523),#1527);
#1523 = LINE('',#1524,#1525);
#1524 = CARTESIAN_POINT('',(-18.5,-0.6));
#1525 = VECTOR('',#1526,1.);
#1526 = DIRECTION('',(-1.,0.));
#1527 = ( GEOMETRIC_REPRESENTATION_CONTEXT(2) 
PARAMETRIC_REPRESENTATION_CONTEXT() REPRESENTATION_CONTEXT('2D SPACE',''
  ) );
#1528 = PCURVE('',#1529,#1534);
#1529 = PLANE('',#1530);
#1530 = AXIS2_PLACEMENT_3D('',#1531,#1532,#1533);
#1531 = CARTESIAN_POINT('',(0.8,-0.6,-1.));
#1532 = DIRECTION('',(0.,1.,0.));
#1533 = DIRECTION('',(0.,0.,1.));
#1534 = DEFINITIONAL_REPRESENTATION('',(#1535),#1539);
#1535 = LINE('',#1536,#1537);
#1536 = CARTESIAN_POINT('',(1.,18.5));
#1537 = VECTOR('',#1538,1.);
#1538 = DIRECTION('',(0.,-1.));
#1539 = ( GEOMETRIC_REPRESENTATION_CONTEXT(2) 
PARAMETRIC_REPRESENTATION_CONTEXT() REPRESENTATION_CONTEXT('2D SPACE',''
  ) );
#1540 = ORIENTED_EDGE('',*,*,#1541,.F.);
#1541 = EDGE_CURVE('',#1542,#1514,#1544,.T.);
#1542 = VERTEX_POINT('',#1543);
#1543 = CARTESIAN_POINT('',(14.3,-13.2947358003,0.));
#1544 = SURFACE_CURVE('',#1545,(#1549,#1556),.PCURVE_S1.);
#1545 = LINE('',#1546,#1547);
#1546 = CARTESIAN_POINT('',(14.3,-23.5,0.));
#1547 = VECTOR('',#1548,1.);
#1548 = DIRECTION('',(0.,1.,0.));
#1549 = PCURVE('',#1461,#1550);
#1550 = DEFINITIONAL_REPRESENTATION('',(#1551),#1555);
#1551 = LINE('',#1552,#1553);
#1552 = CARTESIAN_POINT('',(-23.5,-23.5));
#1553 = VECTOR('',#1554,1.);
#1554 = DIRECTION('',(0.,1.));
#1555 = ( GEOMETRIC_REPRESENTATION_CONTEXT(2) 
PARAMETRIC_REPRESENTATION_CONTEXT() REPRESENTATION_CONTEXT('2D SPACE',''
  ) );
#1556 = PCURVE('',#1557,#1562);
#1557 = PLANE('',#1558);
#1558 = AXIS2_PLACEMENT_3D('',#1559,#1560,#1561);
#1559 = CARTESIAN_POINT('',(14.3,-47.,-2.));
#1560 = DIRECTION('',(1.,0.,0.));
#1561 = DIRECTION('',(0.,0.,1.));
#1562 = DEFINITIONAL_REPRESENTATION('',(#1563),#1567);
#1563 = LINE('',#1564,#1565);
#1564 = CARTESIAN_POINT('',(2.,-23.5));
#1565 = VECTOR('',#1566,1.);
#1566 = DIRECTION('',(0.,-1.));
#1567 = ( GEOMETRIC_REPRESENTATION_CONTEXT(2) 
PARAMETRIC_REPRESENTATION_CONTEXT() REPRESENTATION_CONTEXT('2D SPACE',''
  ) );
#1568 = ORIENTED_EDGE('',*,*,#1569,.T.);
#1569 = EDGE_CURVE('',#1542,#1451,#1570,.T.);
#1570 = SURFACE_CURVE('',#1571,(#1576,#1583),.PCURVE_S1.);
#1571 = CIRCLE('',#1572,27.);
#1572 = AXIS2_PLACEMENT_3D('',#1573,#1574,#1575);
#1573 = CARTESIAN_POINT('',(37.8,0.,0.));
#1574 = DIRECTION('',(0.,0.,1.));
#1575 = DIRECTION('',(1.,0.,0.));
#1576 = PCURVE('',#1461,#1577);
#1577 = DEFINITIONAL_REPRESENTATION('',(#1578),#1582);
#1578 = CIRCLE('',#1579,27.);
#1579 = AXIS2_PLACEMENT_2D('',#1580,#1581);
#1580 = CARTESIAN_POINT('',(0.,1.102182119233E-15));
#1581 = DIRECTION('',(1.,0.));
#1582 = ( GEOMETRIC_REPRESENTATION_CONTEXT(2) 
PARAMETRIC_REPRESENTATION_CONTEXT() REPRESENTATION_CONTEXT('2D SPACE',''
  ) );
#1583 = PCURVE('',#1584,#1589);
#1584 = CYLINDRICAL_SURFACE('',#1585,27.);
#1585 = AXIS2_PLACEMENT_3D('',#1586,#1587,#1588);
#1586 = CARTESIAN_POINT('',(37.8,0.,0.));
#1587 = DIRECTION('',(-0.,-0.,-1.));
#1588 = DIRECTION('',(1.,0.,0.));
#1589 = DEFINITIONAL_REPRESENTATION('',(#1590),#1594);
#1590 = LINE('',#1591,#1592);
#1591 = CARTESIAN_POINT('',(-0.,0.));
#1592 = VECTOR('',#1593,1.);
#1593 = DIRECTION('',(-1.,0.));
#1594 = ( GEOMETRIC_REPRESENTATION_CONTEXT(2) 
PARAMETRIC_REPRESENTATION_CONTEXT() REPRESENTATION_CONTEXT('2D SPACE',''
  ) );
#1595 = ADVANCED_FACE('',(#1596),#1473,.F.);
#1596 = FACE_BOUND('',#1597,.F.);
#1597 = EDGE_LOOP('',(#1598,#1599,#1622,#1650));
#1598 = ORIENTED_EDGE('',*,*,#1450,.F.);
#1599 = ORIENTED_EDGE('',*,*,#1600,.F.);
#1600 = EDGE_CURVE('',#1601,#1451,#1603,.T.);
#1601 = VERTEX_POINT('',#1602);
#1602 = CARTESIAN_POINT('',(64.502059845637,-4.,30.));
#1603 = SURFACE_CURVE('',#1604,(#1608,#1615),.PCURVE_S1.);
#1604 = LINE('',#1605,#1606);
#1605 = CARTESIAN_POINT('',(64.502059845637,-4.,0.));
#1606 = VECTOR('',#1607,1.);
#1607 = DIRECTION('',(-0.,-0.,-1.));
#1608 = PCURVE('',#1473,#1609);
#1609 = DEFINITIONAL_REPRESENTATION('',(#1610),#1614);
#1610 = LINE('',#1611,#1612);
#1611 = CARTESIAN_POINT('',(0.,0.702059845637));
#1612 = VECTOR('',#1613,1.);
#1613 = DIRECTION('',(-1.,0.));
#1614 = ( GEOMETRIC_REPRESENTATION_CONTEXT(2) 
PARAMETRIC_REPRESENTATION_CONTEXT() REPRESENTATION_CONTEXT('2D SPACE',''
  ) );
#1615 = PCURVE('',#1584,#1616);
#1616 = DEFINITIONAL_REPRESENTATION('',(#1617),#1621);
#1617 = LINE('',#1618,#1619);
#1618 = CARTESIAN_POINT('',(-6.134489812912,0.));
#1619 = VECTOR('',#1620,1.);
#1620 = DIRECTION('',(-0.,1.));
#1621 = ( GEOMETRIC_REPRESENTATION_CONTEXT(2) 
PARAMETRIC_REPRESENTATION_CONTEXT() REPRESENTATION_CONTEXT('2D SPACE',''
  ) );
#1622 = ORIENTED_EDGE('',*,*,#1623,.T.);
#1623 = EDGE_CURVE('',#1601,#1624,#1626,.T.);
#1624 = VERTEX_POINT('',#1625);
#1625 = CARTESIAN_POINT('',(73.8,-4.,30.));
#1626 = SURFACE_CURVE('',#1627,(#1631,#1638),.PCURVE_S1.);
#1627 = LINE('',#1628,#1629);
#1628 = CARTESIAN_POINT('',(63.8,-4.,30.));
#1629 = VECTOR('',#1630,1.);
#1630 = DIRECTION('',(1.,0.,0.));
#1631 = PCURVE('',#1473,#1632);
#1632 = DEFINITIONAL_REPRESENTATION('',(#1633),#1637);
#1633 = LINE('',#1634,#1635);
#1634 = CARTESIAN_POINT('',(30.,0.));
#1635 = VECTOR('',#1636,1.);
#1636 = DIRECTION('',(0.,1.));
#1637 = ( GEOMETRIC_REPRESENTATION_CONTEXT(2) 
PARAMETRIC_REPRESENTATION_CONTEXT() REPRESENTATION_CONTEXT('2D SPACE',''
  ) );
#1638 = PCURVE('',#1639,#1644);
#1639 = PLANE('',#1640);
#1640 = AXIS2_PLACEMENT_3D('',#1641,#1642,#1643);
#1641 = CARTESIAN_POINT('',(63.8,-4.,30.));
#1642 = DIRECTION('',(0.,0.,1.));
#1643 = DIRECTION('',(1.,0.,0.));
#1644 = DEFINITIONAL_REPRESENTATION('',(#1645),#1649);
#1645 = LINE('',#1646,#1647);
#1646 = CARTESIAN_POINT('',(0.,0.));
#1647 = VECTOR('',#1648,1.);
#1648 = DIRECTION('',(1.,0.));
#1649 = ( GEOMETRIC_REPRESENTATION_CONTEXT(2) 
PARAMETRIC_REPRESENTATION_CONTEXT() REPRESENTATION_CONTEXT('2D SPACE',''
  ) );
#1650 = ORIENTED_EDGE('',*,*,#1651,.F.);
#1651 = EDGE_CURVE('',#1453,#1624,#1652,.T.);
#1652 = SURFACE_CURVE('',#1653,(#1657,#1664),.PCURVE_S1.);
#1653 = LINE('',#1654,#1655);
#1654 = CARTESIAN_POINT('',(73.8,-4.,0.));
#1655 = VECTOR('',#1656,1.);
#1656 = DIRECTION('',(0.,0.,1.));
#1657 = PCURVE('',#1473,#1658);
#1658 = DEFINITIONAL_REPRESENTATION('',(#1659),#1663);
#1659 = LINE('',#1660,#1661);
#1660 = CARTESIAN_POINT('',(0.,10.));
#1661 = VECTOR('',#1662,1.);
#1662 = DIRECTION('',(1.,0.));
#1663 = ( GEOMETRIC_REPRESENTATION_CONTEXT(2) 
PARAMETRIC_REPRESENTATION_CONTEXT() REPRESENTATION_CONTEXT('2D SPACE',''
  ) );
#1664 = PCURVE('',#1501,#1665);
#1665 = DEFINITIONAL_REPRESENTATION('',(#1666),#1670);
#1666 = LINE('',#1667,#1668);
#1667 = CARTESIAN_POINT('',(0.,0.));
#1668 = VECTOR('',#1669,1.);
#1669 = DIRECTION('',(1.,0.));
#1670 = ( GEOMETRIC_REPRESENTATION_CONTEXT(2) 
PARAMETRIC_REPRESENTATION_CONTEXT() REPRESENTATION_CONTEXT('2D SPACE',''
  ) );
#1671 = ADVANCED_FACE('',(#1672),#1584,.T.);
#1672 = FACE_BOUND('',#1673,.F.);
#1673 = EDGE_LOOP('',(#1674,#1698,#1699,#1700));
#1674 = ORIENTED_EDGE('',*,*,#1675,.T.);
#1675 = EDGE_CURVE('',#1676,#1601,#1678,.T.);
#1676 = VERTEX_POINT('',#1677);
#1677 = CARTESIAN_POINT('',(14.3,-13.2947358003,30.));
#1678 = SURFACE_CURVE('',#1679,(#1684,#1691),.PCURVE_S1.);
#1679 = CIRCLE('',#1680,27.);
#1680 = AXIS2_PLACEMENT_3D('',#1681,#1682,#1683);
#1681 = CARTESIAN_POINT('',(37.8,0.,30.));
#1682 = DIRECTION('',(0.,0.,1.));
#1683 = DIRECTION('',(1.,0.,0.));
#1684 = PCURVE('',#1584,#1685);
#1685 = DEFINITIONAL_REPRESENTATION('',(#1686),#1690);
#1686 = LINE('',#1687,#1688);
#1687 = CARTESIAN_POINT('',(-0.,-30.));
#1688 = VECTOR('',#1689,1.);
#1689 = DIRECTION('',(-1.,0.));
#1690 = ( GEOMETRIC_REPRESENTATION_CONTEXT(2) 
PARAMETRIC_REPRESENTATION_CONTEXT() REPRESENTATION_CONTEXT('2D SPACE',''
  ) );
#1691 = PCURVE('',#1639,#1692);
#1692 = DEFINITIONAL_REPRESENTATION('',(#1693),#1697);
#1693 = CIRCLE('',#1694,27.);
#1694 = AXIS2_PLACEMENT_2D('',#1695,#1696);
#1695 = CARTESIAN_POINT('',(-26.,4.));
#1696 = DIRECTION('',(1.,0.));
#1697 = ( GEOMETRIC_REPRESENTATION_CONTEXT(2) 
PARAMETRIC_REPRESENTATION_CONTEXT() REPRESENTATION_CONTEXT('2D SPACE',''
  ) );
#1698 = ORIENTED_EDGE('',*,*,#1600,.T.);
#1699 = ORIENTED_EDGE('',*,*,#1569,.F.);
#1700 = ORIENTED_EDGE('',*,*,#1701,.F.);
#1701 = EDGE_CURVE('',#1676,#1542,#1702,.T.);
#1702 = SURFACE_CURVE('',#1703,(#1707,#1714),.PCURVE_S1.);
#1703 = LINE('',#1704,#1705);
#1704 = CARTESIAN_POINT('',(14.3,-13.2947358003,0.));
#1705 = VECTOR('',#1706,1.);
#1706 = DIRECTION('',(-0.,-0.,-1.));
#1707 = PCURVE('',#1584,#1708);
#1708 = DEFINITIONAL_REPRESENTATION('',(#1709),#1713);
#1709 = LINE('',#1710,#1711);
#1710 = CARTESIAN_POINT('',(-3.65643498172,0.));
#1711 = VECTOR('',#1712,1.);
#1712 = DIRECTION('',(-0.,1.));
#1713 = ( GEOMETRIC_REPRESENTATION_CONTEXT(2) 
PARAMETRIC_REPRESENTATION_CONTEXT() REPRESENTATION_CONTEXT('2D SPACE',''
  ) );
#1714 = PCURVE('',#1557,#1715);
#1715 = DEFINITIONAL_REPRESENTATION('',(#1716),#1720);
#1716 = LINE('',#1717,#1718);
#1717 = CARTESIAN_POINT('',(2.,-33.70526419969));
#1718 = VECTOR('',#1719,1.);
#1719 = DIRECTION('',(-1.,0.));
#1720 = ( GEOMETRIC_REPRESENTATION_CONTEXT(2) 
PARAMETRIC_REPRESENTATION_CONTEXT() REPRESENTATION_CONTEXT('2D SPACE',''
  ) );
#1721 = ADVANCED_FACE('',(#1722),#1557,.F.);
#1722 = FACE_BOUND('',#1723,.F.);
#1723 = EDGE_LOOP('',(#1724,#1725,#1726,#1749));
#1724 = ORIENTED_EDGE('',*,*,#1701,.T.);
#1725 = ORIENTED_EDGE('',*,*,#1541,.T.);
#1726 = ORIENTED_EDGE('',*,*,#1727,.F.);
#1727 = EDGE_CURVE('',#1728,#1514,#1730,.T.);
#1728 = VERTEX_POINT('',#1729);
#1729 = CARTESIAN_POINT('',(14.3,-0.6,30.));
#1730 = SURFACE_CURVE('',#1731,(#1735,#1742),.PCURVE_S1.);
#1731 = LINE('',#1732,#1733);
#1732 = CARTESIAN_POINT('',(14.3,-0.6,-1.5));
#1733 = VECTOR('',#1734,1.);
#1734 = DIRECTION('',(0.,0.,-1.));
#1735 = PCURVE('',#1557,#1736);
#1736 = DEFINITIONAL_REPRESENTATION('',(#1737),#1741);
#1737 = LINE('',#1738,#1739);
#1738 = CARTESIAN_POINT('',(0.5,-46.4));
#1739 = VECTOR('',#1740,1.);
#1740 = DIRECTION('',(-1.,0.));
#1741 = ( GEOMETRIC_REPRESENTATION_CONTEXT(2) 
PARAMETRIC_REPRESENTATION_CONTEXT() REPRESENTATION_CONTEXT('2D SPACE',''
  ) );
#1742 = PCURVE('',#1529,#1743);
#1743 = DEFINITIONAL_REPRESENTATION('',(#1744),#1748);
#1744 = LINE('',#1745,#1746);
#1745 = CARTESIAN_POINT('',(-0.5,13.5));
#1746 = VECTOR('',#1747,1.);
#1747 = DIRECTION('',(-1.,0.));
#1748 = ( GEOMETRIC_REPRESENTATION_CONTEXT(2) 
PARAMETRIC_REPRESENTATION_CONTEXT() REPRESENTATION_CONTEXT('2D SPACE',''
  ) );
#1749 = ORIENTED_EDGE('',*,*,#1750,.F.);
#1750 = EDGE_CURVE('',#1676,#1728,#1751,.T.);
#1751 = SURFACE_CURVE('',#1752,(#1756,#1763),.PCURVE_S1.);
#1752 = LINE('',#1753,#1754);
#1753 = CARTESIAN_POINT('',(14.3,-25.5,30.));
#1754 = VECTOR('',#1755,1.);
#1755 = DIRECTION('',(0.,1.,0.));
#1756 = PCURVE('',#1557,#1757);
#1757 = DEFINITIONAL_REPRESENTATION('',(#1758),#1762);
#1758 = LINE('',#1759,#1760);
#1759 = CARTESIAN_POINT('',(32.,-21.5));
#1760 = VECTOR('',#1761,1.);
#1761 = DIRECTION('',(0.,-1.));
#1762 = ( GEOMETRIC_REPRESENTATION_CONTEXT(2) 
PARAMETRIC_REPRESENTATION_CONTEXT() REPRESENTATION_CONTEXT('2D SPACE',''
  ) );
#1763 = PCURVE('',#1639,#1764);
#1764 = DEFINITIONAL_REPRESENTATION('',(#1765),#1769);
#1765 = LINE('',#1766,#1767);
#1766 = CARTESIAN_POINT('',(-49.5,-21.5));
#1767 = VECTOR('',#1768,1.);
#1768 = DIRECTION('',(0.,1.));
#1769 = ( GEOMETRIC_REPRESENTATION_CONTEXT(2) 
PARAMETRIC_REPRESENTATION_CONTEXT() REPRESENTATION_CONTEXT('2D SPACE',''
  ) );
#1770 = ADVANCED_FACE('',(#1771),#1529,.T.);
#1771 = FACE_BOUND('',#1772,.T.);
#1772 = EDGE_LOOP('',(#1773,#1796,#1797,#1798,#1821,#1844,#1872,#1904,
    #1932,#1959,#1987,#2014));
#1773 = ORIENTED_EDGE('',*,*,#1774,.F.);
#1774 = EDGE_CURVE('',#1486,#1775,#1777,.T.);
#1775 = VERTEX_POINT('',#1776);
#1776 = CARTESIAN_POINT('',(73.8,-0.6,8.309402627941));
#1777 = SURFACE_CURVE('',#1778,(#1782,#1789),.PCURVE_S1.);
#1778 = LINE('',#1779,#1780);
#1779 = CARTESIAN_POINT('',(73.8,-0.6,-0.5));
#1780 = VECTOR('',#1781,1.);
#1781 = DIRECTION('',(0.,0.,1.));
#1782 = PCURVE('',#1529,#1783);
#1783 = DEFINITIONAL_REPRESENTATION('',(#1784),#1788);
#1784 = LINE('',#1785,#1786);
#1785 = CARTESIAN_POINT('',(0.5,73.));
#1786 = VECTOR('',#1787,1.);
#1787 = DIRECTION('',(1.,0.));
#1788 = ( GEOMETRIC_REPRESENTATION_CONTEXT(2) 
PARAMETRIC_REPRESENTATION_CONTEXT() REPRESENTATION_CONTEXT('2D SPACE',''
  ) );
#1789 = PCURVE('',#1501,#1790);
#1790 = DEFINITIONAL_REPRESENTATION('',(#1791),#1795);
#1791 = LINE('',#1792,#1793);
#1792 = CARTESIAN_POINT('',(-0.5,-3.4));
#1793 = VECTOR('',#1794,1.);
#1794 = DIRECTION('',(1.,0.));
#1795 = ( GEOMETRIC_REPRESENTATION_CONTEXT(2) 
PARAMETRIC_REPRESENTATION_CONTEXT() REPRESENTATION_CONTEXT('2D SPACE',''
  ) );
#1796 = ORIENTED_EDGE('',*,*,#1513,.T.);
#1797 = ORIENTED_EDGE('',*,*,#1727,.F.);
#1798 = ORIENTED_EDGE('',*,*,#1799,.F.);
#1799 = EDGE_CURVE('',#1800,#1728,#1802,.T.);
#1800 = VERTEX_POINT('',#1801);
#1801 = CARTESIAN_POINT('',(73.8,-0.6,30.));
#1802 = SURFACE_CURVE('',#1803,(#1807,#1814),.PCURVE_S1.);
#1803 = LINE('',#1804,#1805);
#1804 = CARTESIAN_POINT('',(32.3,-0.6,30.));
#1805 = VECTOR('',#1806,1.);
#1806 = DIRECTION('',(-1.,0.,0.));
#1807 = PCURVE('',#1529,#1808);
#1808 = DEFINITIONAL_REPRESENTATION('',(#1809),#1813);
#1809 = LINE('',#1810,#1811);
#1810 = CARTESIAN_POINT('',(31.,31.5));
#1811 = VECTOR('',#1812,1.);
#1812 = DIRECTION('',(0.,-1.));
#1813 = ( GEOMETRIC_REPRESENTATION_CONTEXT(2) 
PARAMETRIC_REPRESENTATION_CONTEXT() REPRESENTATION_CONTEXT('2D SPACE',''
  ) );
#1814 = PCURVE('',#1639,#1815);
#1815 = DEFINITIONAL_REPRESENTATION('',(#1816),#1820);
#1816 = LINE('',#1817,#1818);
#1817 = CARTESIAN_POINT('',(-31.5,3.4));
#1818 = VECTOR('',#1819,1.);
#1819 = DIRECTION('',(-1.,0.));
#1820 = ( GEOMETRIC_REPRESENTATION_CONTEXT(2) 
PARAMETRIC_REPRESENTATION_CONTEXT() REPRESENTATION_CONTEXT('2D SPACE',''
  ) );
#1821 = ORIENTED_EDGE('',*,*,#1822,.F.);
#1822 = EDGE_CURVE('',#1823,#1800,#1825,.T.);
#1823 = VERTEX_POINT('',#1824);
#1824 = CARTESIAN_POINT('',(73.8,-0.6,21.390597372059));
#1825 = SURFACE_CURVE('',#1826,(#1830,#1837),.PCURVE_S1.);
#1826 = LINE('',#1827,#1828);
#1827 = CARTESIAN_POINT('',(73.8,-0.6,-0.5));
#1828 = VECTOR('',#1829,1.);
#1829 = DIRECTION('',(0.,0.,1.));
#1830 = PCURVE('',#1529,#1831);
#1831 = DEFINITIONAL_REPRESENTATION('',(#1832),#1836);
#1832 = LINE('',#1833,#1834);
#1833 = CARTESIAN_POINT('',(0.5,73.));
#1834 = VECTOR('',#1835,1.);
#1835 = DIRECTION('',(1.,0.));
#1836 = ( GEOMETRIC_REPRESENTATION_CONTEXT(2) 
PARAMETRIC_REPRESENTATION_CONTEXT() REPRESENTATION_CONTEXT('2D SPACE',''
  ) );
#1837 = PCURVE('',#1501,#1838);
#1838 = DEFINITIONAL_REPRESENTATION('',(#1839),#1843);
#1839 = LINE('',#1840,#1841);
#1840 = CARTESIAN_POINT('',(-0.5,-3.4));
#1841 = VECTOR('',#1842,1.);
#1842 = DIRECTION('',(1.,0.));
#1843 = ( GEOMETRIC_REPRESENTATION_CONTEXT(2) 
PARAMETRIC_REPRESENTATION_CONTEXT() REPRESENTATION_CONTEXT('2D SPACE',''
  ) );
#1844 = ORIENTED_EDGE('',*,*,#1845,.T.);
#1845 = EDGE_CURVE('',#1823,#1846,#1848,.T.);
#1846 = VERTEX_POINT('',#1847);
#1847 = CARTESIAN_POINT('',(55.441723806367,-0.6,21.390597372059));
#1848 = SURFACE_CURVE('',#1849,(#1853,#1860),.PCURVE_S1.);
#1849 = LINE('',#1850,#1851);
#1850 = CARTESIAN_POINT('',(37.8,-0.6,21.390597372059));
#1851 = VECTOR('',#1852,1.);
#1852 = DIRECTION('',(-1.,-0.,-0.));
#1853 = PCURVE('',#1529,#1854);
#1854 = DEFINITIONAL_REPRESENTATION('',(#1855),#1859);
#1855 = LINE('',#1856,#1857);
#1856 = CARTESIAN_POINT('',(22.390597372059,37.));
#1857 = VECTOR('',#1858,1.);
#1858 = DIRECTION('',(0.,-1.));
#1859 = ( GEOMETRIC_REPRESENTATION_CONTEXT(2) 
PARAMETRIC_REPRESENTATION_CONTEXT() REPRESENTATION_CONTEXT('2D SPACE',''
  ) );
#1860 = PCURVE('',#1861,#1866);
#1861 = CYLINDRICAL_SURFACE('',#1862,1.7);
#1862 = AXIS2_PLACEMENT_3D('',#1863,#1864,#1865);
#1863 = CARTESIAN_POINT('',(37.8,0.,19.8));
#1864 = DIRECTION('',(-1.,-0.,-0.));
#1865 = DIRECTION('',(0.,1.,0.));
#1866 = DEFINITIONAL_REPRESENTATION('',(#1867),#1871);
#1867 = LINE('',#1868,#1869);
#1868 = CARTESIAN_POINT('',(-1.931509047158,0.));
#1869 = VECTOR('',#1870,1.);
#1870 = DIRECTION('',(-0.,1.));
#1871 = ( GEOMETRIC_REPRESENTATION_CONTEXT(2) 
PARAMETRIC_REPRESENTATION_CONTEXT() REPRESENTATION_CONTEXT('2D SPACE',''
  ) );
#1872 = ORIENTED_EDGE('',*,*,#1873,.T.);
#1873 = EDGE_CURVE('',#1846,#1874,#1876,.T.);
#1874 = VERTEX_POINT('',#1875);
#1875 = CARTESIAN_POINT('',(55.049568110535,-0.6,27.5));
#1876 = SURFACE_CURVE('',#1877,(#1882,#1889),.PCURVE_S1.);
#1877 = HYPERBOLA('',#1878,9.352941176471,0.6);
#1878 = AXIS2_PLACEMENT_3D('',#1879,#1880,#1881);
#1879 = CARTESIAN_POINT('',(37.8,-0.6,296.55294117647));
#1880 = DIRECTION('',(0.,1.,0.));
#1881 = DIRECTION('',(0.,0.,-1.));
#1882 = PCURVE('',#1529,#1883);
#1883 = DEFINITIONAL_REPRESENTATION('',(#1884),#1888);
#1884 = HYPERBOLA('',#1885,9.352941176471,0.6);
#1885 = AXIS2_PLACEMENT_2D('',#1886,#1887);
#1886 = CARTESIAN_POINT('',(297.55294117647,37.));
#1887 = DIRECTION('',(-1.,0.));
#1888 = ( GEOMETRIC_REPRESENTATION_CONTEXT(2) 
PARAMETRIC_REPRESENTATION_CONTEXT() REPRESENTATION_CONTEXT('2D SPACE',''
  ) );
#1889 = PCURVE('',#1890,#1895);
#1890 = CONICAL_SURFACE('',#1891,18.96,6.406315899547E-02);
#1891 = AXIS2_PLACEMENT_3D('',#1892,#1893,#1894);
#1892 = CARTESIAN_POINT('',(37.8,0.,1.));
#1893 = DIRECTION('',(-0.,-0.,-1.));
#1894 = DIRECTION('',(1.,0.,0.));
#1895 = DEFINITIONAL_REPRESENTATION('',(#1896),#1903);
#1896 = B_SPLINE_CURVE_WITH_KNOTS('',5,(#1897,#1898,#1899,#1900,#1901,
    #1902),.UNSPECIFIED.,.F.,.F.,(6,6),(-4.146053846561,-4.05206224589),
  .PIECEWISE_BEZIER_KNOTS.);
#1897 = CARTESIAN_POINT('',(-6.25153445331,-5.661044742179E-14));
#1898 = CARTESIAN_POINT('',(-6.250939569762,-5.553116152571));
#1899 = CARTESIAN_POINT('',(-6.250330714701,-10.97568035562));
#1900 = CARTESIAN_POINT('',(-6.249707451046,-16.27178078385));
#1901 = CARTESIAN_POINT('',(-6.249069321286,-21.4453135628));
#1902 = CARTESIAN_POINT('',(-6.248415845499,-26.5));
#1903 = ( GEOMETRIC_REPRESENTATION_CONTEXT(2) 
PARAMETRIC_REPRESENTATION_CONTEXT() REPRESENTATION_CONTEXT('2D SPACE',''
  ) );
#1904 = ORIENTED_EDGE('',*,*,#1905,.T.);
#1905 = EDGE_CURVE('',#1874,#1906,#1908,.T.);
#1906 = VERTEX_POINT('',#1907);
#1907 = CARTESIAN_POINT('',(20.550431889465,-0.6,27.5));
#1908 = SURFACE_CURVE('',#1909,(#1913,#1920),.PCURVE_S1.);
#1909 = LINE('',#1910,#1911);
#1910 = CARTESIAN_POINT('',(19.3,-0.6,27.5));
#1911 = VECTOR('',#1912,1.);
#1912 = DIRECTION('',(-1.,0.,0.));
#1913 = PCURVE('',#1529,#1914);
#1914 = DEFINITIONAL_REPRESENTATION('',(#1915),#1919);
#1915 = LINE('',#1916,#1917);
#1916 = CARTESIAN_POINT('',(28.5,18.5));
#1917 = VECTOR('',#1918,1.);
#1918 = DIRECTION('',(0.,-1.));
#1919 = ( GEOMETRIC_REPRESENTATION_CONTEXT(2) 
PARAMETRIC_REPRESENTATION_CONTEXT() REPRESENTATION_CONTEXT('2D SPACE',''
  ) );
#1920 = PCURVE('',#1921,#1926);
#1921 = PLANE('',#1922);
#1922 = AXIS2_PLACEMENT_3D('',#1923,#1924,#1925);
#1923 = CARTESIAN_POINT('',(37.8,0.,27.5));
#1924 = DIRECTION('',(0.,0.,1.));
#1925 = DIRECTION('',(1.,0.,0.));
#1926 = DEFINITIONAL_REPRESENTATION('',(#1927),#1931);
#1927 = LINE('',#1928,#1929);
#1928 = CARTESIAN_POINT('',(-18.5,-0.6));
#1929 = VECTOR('',#1930,1.);
#1930 = DIRECTION('',(-1.,0.));
#1931 = ( GEOMETRIC_REPRESENTATION_CONTEXT(2) 
PARAMETRIC_REPRESENTATION_CONTEXT() REPRESENTATION_CONTEXT('2D SPACE',''
  ) );
#1932 = ORIENTED_EDGE('',*,*,#1933,.T.);
#1933 = EDGE_CURVE('',#1906,#1934,#1936,.T.);
#1934 = VERTEX_POINT('',#1935);
#1935 = CARTESIAN_POINT('',(18.849496048917,-0.6,1.));
#1936 = SURFACE_CURVE('',#1937,(#1942,#1949),.PCURVE_S1.);
#1937 = HYPERBOLA('',#1938,9.352941176471,0.6);
#1938 = AXIS2_PLACEMENT_3D('',#1939,#1940,#1941);
#1939 = CARTESIAN_POINT('',(37.8,-0.6,296.55294117647));
#1940 = DIRECTION('',(0.,1.,0.));
#1941 = DIRECTION('',(0.,0.,-1.));
#1942 = PCURVE('',#1529,#1943);
#1943 = DEFINITIONAL_REPRESENTATION('',(#1944),#1948);
#1944 = HYPERBOLA('',#1945,9.352941176471,0.6);
#1945 = AXIS2_PLACEMENT_2D('',#1946,#1947);
#1946 = CARTESIAN_POINT('',(297.55294117647,37.));
#1947 = DIRECTION('',(-1.,0.));
#1948 = ( GEOMETRIC_REPRESENTATION_CONTEXT(2) 
PARAMETRIC_REPRESENTATION_CONTEXT() REPRESENTATION_CONTEXT('2D SPACE',''
  ) );
#1949 = PCURVE('',#1890,#1950);
#1950 = DEFINITIONAL_REPRESENTATION('',(#1951),#1958);
#1951 = B_SPLINE_CURVE_WITH_KNOTS('',5,(#1952,#1953,#1954,#1955,#1956,
    #1957),.UNSPECIFIED.,.F.,.F.,(6,6),(4.05206224589,4.146053846561),
  .PIECEWISE_BEZIER_KNOTS.);
#1952 = CARTESIAN_POINT('',(-3.17636211527,-26.5));
#1953 = CARTESIAN_POINT('',(-3.175708639483,-21.4453135628));
#1954 = CARTESIAN_POINT('',(-3.175070509724,-16.27178078385));
#1955 = CARTESIAN_POINT('',(-3.174447246069,-10.97568035562));
#1956 = CARTESIAN_POINT('',(-3.173838391008,-5.553116152571));
#1957 = CARTESIAN_POINT('',(-3.173243507459,-5.661044742179E-14));
#1958 = ( GEOMETRIC_REPRESENTATION_CONTEXT(2) 
PARAMETRIC_REPRESENTATION_CONTEXT() REPRESENTATION_CONTEXT('2D SPACE',''
  ) );
#1959 = ORIENTED_EDGE('',*,*,#1960,.F.);
#1960 = EDGE_CURVE('',#1961,#1934,#1963,.T.);
#1961 = VERTEX_POINT('',#1962);
#1962 = CARTESIAN_POINT('',(56.750503951083,-0.6,1.));
#1963 = SURFACE_CURVE('',#1964,(#1968,#1975),.PCURVE_S1.);
#1964 = LINE('',#1965,#1966);
#1965 = CARTESIAN_POINT('',(19.3,-0.6,1.));
#1966 = VECTOR('',#1967,1.);
#1967 = DIRECTION('',(-1.,0.,0.));
#1968 = PCURVE('',#1529,#1969);
#1969 = DEFINITIONAL_REPRESENTATION('',(#1970),#1974);
#1970 = LINE('',#1971,#1972);
#1971 = CARTESIAN_POINT('',(2.,18.5));
#1972 = VECTOR('',#1973,1.);
#1973 = DIRECTION('',(0.,-1.));
#1974 = ( GEOMETRIC_REPRESENTATION_CONTEXT(2) 
PARAMETRIC_REPRESENTATION_CONTEXT() REPRESENTATION_CONTEXT('2D SPACE',''
  ) );
#1975 = PCURVE('',#1976,#1981);
#1976 = PLANE('',#1977);
#1977 = AXIS2_PLACEMENT_3D('',#1978,#1979,#1980);
#1978 = CARTESIAN_POINT('',(37.8,0.,1.));
#1979 = DIRECTION('',(0.,0.,1.));
#1980 = DIRECTION('',(1.,0.,0.));
#1981 = DEFINITIONAL_REPRESENTATION('',(#1982),#1986);
#1982 = LINE('',#1983,#1984);
#1983 = CARTESIAN_POINT('',(-18.5,-0.6));
#1984 = VECTOR('',#1985,1.);
#1985 = DIRECTION('',(-1.,0.));
#1986 = ( GEOMETRIC_REPRESENTATION_CONTEXT(2) 
PARAMETRIC_REPRESENTATION_CONTEXT() REPRESENTATION_CONTEXT('2D SPACE',''
  ) );
#1987 = ORIENTED_EDGE('',*,*,#1988,.T.);
#1988 = EDGE_CURVE('',#1961,#1989,#1991,.T.);
#1989 = VERTEX_POINT('',#1990);
#1990 = CARTESIAN_POINT('',(56.281357946679,-0.6,8.309402627936));
#1991 = SURFACE_CURVE('',#1992,(#1997,#2004),.PCURVE_S1.);
#1992 = HYPERBOLA('',#1993,9.352941176471,0.6);
#1993 = AXIS2_PLACEMENT_3D('',#1994,#1995,#1996);
#1994 = CARTESIAN_POINT('',(37.8,-0.6,296.55294117647));
#1995 = DIRECTION('',(0.,1.,0.));
#1996 = DIRECTION('',(0.,0.,-1.));
#1997 = PCURVE('',#1529,#1998);
#1998 = DEFINITIONAL_REPRESENTATION('',(#1999),#2003);
#1999 = HYPERBOLA('',#2000,9.352941176471,0.6);
#2000 = AXIS2_PLACEMENT_2D('',#2001,#2002);
#2001 = CARTESIAN_POINT('',(297.55294117647,37.));
#2002 = DIRECTION('',(-1.,0.));
#2003 = ( GEOMETRIC_REPRESENTATION_CONTEXT(2) 
PARAMETRIC_REPRESENTATION_CONTEXT() REPRESENTATION_CONTEXT('2D SPACE',''
  ) );
#2004 = PCURVE('',#1890,#2005);
#2005 = DEFINITIONAL_REPRESENTATION('',(#2006),#2013);
#2006 = B_SPLINE_CURVE_WITH_KNOTS('',5,(#2007,#2008,#2009,#2010,#2011,
    #2012),.UNSPECIFIED.,.F.,.F.,(6,6),(-4.146053846561,-4.05206224589),
  .PIECEWISE_BEZIER_KNOTS.);
#2007 = CARTESIAN_POINT('',(-6.25153445331,-5.661044742179E-14));
#2008 = CARTESIAN_POINT('',(-6.250939569762,-5.553116152571));
#2009 = CARTESIAN_POINT('',(-6.250330714701,-10.97568035562));
#2010 = CARTESIAN_POINT('',(-6.249707451046,-16.27178078385));
#2011 = CARTESIAN_POINT('',(-6.249069321286,-21.4453135628));
#2012 = CARTESIAN_POINT('',(-6.248415845499,-26.5));
#2013 = ( GEOMETRIC_REPRESENTATION_CONTEXT(2) 
PARAMETRIC_REPRESENTATION_CONTEXT() REPRESENTATION_CONTEXT('2D SPACE',''
  ) );
#2014 = ORIENTED_EDGE('',*,*,#2015,.F.);
#2015 = EDGE_CURVE('',#1775,#1989,#2016,.T.);
#2016 = SURFACE_CURVE('',#2017,(#2021,#2028),.PCURVE_S1.);
#2017 = LINE('',#2018,#2019);
#2018 = CARTESIAN_POINT('',(37.8,-0.6,8.309402627941));
#2019 = VECTOR('',#2020,1.);
#2020 = DIRECTION('',(-1.,-0.,-0.));
#2021 = PCURVE('',#1529,#2022);
#2022 = DEFINITIONAL_REPRESENTATION('',(#2023),#2027);
#2023 = LINE('',#2024,#2025);
#2024 = CARTESIAN_POINT('',(9.309402627941,37.));
#2025 = VECTOR('',#2026,1.);
#2026 = DIRECTION('',(0.,-1.));
#2027 = ( GEOMETRIC_REPRESENTATION_CONTEXT(2) 
PARAMETRIC_REPRESENTATION_CONTEXT() REPRESENTATION_CONTEXT('2D SPACE',''
  ) );
#2028 = PCURVE('',#2029,#2034);
#2029 = CYLINDRICAL_SURFACE('',#2030,1.7);
#2030 = AXIS2_PLACEMENT_3D('',#2031,#2032,#2033);
#2031 = CARTESIAN_POINT('',(37.8,0.,9.9));
#2032 = DIRECTION('',(-1.,-0.,-0.));
#2033 = DIRECTION('',(0.,1.,0.));
#2034 = DEFINITIONAL_REPRESENTATION('',(#2035),#2039);
#2035 = LINE('',#2036,#2037);
#2036 = CARTESIAN_POINT('',(-4.351676260021,0.));
#2037 = VECTOR('',#2038,1.);
#2038 = DIRECTION('',(-0.,1.));
#2039 = ( GEOMETRIC_REPRESENTATION_CONTEXT(2) 
PARAMETRIC_REPRESENTATION_CONTEXT() REPRESENTATION_CONTEXT('2D SPACE',''
  ) );
#2040 = ADVANCED_FACE('',(#2041),#1501,.T.);
#2041 = FACE_BOUND('',#2042,.T.);
#2042 = EDGE_LOOP('',(#2043,#2064,#2065,#2066,#2067,#2095,#2123,#2149));
#2043 = ORIENTED_EDGE('',*,*,#2044,.F.);
#2044 = EDGE_CURVE('',#1624,#1800,#2045,.T.);
#2045 = SURFACE_CURVE('',#2046,(#2050,#2057),.PCURVE_S1.);
#2046 = LINE('',#2047,#2048);
#2047 = CARTESIAN_POINT('',(73.8,-4.,30.));
#2048 = VECTOR('',#2049,1.);
#2049 = DIRECTION('',(0.,1.,0.));
#2050 = PCURVE('',#1501,#2051);
#2051 = DEFINITIONAL_REPRESENTATION('',(#2052),#2056);
#2052 = LINE('',#2053,#2054);
#2053 = CARTESIAN_POINT('',(30.,0.));
#2054 = VECTOR('',#2055,1.);
#2055 = DIRECTION('',(0.,-1.));
#2056 = ( GEOMETRIC_REPRESENTATION_CONTEXT(2) 
PARAMETRIC_REPRESENTATION_CONTEXT() REPRESENTATION_CONTEXT('2D SPACE',''
  ) );
#2057 = PCURVE('',#1639,#2058);
#2058 = DEFINITIONAL_REPRESENTATION('',(#2059),#2063);
#2059 = LINE('',#2060,#2061);
#2060 = CARTESIAN_POINT('',(10.,0.));
#2061 = VECTOR('',#2062,1.);
#2062 = DIRECTION('',(0.,1.));
#2063 = ( GEOMETRIC_REPRESENTATION_CONTEXT(2) 
PARAMETRIC_REPRESENTATION_CONTEXT() REPRESENTATION_CONTEXT('2D SPACE',''
  ) );
#2064 = ORIENTED_EDGE('',*,*,#1651,.F.);
#2065 = ORIENTED_EDGE('',*,*,#1485,.T.);
#2066 = ORIENTED_EDGE('',*,*,#1774,.T.);
#2067 = ORIENTED_EDGE('',*,*,#2068,.T.);
#2068 = EDGE_CURVE('',#1775,#2069,#2071,.T.);
#2069 = VERTEX_POINT('',#2070);
#2070 = CARTESIAN_POINT('',(73.8,-0.6,11.490597372059));
#2071 = SURFACE_CURVE('',#2072,(#2077,#2088),.PCURVE_S1.);
#2072 = CIRCLE('',#2073,1.7);
#2073 = AXIS2_PLACEMENT_3D('',#2074,#2075,#2076);
#2074 = CARTESIAN_POINT('',(73.8,0.,9.9));
#2075 = DIRECTION('',(-1.,0.,0.));
#2076 = DIRECTION('',(0.,1.,0.));
#2077 = PCURVE('',#1501,#2078);
#2078 = DEFINITIONAL_REPRESENTATION('',(#2079),#2087);
#2079 = ( BOUNDED_CURVE() B_SPLINE_CURVE(2,(#2080,#2081,#2082,#2083,
#2084,#2085,#2086),.UNSPECIFIED.,.T.,.F.) B_SPLINE_CURVE_WITH_KNOTS((1,2
    ,2,2,2,1),(-2.094395102393,0.,2.094395102393,4.188790204786,
6.28318530718,8.377580409573),.UNSPECIFIED.) CURVE() 
GEOMETRIC_REPRESENTATION_ITEM() RATIONAL_B_SPLINE_CURVE((1.,0.5,1.,0.5,
1.,0.5,1.)) REPRESENTATION_ITEM('') );
#2080 = CARTESIAN_POINT('',(9.9,-5.7));
#2081 = CARTESIAN_POINT('',(6.955513627133,-5.7));
#2082 = CARTESIAN_POINT('',(8.427756813566,-3.15));
#2083 = CARTESIAN_POINT('',(9.9,-0.6));
#2084 = CARTESIAN_POINT('',(11.372243186434,-3.15));
#2085 = CARTESIAN_POINT('',(12.844486372867,-5.7));
#2086 = CARTESIAN_POINT('',(9.9,-5.7));
#2087 = ( GEOMETRIC_REPRESENTATION_CONTEXT(2) 
PARAMETRIC_REPRESENTATION_CONTEXT() REPRESENTATION_CONTEXT('2D SPACE',''
  ) );
#2088 = PCURVE('',#2029,#2089);
#2089 = DEFINITIONAL_REPRESENTATION('',(#2090),#2094);
#2090 = LINE('',#2091,#2092);
#2091 = CARTESIAN_POINT('',(-6.28318530718,-36.));
#2092 = VECTOR('',#2093,1.);
#2093 = DIRECTION('',(1.,-0.));
#2094 = ( GEOMETRIC_REPRESENTATION_CONTEXT(2) 
PARAMETRIC_REPRESENTATION_CONTEXT() REPRESENTATION_CONTEXT('2D SPACE',''
  ) );
#2095 = ORIENTED_EDGE('',*,*,#2096,.T.);
#2096 = EDGE_CURVE('',#2069,#2097,#2099,.T.);
#2097 = VERTEX_POINT('',#2098);
#2098 = CARTESIAN_POINT('',(73.8,-0.6,18.209402627941));
#2099 = SURFACE_CURVE('',#2100,(#2104,#2111),.PCURVE_S1.);
#2100 = LINE('',#2101,#2102);
#2101 = CARTESIAN_POINT('',(73.8,-0.6,-0.5));
#2102 = VECTOR('',#2103,1.);
#2103 = DIRECTION('',(0.,0.,1.));
#2104 = PCURVE('',#1501,#2105);
#2105 = DEFINITIONAL_REPRESENTATION('',(#2106),#2110);
#2106 = LINE('',#2107,#2108);
#2107 = CARTESIAN_POINT('',(-0.5,-3.4));
#2108 = VECTOR('',#2109,1.);
#2109 = DIRECTION('',(1.,0.));
#2110 = ( GEOMETRIC_REPRESENTATION_CONTEXT(2) 
PARAMETRIC_REPRESENTATION_CONTEXT() REPRESENTATION_CONTEXT('2D SPACE',''
  ) );
#2111 = PCURVE('',#2112,#2117);
#2112 = PLANE('',#2113);
#2113 = AXIS2_PLACEMENT_3D('',#2114,#2115,#2116);
#2114 = CARTESIAN_POINT('',(0.8,-0.6,-1.));
#2115 = DIRECTION('',(0.,1.,0.));
#2116 = DIRECTION('',(0.,0.,1.));
#2117 = DEFINITIONAL_REPRESENTATION('',(#2118),#2122);
#2118 = LINE('',#2119,#2120);
#2119 = CARTESIAN_POINT('',(0.5,73.));
#2120 = VECTOR('',#2121,1.);
#2121 = DIRECTION('',(1.,0.));
#2122 = ( GEOMETRIC_REPRESENTATION_CONTEXT(2) 
PARAMETRIC_REPRESENTATION_CONTEXT() REPRESENTATION_CONTEXT('2D SPACE',''
  ) );
#2123 = ORIENTED_EDGE('',*,*,#2124,.T.);
#2124 = EDGE_CURVE('',#2097,#1823,#2125,.T.);
#2125 = SURFACE_CURVE('',#2126,(#2131,#2142),.PCURVE_S1.);
#2126 = CIRCLE('',#2127,1.7);
#2127 = AXIS2_PLACEMENT_3D('',#2128,#2129,#2130);
#2128 = CARTESIAN_POINT('',(73.8,0.,19.8));
#2129 = DIRECTION('',(-1.,0.,0.));
#2130 = DIRECTION('',(0.,1.,0.));
#2131 = PCURVE('',#1501,#2132);
#2132 = DEFINITIONAL_REPRESENTATION('',(#2133),#2141);
#2133 = ( BOUNDED_CURVE() B_SPLINE_CURVE(2,(#2134,#2135,#2136,#2137,
#2138,#2139,#2140),.UNSPECIFIED.,.T.,.F.) B_SPLINE_CURVE_WITH_KNOTS((1,2
    ,2,2,2,1),(-2.094395102393,0.,2.094395102393,4.188790204786,
6.28318530718,8.377580409573),.UNSPECIFIED.) CURVE() 
GEOMETRIC_REPRESENTATION_ITEM() RATIONAL_B_SPLINE_CURVE((1.,0.5,1.,0.5,
1.,0.5,1.)) REPRESENTATION_ITEM('') );
#2134 = CARTESIAN_POINT('',(19.8,-5.7));
#2135 = CARTESIAN_POINT('',(16.855513627133,-5.7));
#2136 = CARTESIAN_POINT('',(18.327756813566,-3.15));
#2137 = CARTESIAN_POINT('',(19.8,-0.6));
#2138 = CARTESIAN_POINT('',(21.272243186434,-3.15));
#2139 = CARTESIAN_POINT('',(22.744486372867,-5.7));
#2140 = CARTESIAN_POINT('',(19.8,-5.7));
#2141 = ( GEOMETRIC_REPRESENTATION_CONTEXT(2) 
PARAMETRIC_REPRESENTATION_CONTEXT() REPRESENTATION_CONTEXT('2D SPACE',''
  ) );
#2142 = PCURVE('',#1861,#2143);
#2143 = DEFINITIONAL_REPRESENTATION('',(#2144),#2148);
#2144 = LINE('',#2145,#2146);
#2145 = CARTESIAN_POINT('',(-6.28318530718,-36.));
#2146 = VECTOR('',#2147,1.);
#2147 = DIRECTION('',(1.,-0.));
#2148 = ( GEOMETRIC_REPRESENTATION_CONTEXT(2) 
PARAMETRIC_REPRESENTATION_CONTEXT() REPRESENTATION_CONTEXT('2D SPACE',''
  ) );
#2149 = ORIENTED_EDGE('',*,*,#1822,.T.);
#2150 = ADVANCED_FACE('',(#2151),#1639,.T.);
#2151 = FACE_BOUND('',#2152,.T.);
#2152 = EDGE_LOOP('',(#2153,#2154,#2155,#2156,#2157));
#2153 = ORIENTED_EDGE('',*,*,#1623,.T.);
#2154 = ORIENTED_EDGE('',*,*,#2044,.T.);
#2155 = ORIENTED_EDGE('',*,*,#1799,.T.);
#2156 = ORIENTED_EDGE('',*,*,#1750,.F.);
#2157 = ORIENTED_EDGE('',*,*,#1675,.T.);
#2158 = ADVANCED_FACE('',(#2159),#2029,.F.);
#2159 = FACE_BOUND('',#2160,.T.);
#2160 = EDGE_LOOP('',(#2161,#2162,#2163,#2303));
#2161 = ORIENTED_EDGE('',*,*,#2068,.F.);
#2162 = ORIENTED_EDGE('',*,*,#2015,.T.);
#2163 = ORIENTED_EDGE('',*,*,#2164,.F.);
#2164 = EDGE_CURVE('',#2165,#1989,#2167,.T.);
#2165 = VERTEX_POINT('',#2166);
#2166 = CARTESIAN_POINT('',(56.077172583269,-0.6,11.490597372059));
#2167 = SURFACE_CURVE('',#2168,(#2211,#2257),.PCURVE_S1.);
#2168 = B_SPLINE_CURVE_WITH_KNOTS('',6,(#2169,#2170,#2171,#2172,#2173,
    #2174,#2175,#2176,#2177,#2178,#2179,#2180,#2181,#2182,#2183,#2184,
    #2185,#2186,#2187,#2188,#2189,#2190,#2191,#2192,#2193,#2194,#2195,
    #2196,#2197,#2198,#2199,#2200,#2201,#2202,#2203,#2204,#2205,#2206,
    #2207,#2208,#2209,#2210),.UNSPECIFIED.,.F.,.F.,(7,5,5,5,5,5,5,5,7),(
    0.,0.1361007069,0.231977631113,0.30589654015,0.506037770318,
    0.702334197962,0.775374234861,0.868716468974,1.),.UNSPECIFIED.);
#2169 = CARTESIAN_POINT('',(56.077354211429,-0.578687118568,
    11.498474653788));
#2170 = CARTESIAN_POINT('',(56.076486873727,-0.681628236136,
    11.461207438718));
#2171 = CARTESIAN_POINT('',(56.075540788471,-0.779922023728,
    11.416624505657));
#2172 = CARTESIAN_POINT('',(56.074603588926,-0.872766908302,
    11.3655974308));
#2173 = CARTESIAN_POINT('',(56.073772590373,-0.959752825459,
    11.309069215875));
#2174 = CARTESIAN_POINT('',(56.073129818989,-1.040713298945,
    11.247878978551));
#2175 = CARTESIAN_POINT('',(56.072471385696,-1.168429210472,
    11.136797166664));
#2176 = CARTESIAN_POINT('',(56.072326522485,-1.218219463286,
    11.088913266581));
#2177 = CARTESIAN_POINT('',(56.072332838958,-1.265013497178,
    11.039293592638));
#2178 = CARTESIAN_POINT('',(56.072510636855,-1.30883085365,
    10.988151215503));
#2179 = CARTESIAN_POINT('',(56.072876872658,-1.349705150162,
    10.935672306442));
#2180 = CARTESIAN_POINT('',(56.073883759425,-1.416953208776,
    10.840644513834));
#2181 = CARTESIAN_POINT('',(56.074442369758,-1.444502810766,
    10.798575605086));
#2182 = CARTESIAN_POINT('',(56.075127555049,-1.47034473926,
    10.755880257891));
#2183 = CARTESIAN_POINT('',(56.075944650193,-1.494497310564,
    10.712625296151));
#2184 = CARTESIAN_POINT('',(56.076898022326,-1.516978666507,
    10.668871291566));
#2185 = CARTESIAN_POINT('',(56.080950585147,-1.594200506419,
    10.50500104932));
#2186 = CARTESIAN_POINT('',(56.084933397297,-1.638457614567,
    10.382103722701));
#2187 = CARTESIAN_POINT('',(56.09000885211,-1.670966100718,
    10.257006047484));
#2188 = CARTESIAN_POINT('',(56.096199744706,-1.691949954315,
    10.130583661887));
#2189 = CARTESIAN_POINT('',(56.103487254094,-1.701576258631,
    10.003607222643));
#2190 = CARTESIAN_POINT('',(56.119995540063,-1.69813903506,
    9.752326213879));
#2191 = CARTESIAN_POINT('',(56.129172686199,-1.685508611776,
    9.628075016668));
#2192 = CARTESIAN_POINT('',(56.139304021081,-1.661965957798,
    9.504628149052));
#2193 = CARTESIAN_POINT('',(56.150299807526,-1.627371016058,
    9.382710509591));
#2194 = CARTESIAN_POINT('',(56.162020878693,-1.581527377243,
    9.263141454845));
#2195 = CARTESIAN_POINT('',(56.178828068836,-1.502699212195,
    9.103618493357));
#2196 = CARTESIAN_POINT('',(56.183458578016,-1.479717348184,
    9.060820440033));
#2197 = CARTESIAN_POINT('',(56.188151346706,-1.455113724734,
    9.018536404913));
#2198 = CARTESIAN_POINT('',(56.192894355265,-1.428871090219,
    8.976824240243));
#2199 = CARTESIAN_POINT('',(56.197673954492,-1.400971860883,
    8.935747829737));
#2200 = CARTESIAN_POINT('',(56.208610237259,-1.333604068648,
    8.843784902528));
#2201 = CARTESIAN_POINT('',(56.214780071201,-1.293077171862,
    8.793347707401));
#2202 = CARTESIAN_POINT('',(56.22095266301,-1.249779232575,
    8.744209213286));
#2203 = CARTESIAN_POINT('',(56.227090327346,-1.203678591814,
    8.696539831614));
#2204 = CARTESIAN_POINT('',(56.233149428619,-1.154755863131,
    8.650534764119));
#2205 = CARTESIAN_POINT('',(56.247422191794,-1.030229927041,8.5443546504
    ));
#2206 = CARTESIAN_POINT('',(56.255509859486,-0.951871307541,
    8.486026151822));
#2207 = CARTESIAN_POINT('',(56.263205831176,-0.86792928086,
    8.432031969589));
#2208 = CARTESIAN_POINT('',(56.270343027816,-0.778541362576,
    8.383121766505));
#2209 = CARTESIAN_POINT('',(56.276729569187,-0.684058071722,
    8.340141908798));
#2210 = CARTESIAN_POINT('',(56.282187311948,-0.585172426854,
    8.303888089497));
#2211 = PCURVE('',#2029,#2212);
#2212 = DEFINITIONAL_REPRESENTATION('',(#2213),#2256);
#2213 = B_SPLINE_CURVE_WITH_KNOTS('',6,(#2214,#2215,#2216,#2217,#2218,
    #2219,#2220,#2221,#2222,#2223,#2224,#2225,#2226,#2227,#2228,#2229,
    #2230,#2231,#2232,#2233,#2234,#2235,#2236,#2237,#2238,#2239,#2240,
    #2241,#2242,#2243,#2244,#2245,#2246,#2247,#2248,#2249,#2250,#2251,
    #2252,#2253,#2254,#2255),.UNSPECIFIED.,.F.,.F.,(7,5,5,5,5,5,5,5,7),(
    0.,0.1361007069,0.231977631113,0.30589654015,0.506037770318,
    0.702334197962,0.775374234861,0.868716468974,1.),.UNSPECIFIED.);
#2214 = CARTESIAN_POINT('',(-1.9181430498,-18.27735421142));
#2215 = CARTESIAN_POINT('',(-1.982542643078,-18.27648687372));
#2216 = CARTESIAN_POINT('',(-2.045836552213,-18.27554078847));
#2217 = CARTESIAN_POINT('',(-2.1078884087,-18.27460358892));
#2218 = CARTESIAN_POINT('',(-2.168677879881,-18.27377259037));
#2219 = CARTESIAN_POINT('',(-2.228233155147,-18.27312981898));
#2220 = CARTESIAN_POINT('',(-2.327800598495,-18.27247138569));
#2221 = CARTESIAN_POINT('',(-2.368384568664,-18.27232652248));
#2222 = CARTESIAN_POINT('',(-2.40843424746,-18.27233283895));
#2223 = CARTESIAN_POINT('',(-2.447984076935,-18.27251063685));
#2224 = CARTESIAN_POINT('',(-2.487071609625,-18.27287687265));
#2225 = CARTESIAN_POINT('',(-2.555551351169,-18.27388375942));
#2226 = CARTESIAN_POINT('',(-2.585112829718,-18.27444236975));
#2227 = CARTESIAN_POINT('',(-2.614442177698,-18.27512755504));
#2228 = CARTESIAN_POINT('',(-2.643557583191,-18.27594465019));
#2229 = CARTESIAN_POINT('',(-2.67247706444,-18.27689802232));
#2230 = CARTESIAN_POINT('',(-2.779038073905,-18.28095058514));
#2231 = CARTESIAN_POINT('',(-2.855531176509,-18.28493339729));
#2232 = CARTESIAN_POINT('',(-2.931095705588,-18.29000885211));
#2233 = CARTESIAN_POINT('',(-3.006032788681,-18.2961997447));
#2234 = CARTESIAN_POINT('',(-3.080640673984,-18.30348725409));
#2235 = CARTESIAN_POINT('',(-3.228466859994,-18.31999554006));
#2236 = CARTESIAN_POINT('',(-3.301650855052,-18.32917268619));
#2237 = CARTESIAN_POINT('',(-3.375153868288,-18.33930402108));
#2238 = CARTESIAN_POINT('',(-3.44926164859,-18.35029980752));
#2239 = CARTESIAN_POINT('',(-3.524264732259,-18.36202087869));
#2240 = CARTESIAN_POINT('',(-3.628933355581,-18.37882806883));
#2241 = CARTESIAN_POINT('',(-3.657492557498,-18.38345857801));
#2242 = CARTESIAN_POINT('',(-3.68624415361,-18.3881513467));
#2243 = CARTESIAN_POINT('',(-3.71520613676,-18.39289435526));
#2244 = CARTESIAN_POINT('',(-3.744396728946,-18.39767395449));
#2245 = CARTESIAN_POINT('',(-3.811454518958,-18.40861023725));
#2246 = CARTESIAN_POINT('',(-3.849476579989,-18.4147800712));
#2247 = CARTESIAN_POINT('',(-3.887941428384,-18.42095266301));
#2248 = CARTESIAN_POINT('',(-3.926885401098,-18.42709032734));
#2249 = CARTESIAN_POINT('',(-3.966342097687,-18.43314942861));
#2250 = CARTESIAN_POINT('',(-4.06260608972,-18.44742219179));
#2251 = CARTESIAN_POINT('',(-4.119941852384,-18.45550985948));
#2252 = CARTESIAN_POINT('',(-4.178443699736,-18.46320583117));
#2253 = CARTESIAN_POINT('',(-4.238143466527,-18.47034302781));
#2254 = CARTESIAN_POINT('',(-4.299027996744,-18.47672956918));
#2255 = CARTESIAN_POINT('',(-4.360982076666,-18.48218731194));
#2256 = ( GEOMETRIC_REPRESENTATION_CONTEXT(2) 
PARAMETRIC_REPRESENTATION_CONTEXT() REPRESENTATION_CONTEXT('2D SPACE',''
  ) );
#2257 = PCURVE('',#1890,#2258);
#2258 = DEFINITIONAL_REPRESENTATION('',(#2259),#2302);
#2259 = B_SPLINE_CURVE_WITH_KNOTS('',6,(#2260,#2261,#2262,#2263,#2264,
    #2265,#2266,#2267,#2268,#2269,#2270,#2271,#2272,#2273,#2274,#2275,
    #2276,#2277,#2278,#2279,#2280,#2281,#2282,#2283,#2284,#2285,#2286,
    #2287,#2288,#2289,#2290,#2291,#2292,#2293,#2294,#2295,#2296,#2297,
    #2298,#2299,#2300,#2301),.UNSPECIFIED.,.F.,.F.,(7,5,5,5,5,5,5,5,7),(
    0.,0.1361007069,0.231977631113,0.30589654015,0.506037770318,
    0.702334197962,0.775374234861,0.868716468974,1.),.UNSPECIFIED.);
#2260 = CARTESIAN_POINT('',(-6.25153445331,-10.49847465378));
#2261 = CARTESIAN_POINT('',(-6.245906425289,-10.46120743871));
#2262 = CARTESIAN_POINT('',(-6.24053403937,-10.41662450565));
#2263 = CARTESIAN_POINT('',(-6.23546143804,-10.3655974308));
#2264 = CARTESIAN_POINT('',(-6.230711244877,-10.30906921587));
#2265 = CARTESIAN_POINT('',(-6.22629265147,-10.24787897855));
#2266 = CARTESIAN_POINT('',(-6.219326995692,-10.13679716666));
#2267 = CARTESIAN_POINT('',(-6.216612907505,-10.08891326658));
#2268 = CARTESIAN_POINT('',(-6.214063724422,-10.03929359263));
#2269 = CARTESIAN_POINT('',(-6.211678364336,-9.988151215503));
#2270 = CARTESIAN_POINT('',(-6.20945495866,-9.935672306442));
#2271 = CARTESIAN_POINT('',(-6.205800122406,-9.840644513834));
#2272 = CARTESIAN_POINT('',(-6.204303997526,-9.798575605086));
#2273 = CARTESIAN_POINT('',(-6.20290181224,-9.755880257891));
#2274 = CARTESIAN_POINT('',(-6.201592539201,-9.712625296151));
#2275 = CARTESIAN_POINT('',(-6.200375155466,-9.668871291566));
#2276 = CARTESIAN_POINT('',(-6.196198520463,-9.50500104932));
#2277 = CARTESIAN_POINT('',(-6.193815474093,-9.382103722701));
#2278 = CARTESIAN_POINT('',(-6.192077590755,-9.257006047484));
#2279 = CARTESIAN_POINT('',(-6.190971632231,-9.130583661887));
#2280 = CARTESIAN_POINT('',(-6.19048720614,-9.003607222643));
#2281 = CARTESIAN_POINT('',(-6.190756277652,-8.752326213879));
#2282 = CARTESIAN_POINT('',(-6.191486111616,-8.628075016668));
#2283 = CARTESIAN_POINT('',(-6.192810258639,-8.504628149052));
#2284 = CARTESIAN_POINT('',(-6.194734700621,-8.382710509591));
#2285 = CARTESIAN_POINT('',(-6.197268261768,-8.263141454845));
#2286 = CARTESIAN_POINT('',(-6.20160443911,-8.103618493357));
#2287 = CARTESIAN_POINT('',(-6.202866992159,-8.060820440033));
#2288 = CARTESIAN_POINT('',(-6.204217010671,-8.018536404913));
#2289 = CARTESIAN_POINT('',(-6.205655331907,-7.976824240243));
#2290 = CARTESIAN_POINT('',(-6.207182811269,-7.935747829737));
#2291 = CARTESIAN_POINT('',(-6.210867436463,-7.843784902528));
#2292 = CARTESIAN_POINT('',(-6.213081483554,-7.793347707401));
#2293 = CARTESIAN_POINT('',(-6.215444335177,-7.744209213286));
#2294 = CARTESIAN_POINT('',(-6.217957510038,-7.696539831614));
#2295 = CARTESIAN_POINT('',(-6.220621880585,-7.650534764119));
#2296 = CARTESIAN_POINT('',(-6.227397309048,-7.5443546504));
#2297 = CARTESIAN_POINT('',(-6.231655846948,-7.486026151822));
#2298 = CARTESIAN_POINT('',(-6.236212849163,-7.432031969589));
#2299 = CARTESIAN_POINT('',(-6.241060596564,-7.383121766505));
#2300 = CARTESIAN_POINT('',(-6.246180149632,-7.340141908798));
#2301 = CARTESIAN_POINT('',(-6.25153445331,-7.303888089497));
#2302 = ( GEOMETRIC_REPRESENTATION_CONTEXT(2) 
PARAMETRIC_REPRESENTATION_CONTEXT() REPRESENTATION_CONTEXT('2D SPACE',''
  ) );
#2303 = ORIENTED_EDGE('',*,*,#2304,.F.);
#2304 = EDGE_CURVE('',#2069,#2165,#2305,.T.);
#2305 = SURFACE_CURVE('',#2306,(#2310,#2317),.PCURVE_S1.);
#2306 = LINE('',#2307,#2308);
#2307 = CARTESIAN_POINT('',(37.8,-0.6,11.490597372059));
#2308 = VECTOR('',#2309,1.);
#2309 = DIRECTION('',(-1.,-0.,-0.));
#2310 = PCURVE('',#2029,#2311);
#2311 = DEFINITIONAL_REPRESENTATION('',(#2312),#2316);
#2312 = LINE('',#2313,#2314);
#2313 = CARTESIAN_POINT('',(-1.931509047158,0.));
#2314 = VECTOR('',#2315,1.);
#2315 = DIRECTION('',(-0.,1.));
#2316 = ( GEOMETRIC_REPRESENTATION_CONTEXT(2) 
PARAMETRIC_REPRESENTATION_CONTEXT() REPRESENTATION_CONTEXT('2D SPACE',''
  ) );
#2317 = PCURVE('',#2112,#2318);
#2318 = DEFINITIONAL_REPRESENTATION('',(#2319),#2323);
#2319 = LINE('',#2320,#2321);
#2320 = CARTESIAN_POINT('',(12.490597372059,37.));
#2321 = VECTOR('',#2322,1.);
#2322 = DIRECTION('',(0.,-1.));
#2323 = ( GEOMETRIC_REPRESENTATION_CONTEXT(2) 
PARAMETRIC_REPRESENTATION_CONTEXT() REPRESENTATION_CONTEXT('2D SPACE',''
  ) );
#2324 = ADVANCED_FACE('',(#2325),#1890,.F.);
#2325 = FACE_BOUND('',#2326,.F.);
#2326 = EDGE_LOOP('',(#2327,#2349,#2350,#2372,#2373,#2374,#2401,#2539));
#2327 = ORIENTED_EDGE('',*,*,#2328,.F.);
#2328 = EDGE_CURVE('',#1906,#1874,#2329,.T.);
#2329 = SURFACE_CURVE('',#2330,(#2335,#2342),.PCURVE_S1.);
#2330 = CIRCLE('',#2331,17.26);
#2331 = AXIS2_PLACEMENT_3D('',#2332,#2333,#2334);
#2332 = CARTESIAN_POINT('',(37.8,0.,27.5));
#2333 = DIRECTION('',(0.,0.,1.));
#2334 = DIRECTION('',(1.,0.,0.));
#2335 = PCURVE('',#1890,#2336);
#2336 = DEFINITIONAL_REPRESENTATION('',(#2337),#2341);
#2337 = LINE('',#2338,#2339);
#2338 = CARTESIAN_POINT('',(-0.,-26.5));
#2339 = VECTOR('',#2340,1.);
#2340 = DIRECTION('',(-1.,-0.));
#2341 = ( GEOMETRIC_REPRESENTATION_CONTEXT(2) 
PARAMETRIC_REPRESENTATION_CONTEXT() REPRESENTATION_CONTEXT('2D SPACE',''
  ) );
#2342 = PCURVE('',#1921,#2343);
#2343 = DEFINITIONAL_REPRESENTATION('',(#2344),#2348);
#2344 = CIRCLE('',#2345,17.26);
#2345 = AXIS2_PLACEMENT_2D('',#2346,#2347);
#2346 = CARTESIAN_POINT('',(0.,0.));
#2347 = DIRECTION('',(1.,0.));
#2348 = ( GEOMETRIC_REPRESENTATION_CONTEXT(2) 
PARAMETRIC_REPRESENTATION_CONTEXT() REPRESENTATION_CONTEXT('2D SPACE',''
  ) );
#2349 = ORIENTED_EDGE('',*,*,#1933,.T.);
#2350 = ORIENTED_EDGE('',*,*,#2351,.T.);
#2351 = EDGE_CURVE('',#1934,#1961,#2352,.T.);
#2352 = SURFACE_CURVE('',#2353,(#2358,#2365),.PCURVE_S1.);
#2353 = CIRCLE('',#2354,18.96);
#2354 = AXIS2_PLACEMENT_3D('',#2355,#2356,#2357);
#2355 = CARTESIAN_POINT('',(37.8,0.,1.));
#2356 = DIRECTION('',(0.,0.,1.));
#2357 = DIRECTION('',(1.,0.,0.));
#2358 = PCURVE('',#1890,#2359);
#2359 = DEFINITIONAL_REPRESENTATION('',(#2360),#2364);
#2360 = LINE('',#2361,#2362);
#2361 = CARTESIAN_POINT('',(-0.,-0.));
#2362 = VECTOR('',#2363,1.);
#2363 = DIRECTION('',(-1.,-0.));
#2364 = ( GEOMETRIC_REPRESENTATION_CONTEXT(2) 
PARAMETRIC_REPRESENTATION_CONTEXT() REPRESENTATION_CONTEXT('2D SPACE',''
  ) );
#2365 = PCURVE('',#1976,#2366);
#2366 = DEFINITIONAL_REPRESENTATION('',(#2367),#2371);
#2367 = CIRCLE('',#2368,18.96);
#2368 = AXIS2_PLACEMENT_2D('',#2369,#2370);
#2369 = CARTESIAN_POINT('',(0.,0.));
#2370 = DIRECTION('',(1.,0.));
#2371 = ( GEOMETRIC_REPRESENTATION_CONTEXT(2) 
PARAMETRIC_REPRESENTATION_CONTEXT() REPRESENTATION_CONTEXT('2D SPACE',''
  ) );
#2372 = ORIENTED_EDGE('',*,*,#1988,.T.);
#2373 = ORIENTED_EDGE('',*,*,#2164,.F.);
#2374 = ORIENTED_EDGE('',*,*,#2375,.T.);
#2375 = EDGE_CURVE('',#2165,#2376,#2378,.T.);
#2376 = VERTEX_POINT('',#2377);
#2377 = CARTESIAN_POINT('',(55.645917094169,-0.6,18.209402627941));
#2378 = SURFACE_CURVE('',#2379,(#2384,#2394),.PCURVE_S1.);
#2379 = HYPERBOLA('',#2380,9.352941176471,0.6);
#2380 = AXIS2_PLACEMENT_3D('',#2381,#2382,#2383);
#2381 = CARTESIAN_POINT('',(37.8,-0.6,296.55294117647));
#2382 = DIRECTION('',(0.,1.,0.));
#2383 = DIRECTION('',(0.,0.,-1.));
#2384 = PCURVE('',#1890,#2385);
#2385 = DEFINITIONAL_REPRESENTATION('',(#2386),#2393);
#2386 = B_SPLINE_CURVE_WITH_KNOTS('',5,(#2387,#2388,#2389,#2390,#2391,
    #2392),.UNSPECIFIED.,.F.,.F.,(6,6),(-4.146053846561,-4.05206224589),
  .PIECEWISE_BEZIER_KNOTS.);
#2387 = CARTESIAN_POINT('',(-6.25153445331,-5.661044742179E-14));
#2388 = CARTESIAN_POINT('',(-6.250939569762,-5.553116152571));
#2389 = CARTESIAN_POINT('',(-6.250330714701,-10.97568035562));
#2390 = CARTESIAN_POINT('',(-6.249707451046,-16.27178078385));
#2391 = CARTESIAN_POINT('',(-6.249069321286,-21.4453135628));
#2392 = CARTESIAN_POINT('',(-6.248415845499,-26.5));
#2393 = ( GEOMETRIC_REPRESENTATION_CONTEXT(2) 
PARAMETRIC_REPRESENTATION_CONTEXT() REPRESENTATION_CONTEXT('2D SPACE',''
  ) );
#2394 = PCURVE('',#2112,#2395);
#2395 = DEFINITIONAL_REPRESENTATION('',(#2396),#2400);
#2396 = HYPERBOLA('',#2397,9.352941176471,0.6);
#2397 = AXIS2_PLACEMENT_2D('',#2398,#2399);
#2398 = CARTESIAN_POINT('',(297.55294117647,37.));
#2399 = DIRECTION('',(-1.,0.));
#2400 = ( GEOMETRIC_REPRESENTATION_CONTEXT(2) 
PARAMETRIC_REPRESENTATION_CONTEXT() REPRESENTATION_CONTEXT('2D SPACE',''
  ) );
#2401 = ORIENTED_EDGE('',*,*,#2402,.F.);
#2402 = EDGE_CURVE('',#1846,#2376,#2403,.T.);
#2403 = SURFACE_CURVE('',#2404,(#2447,#2493),.PCURVE_S1.);
#2404 = B_SPLINE_CURVE_WITH_KNOTS('',6,(#2405,#2406,#2407,#2408,#2409,
    #2410,#2411,#2412,#2413,#2414,#2415,#2416,#2417,#2418,#2419,#2420,
    #2421,#2422,#2423,#2424,#2425,#2426,#2427,#2428,#2429,#2430,#2431,
    #2432,#2433,#2434,#2435,#2436,#2437,#2438,#2439,#2440,#2441,#2442,
    #2443,#2444,#2445,#2446),.UNSPECIFIED.,.F.,.F.,(7,5,5,5,5,5,5,5,7),(
    0.,0.136555402269,0.232593063543,0.306942410719,0.505862915572,
    0.702854764202,0.77538070779,0.868873006115,1.),.UNSPECIFIED.);
#2405 = CARTESIAN_POINT('',(55.442120230426,-0.558574704165,
    21.405613371851));
#2406 = CARTESIAN_POINT('',(55.441140758573,-0.663523468387,
    21.369102885606));
#2407 = CARTESIAN_POINT('',(55.440048074595,-0.763824689419,
    21.324980823804));
#2408 = CARTESIAN_POINT('',(55.43893727838,-0.858603822055,
    21.274141953642));
#2409 = CARTESIAN_POINT('',(55.437916088843,-0.94740887925,
    21.217571468678));
#2410 = CARTESIAN_POINT('',(55.437075799942,-1.030050653282,
    21.156149144735));
#2411 = CARTESIAN_POINT('',(55.436081955462,-1.160292389941,
    21.044483564927));
#2412 = CARTESIAN_POINT('',(55.435798609585,-1.211011770247,
    20.99633264984));
#2413 = CARTESIAN_POINT('',(55.435668742797,-1.258669939272,
    20.946385402047));
#2414 = CARTESIAN_POINT('',(55.43571486893,-1.30328561067,
    20.894863960814));
#2415 = CARTESIAN_POINT('',(55.435955812113,-1.344892804615,
    20.841962238022));
#2416 = CARTESIAN_POINT('',(55.436756242084,-1.413448188308,
    20.745946332784));
#2417 = CARTESIAN_POINT('',(55.437231526627,-1.441583590037,
    20.703321485442));
#2418 = CARTESIAN_POINT('',(55.437839910281,-1.467959072027,
    20.660045786186));
#2419 = CARTESIAN_POINT('',(55.438587396872,-1.492593709786,
    20.616189472846));
#2420 = CARTESIAN_POINT('',(55.439478907278,-1.515506441407,
    20.571816115913));
#2421 = CARTESIAN_POINT('',(55.443299103216,-1.593462087612,
    20.40703130397));
#2422 = CARTESIAN_POINT('',(55.447137743173,-1.63799984808,
    20.28382119314));
#2423 = CARTESIAN_POINT('',(55.452109556596,-1.670720848713,
    20.158389143162));
#2424 = CARTESIAN_POINT('',(55.458240657198,-1.691851258398,
    20.031619961167));
#2425 = CARTESIAN_POINT('',(55.465513170957,-1.70156054865,
    19.904291975272));
#2426 = CARTESIAN_POINT('',(55.482158473465,-1.698147125374,
    19.651106985938));
#2427 = CARTESIAN_POINT('',(55.491506226349,-1.685245664384,
    19.525308321651));
#2428 = CARTESIAN_POINT('',(55.501868517019,-1.661159317955,
    19.40034344558));
#2429 = CARTESIAN_POINT('',(55.513149917595,-1.625741396052,
    19.276965906045));
#2430 = CARTESIAN_POINT('',(55.525201228929,-1.578788015232,
    19.156028949326));
#2431 = CARTESIAN_POINT('',(55.542452567116,-1.498251758827,
    18.995274824585));
#2432 = CARTESIAN_POINT('',(55.547169906539,-1.474967699568,
    18.952487688595));
#2433 = CARTESIAN_POINT('',(55.551951490756,-1.450054406737,
    18.910224080409));
#2434 = CARTESIAN_POINT('',(55.556784777874,-1.423494519847,
    18.868542652931));
#2435 = CARTESIAN_POINT('',(55.561655526485,-1.395270412077,
    18.827508211152));
#2436 = CARTESIAN_POINT('',(55.572854359438,-1.326812449025,
    18.735220211131));
#2437 = CARTESIAN_POINT('',(55.579196314493,-1.285467526394,
    18.684444391888));
#2438 = CARTESIAN_POINT('',(55.585539725546,-1.241290212287,
    18.635013848321));
#2439 = CARTESIAN_POINT('',(55.591844185402,-1.194248532865,
    18.587106453434));
#2440 = CARTESIAN_POINT('',(55.598062884386,-1.144324022923,
    18.540926181876));
#2441 = CARTESIAN_POINT('',(55.612669855864,-1.017455263747,
    18.4346731065));
#2442 = CARTESIAN_POINT('',(55.620923190198,-0.937730065083,
    18.376495683911));
#2443 = CARTESIAN_POINT('',(55.628756170933,-0.852346815957,
    18.32279768259));
#2444 = CARTESIAN_POINT('',(55.635991287177,-0.761462287961,
    18.27435578324));
#2445 = CARTESIAN_POINT('',(55.64242561682,-0.665460257924,
    18.232043232357));
#2446 = CARTESIAN_POINT('',(55.647874015368,-0.565089162635,
    18.196667770463));
#2447 = PCURVE('',#1890,#2448);
#2448 = DEFINITIONAL_REPRESENTATION('',(#2449),#2492);
#2449 = B_SPLINE_CURVE_WITH_KNOTS('',6,(#2450,#2451,#2452,#2453,#2454,
    #2455,#2456,#2457,#2458,#2459,#2460,#2461,#2462,#2463,#2464,#2465,
    #2466,#2467,#2468,#2469,#2470,#2471,#2472,#2473,#2474,#2475,#2476,
    #2477,#2478,#2479,#2480,#2481,#2482,#2483,#2484,#2485,#2486,#2487,
    #2488,#2489,#2490,#2491),.UNSPECIFIED.,.F.,.F.,(7,5,5,5,5,5,5,5,7),(
    0.,0.136555402269,0.232593063543,0.306942410719,0.505862915572,
    0.702854764202,0.77538070779,0.868873006115,1.),.UNSPECIFIED.);
#2450 = CARTESIAN_POINT('',(-6.25153445331,-20.40561337185));
#2451 = CARTESIAN_POINT('',(-6.24558989318,-20.3691028856));
#2452 = CARTESIAN_POINT('',(-6.23991019392,-20.3249808238));
#2453 = CARTESIAN_POINT('',(-6.234545251481,-20.27414195364));
#2454 = CARTESIAN_POINT('',(-6.229520907717,-20.21757146867));
#2455 = CARTESIAN_POINT('',(-6.224847995367,-20.15614914473));
#2456 = CARTESIAN_POINT('',(-6.217488641791,-20.04448356492));
#2457 = CARTESIAN_POINT('',(-6.21462431407,-19.99633264984));
#2458 = CARTESIAN_POINT('',(-6.211934562392,-19.94638540204));
#2459 = CARTESIAN_POINT('',(-6.209418316937,-19.89486396081));
#2460 = CARTESIAN_POINT('',(-6.207073621932,-19.84196223802));
#2461 = CARTESIAN_POINT('',(-6.203213784438,-19.74594633278));
#2462 = CARTESIAN_POINT('',(-6.201630954878,-19.70332148544));
#2463 = CARTESIAN_POINT('',(-6.200148448542,-19.66004578618));
#2464 = CARTESIAN_POINT('',(-6.198765157819,-19.61618947284));
#2465 = CARTESIAN_POINT('',(-6.197479976895,-19.57181611591));
#2466 = CARTESIAN_POINT('',(-6.193112857945,-19.40703130397));
#2467 = CARTESIAN_POINT('',(-6.190629259403,-19.28382119314));
#2468 = CARTESIAN_POINT('',(-6.188818102513,-19.15838914316));
#2469 = CARTESIAN_POINT('',(-6.187665522835,-19.03161996116));
#2470 = CARTESIAN_POINT('',(-6.187160568372,-18.90429197527));
#2471 = CARTESIAN_POINT('',(-6.187441682888,-18.65110698593));
#2472 = CARTESIAN_POINT('',(-6.188215215706,-18.52530832165));
#2473 = CARTESIAN_POINT('',(-6.189619816962,-18.40034344558));
#2474 = CARTESIAN_POINT('',(-6.191661915509,-18.27696590604));
#2475 = CARTESIAN_POINT('',(-6.194350902238,-18.15602894932));
#2476 = CARTESIAN_POINT('',(-6.198940910369,-17.99527482458));
#2477 = CARTESIAN_POINT('',(-6.200266182828,-17.95248768859));
#2478 = CARTESIAN_POINT('',(-6.20168243113,-17.9102240804));
#2479 = CARTESIAN_POINT('',(-6.203190522981,-17.86854265293));
#2480 = CARTESIAN_POINT('',(-6.204791341263,-17.82750821115));
#2481 = CARTESIAN_POINT('',(-6.208670069293,-17.73522021113));
#2482 = CARTESIAN_POINT('',(-6.211009818494,-17.68444439188));
#2483 = CARTESIAN_POINT('',(-6.213507010323,-17.63501384832));
#2484 = CARTESIAN_POINT('',(-6.216163219257,-17.58710645343));
#2485 = CARTESIAN_POINT('',(-6.218979283873,-17.54092618187));
#2486 = CARTESIAN_POINT('',(-6.226128510941,-17.4346731065));
#2487 = CARTESIAN_POINT('',(-6.230615723374,-17.37649568391));
#2488 = CARTESIAN_POINT('',(-6.23541594252,-17.32279768259));
#2489 = CARTESIAN_POINT('',(-6.240520091456,-17.27435578324));
#2490 = CARTESIAN_POINT('',(-6.245906729208,-17.23204323235));
#2491 = CARTESIAN_POINT('',(-6.25153445331,-17.19666777046));
#2492 = ( GEOMETRIC_REPRESENTATION_CONTEXT(2) 
PARAMETRIC_REPRESENTATION_CONTEXT() REPRESENTATION_CONTEXT('2D SPACE',''
  ) );
#2493 = PCURVE('',#1861,#2494);
#2494 = DEFINITIONAL_REPRESENTATION('',(#2495),#2538);
#2495 = B_SPLINE_CURVE_WITH_KNOTS('',6,(#2496,#2497,#2498,#2499,#2500,
    #2501,#2502,#2503,#2504,#2505,#2506,#2507,#2508,#2509,#2510,#2511,
    #2512,#2513,#2514,#2515,#2516,#2517,#2518,#2519,#2520,#2521,#2522,
    #2523,#2524,#2525,#2526,#2527,#2528,#2529,#2530,#2531,#2532,#2533,
    #2534,#2535,#2536,#2537),.UNSPECIFIED.,.F.,.F.,(7,5,5,5,5,5,5,5,7),(
    0.,0.136555402269,0.232593063543,0.306942410719,0.505862915572,
    0.702854764202,0.77538070779,0.868873006115,1.),.UNSPECIFIED.);
#2496 = CARTESIAN_POINT('',(-1.9055889938,-17.64212023042));
#2497 = CARTESIAN_POINT('',(-1.970952652364,-17.64114075857));
#2498 = CARTESIAN_POINT('',(-2.035205284328,-17.64004807459));
#2499 = CARTESIAN_POINT('',(-2.09819160712,-17.63893727838));
#2500 = CARTESIAN_POINT('',(-2.159883988719,-17.63791608884));
#2501 = CARTESIAN_POINT('',(-2.220306477679,-17.63707579994));
#2502 = CARTESIAN_POINT('',(-2.321222887094,-17.63608195546));
#2503 = CARTESIAN_POINT('',(-2.362308572125,-17.63579860958));
#2504 = CARTESIAN_POINT('',(-2.402845268375,-17.63566874279));
#2505 = CARTESIAN_POINT('',(-2.442868156378,-17.63571486893));
#2506 = CARTESIAN_POINT('',(-2.482415823196,-17.63595581211));
#2507 = CARTESIAN_POINT('',(-2.551814861641,-17.63675624208));
#2508 = CARTESIAN_POINT('',(-2.581837985197,-17.63723152662));
#2509 = CARTESIAN_POINT('',(-2.611620731349,-17.63783991028));
#2510 = CARTESIAN_POINT('',(-2.641182092886,-17.63858739687));
#2511 = CARTESIAN_POINT('',(-2.670540888386,-17.63947890727));
#2512 = CARTESIAN_POINT('',(-2.777772676625,-17.64329910321));
#2513 = CARTESIAN_POINT('',(-2.854491694751,-17.64713774317));
#2514 = CARTESIAN_POINT('',(-2.930274011629,-17.65210955659));
#2515 = CARTESIAN_POINT('',(-3.005422720776,-17.65824065719));
#2516 = CARTESIAN_POINT('',(-3.080238040943,-17.66551317095));
#2517 = CARTESIAN_POINT('',(-3.229183922156,-17.68215847346));
#2518 = CARTESIAN_POINT('',(-3.303279017091,-17.69150622634));
#2519 = CARTESIAN_POINT('',(-3.377703325853,-17.70186851701));
#2520 = CARTESIAN_POINT('',(-3.452752826594,-17.71314991759));
#2521 = CARTESIAN_POINT('',(-3.528728328501,-17.72520122892));
#2522 = CARTESIAN_POINT('',(-3.634492931682,-17.74245256711));
#2523 = CARTESIAN_POINT('',(-3.663130889546,-17.74716990653));
#2524 = CARTESIAN_POINT('',(-3.691963959071,-17.75195149075));
#2525 = CARTESIAN_POINT('',(-3.721010261894,-17.75678477787));
#2526 = CARTESIAN_POINT('',(-3.75028814068,-17.76165552648));
#2527 = CARTESIAN_POINT('',(-3.817880363091,-17.77285435943));
#2528 = CARTESIAN_POINT('',(-3.856358565457,-17.77919631449));
#2529 = CARTESIAN_POINT('',(-3.895293036629,-17.78553972554));
#2530 = CARTESIAN_POINT('',(-3.934721157127,-17.7918441854));
#2531 = CARTESIAN_POINT('',(-3.974677256686,-17.79806288438));
#2532 = CARTESIAN_POINT('',(-4.072021574914,-17.81266985586));
#2533 = CARTESIAN_POINT('',(-4.129947920316,-17.82092319019));
#2534 = CARTESIAN_POINT('',(-4.189065033518,-17.82875617093));
#2535 = CARTESIAN_POINT('',(-4.249400580888,-17.83599128717));
#2536 = CARTESIAN_POINT('',(-4.310934574836,-17.84242561682));
#2537 = CARTESIAN_POINT('',(-4.373536132666,-17.84787401536));
#2538 = ( GEOMETRIC_REPRESENTATION_CONTEXT(2) 
PARAMETRIC_REPRESENTATION_CONTEXT() REPRESENTATION_CONTEXT('2D SPACE',''
  ) );
#2539 = ORIENTED_EDGE('',*,*,#1873,.T.);
#2540 = ADVANCED_FACE('',(#2541),#1976,.T.);
#2541 = FACE_BOUND('',#2542,.T.);
#2542 = EDGE_LOOP('',(#2543,#2544));
#2543 = ORIENTED_EDGE('',*,*,#2351,.T.);
#2544 = ORIENTED_EDGE('',*,*,#1960,.T.);
#2545 = ADVANCED_FACE('',(#2546),#1921,.F.);
#2546 = FACE_BOUND('',#2547,.F.);
#2547 = EDGE_LOOP('',(#2548,#2549));
#2548 = ORIENTED_EDGE('',*,*,#2328,.T.);
#2549 = ORIENTED_EDGE('',*,*,#1905,.T.);
#2550 = ADVANCED_FACE('',(#2551),#1861,.F.);
#2551 = FACE_BOUND('',#2552,.T.);
#2552 = EDGE_LOOP('',(#2553,#2554,#2575,#2576));
#2553 = ORIENTED_EDGE('',*,*,#2124,.F.);
#2554 = ORIENTED_EDGE('',*,*,#2555,.T.);
#2555 = EDGE_CURVE('',#2097,#2376,#2556,.T.);
#2556 = SURFACE_CURVE('',#2557,(#2561,#2568),.PCURVE_S1.);
#2557 = LINE('',#2558,#2559);
#2558 = CARTESIAN_POINT('',(37.8,-0.6,18.209402627941));
#2559 = VECTOR('',#2560,1.);
#2560 = DIRECTION('',(-1.,-0.,-0.));
#2561 = PCURVE('',#1861,#2562);
#2562 = DEFINITIONAL_REPRESENTATION('',(#2563),#2567);
#2563 = LINE('',#2564,#2565);
#2564 = CARTESIAN_POINT('',(-4.351676260021,0.));
#2565 = VECTOR('',#2566,1.);
#2566 = DIRECTION('',(-0.,1.));
#2567 = ( GEOMETRIC_REPRESENTATION_CONTEXT(2) 
PARAMETRIC_REPRESENTATION_CONTEXT() REPRESENTATION_CONTEXT('2D SPACE',''
  ) );
#2568 = PCURVE('',#2112,#2569);
#2569 = DEFINITIONAL_REPRESENTATION('',(#2570),#2574);
#2570 = LINE('',#2571,#2572);
#2571 = CARTESIAN_POINT('',(19.209402627941,37.));
#2572 = VECTOR('',#2573,1.);
#2573 = DIRECTION('',(0.,-1.));
#2574 = ( GEOMETRIC_REPRESENTATION_CONTEXT(2) 
PARAMETRIC_REPRESENTATION_CONTEXT() REPRESENTATION_CONTEXT('2D SPACE',''
  ) );
#2575 = ORIENTED_EDGE('',*,*,#2402,.F.);
#2576 = ORIENTED_EDGE('',*,*,#1845,.F.);
#2577 = ADVANCED_FACE('',(#2578),#2112,.T.);
#2578 = FACE_BOUND('',#2579,.T.);
#2579 = EDGE_LOOP('',(#2580,#2581,#2582,#2583));
#2580 = ORIENTED_EDGE('',*,*,#2555,.F.);
#2581 = ORIENTED_EDGE('',*,*,#2096,.F.);
#2582 = ORIENTED_EDGE('',*,*,#2304,.T.);
#2583 = ORIENTED_EDGE('',*,*,#2375,.T.);
#2584 = ( GEOMETRIC_REPRESENTATION_CONTEXT(3) 
GLOBAL_UNCERTAINTY_ASSIGNED_CONTEXT((#2588)) 
GLOBAL_UNIT_ASSIGNED_CONTEXT((#2585,#2586,#2587)) REPRESENTATION_CONTEXT
('Context #1','3D Context with UNIT and UNCERTAINTY') );
#2585 = ( LENGTH_UNIT() NAMED_UNIT(*) SI_UNIT(.MILLI.,.METRE.) );
#2586 = ( NAMED_UNIT(*) PLANE_ANGLE_UNIT() SI_UNIT($,.RADIAN.) );
#2587 = ( NAMED_UNIT(*) SI_UNIT($,.STERADIAN.) SOLID_ANGLE_UNIT() );
#2588 = UNCERTAINTY_MEASURE_WITH_UNIT(LENGTH_MEASURE(1.E-07),#2585,
  'distance_accuracy_value','confusion accuracy');
#2589 = CONTEXT_DEPENDENT_SHAPE_REPRESENTATION(#2590,#2592);
#2590 = ( REPRESENTATION_RELATIONSHIP('','',#1443,#10) 
REPRESENTATION_RELATIONSHIP_WITH_TRANSFORMATION(#2591) 
SHAPE_REPRESENTATION_RELATIONSHIP() );
#2591 = ITEM_DEFINED_TRANSFORMATION('','',#11,#19);
#2592 = PRODUCT_DEFINITION_SHAPE('Placement','Placement of an item',
  #2593);
#2593 = NEXT_ASSEMBLY_USAGE_OCCURRENCE('4','','',#5,#1438,$);
#2594 = PRODUCT_RELATED_PRODUCT_CATEGORY('part',$,(#1440));
ENDSEC;
END-ISO-10303-21;
