ISO-10303-21;
HEADER;
FILE_DESCRIPTION(('Open CASCADE Model'),'2;1');
FILE_NAME('Open CASCADE Shape Model','2026-04-13T19:18:33',('Author'),(
    'Open CASCADE'),'Open CASCADE STEP processor 7.8','Open CASCADE 7.8'
  ,'Unknown');
FILE_SCHEMA(('AUTOMOTIVE_DESIGN { 1 0 10303 214 1 1 1 1 }'));
ENDSEC;
DATA;
#1 = APPLICATION_PROTOCOL_DEFINITION('international standard',
  'automotive_design',2000,#2);
#2 = APPLICATION_CONTEXT(
  'core data for automotive mechanical design processes');
#3 = SHAPE_DEFINITION_REPRESENTATION(#4,#10);
#4 = PRODUCT_DEFINITION_SHAPE('','',#5);
#5 = PRODUCT_DEFINITION('design','',#6,#9);
#6 = PRODUCT_DEFINITION_FORMATION('','',#7);
#7 = PRODUCT('Open CASCADE STEP translator 7.8 3',
  'Open CASCADE STEP translator 7.8 3','',(#8));
#8 = PRODUCT_CONTEXT('',#2,'mechanical');
#9 = PRODUCT_DEFINITION_CONTEXT('part definition',#2,'design');
#10 = SHAPE_REPRESENTATION('',(#11,#15,#19),#23);
#11 = AXIS2_PLACEMENT_3D('',#12,#13,#14);
#12 = CARTESIAN_POINT('',(0.,0.,0.));
#13 = DIRECTION('',(0.,0.,1.));
#14 = DIRECTION('',(1.,0.,-0.));
#15 = AXIS2_PLACEMENT_3D('',#16,#17,#18);
#16 = CARTESIAN_POINT('',(0.,0.,0.));
#17 = DIRECTION('',(0.,0.,1.));
#18 = DIRECTION('',(1.,0.,-0.));
#19 = AXIS2_PLACEMENT_3D('',#20,#21,#22);
#20 = CARTESIAN_POINT('',(0.,0.,0.));
#21 = DIRECTION('',(0.,0.,1.));
#22 = DIRECTION('',(1.,0.,-0.));
#23 = ( GEOMETRIC_REPRESENTATION_CONTEXT(3) 
GLOBAL_UNCERTAINTY_ASSIGNED_CONTEXT((#27)) GLOBAL_UNIT_ASSIGNED_CONTEXT(
(#24,#25,#26)) REPRESENTATION_CONTEXT('Context #1',
  '3D Context with UNIT and UNCERTAINTY') );
#24 = ( LENGTH_UNIT() NAMED_UNIT(*) SI_UNIT(.MILLI.,.METRE.) );
#25 = ( NAMED_UNIT(*) PLANE_ANGLE_UNIT() SI_UNIT($,.RADIAN.) );
#26 = ( NAMED_UNIT(*) SI_UNIT($,.STERADIAN.) SOLID_ANGLE_UNIT() );
#27 = UNCERTAINTY_MEASURE_WITH_UNIT(LENGTH_MEASURE(1.E-07),#24,
  'distance_accuracy_value','confusion accuracy');
#28 = PRODUCT_RELATED_PRODUCT_CATEGORY('part',$,(#7));
#29 = SHAPE_DEFINITION_REPRESENTATION(#30,#36);
#30 = PRODUCT_DEFINITION_SHAPE('','',#31);
#31 = PRODUCT_DEFINITION('design','',#32,#35);
#32 = PRODUCT_DEFINITION_FORMATION('','',#33);
#33 = PRODUCT('Open CASCADE STEP translator 7.8 3.1',
  'Open CASCADE STEP translator 7.8 3.1','',(#34));
#34 = PRODUCT_CONTEXT('',#2,'mechanical');
#35 = PRODUCT_DEFINITION_CONTEXT('part definition',#2,'design');
#36 = ADVANCED_BREP_SHAPE_REPRESENTATION('',(#11,#37),#1745);
#37 = MANIFOLD_SOLID_BREP('',#38);
#38 = CLOSED_SHELL('',(#39,#165,#297,#431,#699,#731,#897,#1033,#1222,
    #1272,#1413,#1440,#1490,#1544,#1594,#1621,#1648,#1675,#1682,#1711,
    #1738));
#39 = ADVANCED_FACE('',(#40),#54,.T.);
#40 = FACE_BOUND('',#41,.F.);
#41 = EDGE_LOOP('',(#42,#77,#106,#134));
#42 = ORIENTED_EDGE('',*,*,#43,.T.);
#43 = EDGE_CURVE('',#44,#46,#48,.T.);
#44 = VERTEX_POINT('',#45);
#45 = CARTESIAN_POINT('',(-10.80625097686,-0.5,3.));
#46 = VERTEX_POINT('',#47);
#47 = CARTESIAN_POINT('',(-10.80625097686,-0.5,0.));
#48 = SURFACE_CURVE('',#49,(#53,#65),.PCURVE_S1.);
#49 = LINE('',#50,#51);
#50 = CARTESIAN_POINT('',(-10.80625097686,-0.5,0.));
#51 = VECTOR('',#52,1.);
#52 = DIRECTION('',(-0.,-0.,-1.));
#53 = PCURVE('',#54,#59);
#54 = CYLINDRICAL_SURFACE('',#55,20.);
#55 = AXIS2_PLACEMENT_3D('',#56,#57,#58);
#56 = CARTESIAN_POINT('',(-30.8,0.,0.));
#57 = DIRECTION('',(-0.,-0.,-1.));
#58 = DIRECTION('',(1.,0.,0.));
#59 = DEFINITIONAL_REPRESENTATION('',(#60),#64);
#60 = LINE('',#61,#62);
#61 = CARTESIAN_POINT('',(-6.25818270228,0.));
#62 = VECTOR('',#63,1.);
#63 = DIRECTION('',(-0.,1.));
#64 = ( GEOMETRIC_REPRESENTATION_CONTEXT(2) 
PARAMETRIC_REPRESENTATION_CONTEXT() REPRESENTATION_CONTEXT('2D SPACE',''
  ) );
#65 = PCURVE('',#66,#71);
#66 = PLANE('',#67);
#67 = AXIS2_PLACEMENT_3D('',#68,#69,#70);
#68 = CARTESIAN_POINT('',(-62.8,-0.5,-1.));
#69 = DIRECTION('',(0.,1.,0.));
#70 = DIRECTION('',(0.,0.,1.));
#71 = DEFINITIONAL_REPRESENTATION('',(#72),#76);
#72 = LINE('',#73,#74);
#73 = CARTESIAN_POINT('',(1.,51.993749023132));
#74 = VECTOR('',#75,1.);
#75 = DIRECTION('',(-1.,0.));
#76 = ( GEOMETRIC_REPRESENTATION_CONTEXT(2) 
PARAMETRIC_REPRESENTATION_CONTEXT() REPRESENTATION_CONTEXT('2D SPACE',''
  ) );
#77 = ORIENTED_EDGE('',*,*,#78,.F.);
#78 = EDGE_CURVE('',#79,#46,#81,.T.);
#79 = VERTEX_POINT('',#80);
#80 = CARTESIAN_POINT('',(-50.79374902313,-0.5,0.));
#81 = SURFACE_CURVE('',#82,(#87,#94),.PCURVE_S1.);
#82 = CIRCLE('',#83,20.);
#83 = AXIS2_PLACEMENT_3D('',#84,#85,#86);
#84 = CARTESIAN_POINT('',(-30.8,0.,0.));
#85 = DIRECTION('',(0.,0.,1.));
#86 = DIRECTION('',(1.,0.,0.));
#87 = PCURVE('',#54,#88);
#88 = DEFINITIONAL_REPRESENTATION('',(#89),#93);
#89 = LINE('',#90,#91);
#90 = CARTESIAN_POINT('',(-0.,0.));
#91 = VECTOR('',#92,1.);
#92 = DIRECTION('',(-1.,0.));
#93 = ( GEOMETRIC_REPRESENTATION_CONTEXT(2) 
PARAMETRIC_REPRESENTATION_CONTEXT() REPRESENTATION_CONTEXT('2D SPACE',''
  ) );
#94 = PCURVE('',#95,#100);
#95 = PLANE('',#96);
#96 = AXIS2_PLACEMENT_3D('',#97,#98,#99);
#97 = CARTESIAN_POINT('',(-30.8,1.371473012632E-15,0.));
#98 = DIRECTION('',(0.,0.,1.));
#99 = DIRECTION('',(1.,0.,-0.));
#100 = DEFINITIONAL_REPRESENTATION('',(#101),#105);
#101 = CIRCLE('',#102,20.);
#102 = AXIS2_PLACEMENT_2D('',#103,#104);
#103 = CARTESIAN_POINT('',(0.,-1.371473012632E-15));
#104 = DIRECTION('',(1.,0.));
#105 = ( GEOMETRIC_REPRESENTATION_CONTEXT(2) 
PARAMETRIC_REPRESENTATION_CONTEXT() REPRESENTATION_CONTEXT('2D SPACE',''
  ) );
#106 = ORIENTED_EDGE('',*,*,#107,.F.);
#107 = EDGE_CURVE('',#108,#79,#110,.T.);
#108 = VERTEX_POINT('',#109);
#109 = CARTESIAN_POINT('',(-50.79374902313,-0.5,3.));
#110 = SURFACE_CURVE('',#111,(#115,#122),.PCURVE_S1.);
#111 = LINE('',#112,#113);
#112 = CARTESIAN_POINT('',(-50.79374902313,-0.5,0.));
#113 = VECTOR('',#114,1.);
#114 = DIRECTION('',(-0.,-0.,-1.));
#115 = PCURVE('',#54,#116);
#116 = DEFINITIONAL_REPRESENTATION('',(#117),#121);
#117 = LINE('',#118,#119);
#118 = CARTESIAN_POINT('',(-3.166595258489,0.));
#119 = VECTOR('',#120,1.);
#120 = DIRECTION('',(-0.,1.));
#121 = ( GEOMETRIC_REPRESENTATION_CONTEXT(2) 
PARAMETRIC_REPRESENTATION_CONTEXT() REPRESENTATION_CONTEXT('2D SPACE',''
  ) );
#122 = PCURVE('',#123,#128);
#123 = PLANE('',#124);
#124 = AXIS2_PLACEMENT_3D('',#125,#126,#127);
#125 = CARTESIAN_POINT('',(-62.8,-0.5,-1.));
#126 = DIRECTION('',(0.,1.,0.));
#127 = DIRECTION('',(0.,0.,1.));
#128 = DEFINITIONAL_REPRESENTATION('',(#129),#133);
#129 = LINE('',#130,#131);
#130 = CARTESIAN_POINT('',(1.,12.006250976868));
#131 = VECTOR('',#132,1.);
#132 = DIRECTION('',(-1.,0.));
#133 = ( GEOMETRIC_REPRESENTATION_CONTEXT(2) 
PARAMETRIC_REPRESENTATION_CONTEXT() REPRESENTATION_CONTEXT('2D SPACE',''
  ) );
#134 = ORIENTED_EDGE('',*,*,#135,.F.);
#135 = EDGE_CURVE('',#44,#108,#136,.T.);
#136 = SURFACE_CURVE('',#137,(#142,#149),.PCURVE_S1.);
#137 = CIRCLE('',#138,20.);
#138 = AXIS2_PLACEMENT_3D('',#139,#140,#141);
#139 = CARTESIAN_POINT('',(-30.8,0.,3.));
#140 = DIRECTION('',(0.,0.,-1.));
#141 = DIRECTION('',(1.,0.,0.));
#142 = PCURVE('',#54,#143);
#143 = DEFINITIONAL_REPRESENTATION('',(#144),#148);
#144 = LINE('',#145,#146);
#145 = CARTESIAN_POINT('',(-6.28318530718,-3.));
#146 = VECTOR('',#147,1.);
#147 = DIRECTION('',(1.,-0.));
#148 = ( GEOMETRIC_REPRESENTATION_CONTEXT(2) 
PARAMETRIC_REPRESENTATION_CONTEXT() REPRESENTATION_CONTEXT('2D SPACE',''
  ) );
#149 = PCURVE('',#150,#155);
#150 = PLANE('',#151);
#151 = AXIS2_PLACEMENT_3D('',#152,#153,#154);
#152 = CARTESIAN_POINT('',(-30.8,9.64275951994E-17,3.));
#153 = DIRECTION('',(0.,0.,1.));
#154 = DIRECTION('',(1.,0.,-0.));
#155 = DEFINITIONAL_REPRESENTATION('',(#156),#164);
#156 = ( BOUNDED_CURVE() B_SPLINE_CURVE(2,(#157,#158,#159,#160,#161,#162
,#163),.UNSPECIFIED.,.T.,.F.) B_SPLINE_CURVE_WITH_KNOTS((1,2,2,2,2,1),(
    -2.094395102393,0.,2.094395102393,4.188790204786,6.28318530718,
8.377580409573),.UNSPECIFIED.) CURVE() GEOMETRIC_REPRESENTATION_ITEM() 
RATIONAL_B_SPLINE_CURVE((1.,0.5,1.,0.5,1.,0.5,1.)) REPRESENTATION_ITEM(
  '') );
#157 = CARTESIAN_POINT('',(20.,-9.64275951994E-17));
#158 = CARTESIAN_POINT('',(20.,-34.64101615137));
#159 = CARTESIAN_POINT('',(-10.,-17.32050807568));
#160 = CARTESIAN_POINT('',(-40.,-4.995014791789E-15));
#161 = CARTESIAN_POINT('',(-10.,17.320508075689));
#162 = CARTESIAN_POINT('',(20.,34.641016151378));
#163 = CARTESIAN_POINT('',(20.,-9.64275951994E-17));
#164 = ( GEOMETRIC_REPRESENTATION_CONTEXT(2) 
PARAMETRIC_REPRESENTATION_CONTEXT() REPRESENTATION_CONTEXT('2D SPACE',''
  ) );
#165 = ADVANCED_FACE('',(#166),#66,.T.);
#166 = FACE_BOUND('',#167,.T.);
#167 = EDGE_LOOP('',(#168,#198,#219,#220,#243,#271));
#168 = ORIENTED_EDGE('',*,*,#169,.T.);
#169 = EDGE_CURVE('',#170,#172,#174,.T.);
#170 = VERTEX_POINT('',#171);
#171 = CARTESIAN_POINT('',(-9.8,-0.5,6.775192319073));
#172 = VERTEX_POINT('',#173);
#173 = CARTESIAN_POINT('',(-9.8,-0.5,3.));
#174 = SURFACE_CURVE('',#175,(#179,#186),.PCURVE_S1.);
#175 = LINE('',#176,#177);
#176 = CARTESIAN_POINT('',(-9.8,-0.5,-1.5));
#177 = VECTOR('',#178,1.);
#178 = DIRECTION('',(0.,0.,-1.));
#179 = PCURVE('',#66,#180);
#180 = DEFINITIONAL_REPRESENTATION('',(#181),#185);
#181 = LINE('',#182,#183);
#182 = CARTESIAN_POINT('',(-0.5,53.));
#183 = VECTOR('',#184,1.);
#184 = DIRECTION('',(-1.,0.));
#185 = ( GEOMETRIC_REPRESENTATION_CONTEXT(2) 
PARAMETRIC_REPRESENTATION_CONTEXT() REPRESENTATION_CONTEXT('2D SPACE',''
  ) );
#186 = PCURVE('',#187,#192);
#187 = PLANE('',#188);
#188 = AXIS2_PLACEMENT_3D('',#189,#190,#191);
#189 = CARTESIAN_POINT('',(-9.8,-42.,-2.));
#190 = DIRECTION('',(1.,0.,0.));
#191 = DIRECTION('',(0.,0.,1.));
#192 = DEFINITIONAL_REPRESENTATION('',(#193),#197);
#193 = LINE('',#194,#195);
#194 = CARTESIAN_POINT('',(0.5,-41.5));
#195 = VECTOR('',#196,1.);
#196 = DIRECTION('',(-1.,0.));
#197 = ( GEOMETRIC_REPRESENTATION_CONTEXT(2) 
PARAMETRIC_REPRESENTATION_CONTEXT() REPRESENTATION_CONTEXT('2D SPACE',''
  ) );
#198 = ORIENTED_EDGE('',*,*,#199,.T.);
#199 = EDGE_CURVE('',#172,#44,#200,.T.);
#200 = SURFACE_CURVE('',#201,(#205,#212),.PCURVE_S1.);
#201 = LINE('',#202,#203);
#202 = CARTESIAN_POINT('',(-46.8,-0.5,3.));
#203 = VECTOR('',#204,1.);
#204 = DIRECTION('',(-1.,0.,0.));
#205 = PCURVE('',#66,#206);
#206 = DEFINITIONAL_REPRESENTATION('',(#207),#211);
#207 = LINE('',#208,#209);
#208 = CARTESIAN_POINT('',(4.,16.));
#209 = VECTOR('',#210,1.);
#210 = DIRECTION('',(0.,-1.));
#211 = ( GEOMETRIC_REPRESENTATION_CONTEXT(2) 
PARAMETRIC_REPRESENTATION_CONTEXT() REPRESENTATION_CONTEXT('2D SPACE',''
  ) );
#212 = PCURVE('',#150,#213);
#213 = DEFINITIONAL_REPRESENTATION('',(#214),#218);
#214 = LINE('',#215,#216);
#215 = CARTESIAN_POINT('',(-16.,-0.5));
#216 = VECTOR('',#217,1.);
#217 = DIRECTION('',(-1.,0.));
#218 = ( GEOMETRIC_REPRESENTATION_CONTEXT(2) 
PARAMETRIC_REPRESENTATION_CONTEXT() REPRESENTATION_CONTEXT('2D SPACE',''
  ) );
#219 = ORIENTED_EDGE('',*,*,#43,.T.);
#220 = ORIENTED_EDGE('',*,*,#221,.T.);
#221 = EDGE_CURVE('',#46,#222,#224,.T.);
#222 = VERTEX_POINT('',#223);
#223 = CARTESIAN_POINT('',(-16.65883668151,-0.5,0.));
#224 = SURFACE_CURVE('',#225,(#229,#236),.PCURVE_S1.);
#225 = LINE('',#226,#227);
#226 = CARTESIAN_POINT('',(-46.8,-0.5,0.));
#227 = VECTOR('',#228,1.);
#228 = DIRECTION('',(-1.,0.,0.));
#229 = PCURVE('',#66,#230);
#230 = DEFINITIONAL_REPRESENTATION('',(#231),#235);
#231 = LINE('',#232,#233);
#232 = CARTESIAN_POINT('',(1.,16.));
#233 = VECTOR('',#234,1.);
#234 = DIRECTION('',(0.,-1.));
#235 = ( GEOMETRIC_REPRESENTATION_CONTEXT(2) 
PARAMETRIC_REPRESENTATION_CONTEXT() REPRESENTATION_CONTEXT('2D SPACE',''
  ) );
#236 = PCURVE('',#95,#237);
#237 = DEFINITIONAL_REPRESENTATION('',(#238),#242);
#238 = LINE('',#239,#240);
#239 = CARTESIAN_POINT('',(-16.,-0.5));
#240 = VECTOR('',#241,1.);
#241 = DIRECTION('',(-1.,0.));
#242 = ( GEOMETRIC_REPRESENTATION_CONTEXT(2) 
PARAMETRIC_REPRESENTATION_CONTEXT() REPRESENTATION_CONTEXT('2D SPACE',''
  ) );
#243 = ORIENTED_EDGE('',*,*,#244,.F.);
#244 = EDGE_CURVE('',#245,#222,#247,.T.);
#245 = VERTEX_POINT('',#246);
#246 = CARTESIAN_POINT('',(-16.65883668151,-0.5,6.775192319073));
#247 = SURFACE_CURVE('',#248,(#252,#259),.PCURVE_S1.);
#248 = LINE('',#249,#250);
#249 = CARTESIAN_POINT('',(-16.65883668151,-0.5,-1.));
#250 = VECTOR('',#251,1.);
#251 = DIRECTION('',(-0.,-0.,-1.));
#252 = PCURVE('',#66,#253);
#253 = DEFINITIONAL_REPRESENTATION('',(#254),#258);
#254 = LINE('',#255,#256);
#255 = CARTESIAN_POINT('',(0.,46.141163318483));
#256 = VECTOR('',#257,1.);
#257 = DIRECTION('',(-1.,0.));
#258 = ( GEOMETRIC_REPRESENTATION_CONTEXT(2) 
PARAMETRIC_REPRESENTATION_CONTEXT() REPRESENTATION_CONTEXT('2D SPACE',''
  ) );
#259 = PCURVE('',#260,#265);
#260 = CYLINDRICAL_SURFACE('',#261,14.15);
#261 = AXIS2_PLACEMENT_3D('',#262,#263,#264);
#262 = CARTESIAN_POINT('',(-30.8,0.,-1.));
#263 = DIRECTION('',(-0.,-0.,-1.));
#264 = DIRECTION('',(1.,0.,0.));
#265 = DEFINITIONAL_REPRESENTATION('',(#266),#270);
#266 = LINE('',#267,#268);
#267 = CARTESIAN_POINT('',(-6.247842260578,0.));
#268 = VECTOR('',#269,1.);
#269 = DIRECTION('',(-0.,1.));
#270 = ( GEOMETRIC_REPRESENTATION_CONTEXT(2) 
PARAMETRIC_REPRESENTATION_CONTEXT() REPRESENTATION_CONTEXT('2D SPACE',''
  ) );
#271 = ORIENTED_EDGE('',*,*,#272,.F.);
#272 = EDGE_CURVE('',#170,#245,#273,.T.);
#273 = SURFACE_CURVE('',#274,(#278,#285),.PCURVE_S1.);
#274 = LINE('',#275,#276);
#275 = CARTESIAN_POINT('',(-30.8,-0.5,6.775192319073));
#276 = VECTOR('',#277,1.);
#277 = DIRECTION('',(-1.,-0.,-0.));
#278 = PCURVE('',#66,#279);
#279 = DEFINITIONAL_REPRESENTATION('',(#280),#284);
#280 = LINE('',#281,#282);
#281 = CARTESIAN_POINT('',(7.775192319073,32.));
#282 = VECTOR('',#283,1.);
#283 = DIRECTION('',(0.,-1.));
#284 = ( GEOMETRIC_REPRESENTATION_CONTEXT(2) 
PARAMETRIC_REPRESENTATION_CONTEXT() REPRESENTATION_CONTEXT('2D SPACE',''
  ) );
#285 = PCURVE('',#286,#291);
#286 = CYLINDRICAL_SURFACE('',#287,1.7);
#287 = AXIS2_PLACEMENT_3D('',#288,#289,#290);
#288 = CARTESIAN_POINT('',(-30.8,0.,8.4));
#289 = DIRECTION('',(-1.,-0.,-0.));
#290 = DIRECTION('',(0.,1.,0.));
#291 = DEFINITIONAL_REPRESENTATION('',(#292),#296);
#292 = LINE('',#293,#294);
#293 = CARTESIAN_POINT('',(-4.4138567792,0.));
#294 = VECTOR('',#295,1.);
#295 = DIRECTION('',(-0.,1.));
#296 = ( GEOMETRIC_REPRESENTATION_CONTEXT(2) 
PARAMETRIC_REPRESENTATION_CONTEXT() REPRESENTATION_CONTEXT('2D SPACE',''
  ) );
#297 = ADVANCED_FACE('',(#298),#150,.F.);
#298 = FACE_BOUND('',#299,.F.);
#299 = EDGE_LOOP('',(#300,#331,#352,#353,#354,#377,#405));
#300 = ORIENTED_EDGE('',*,*,#301,.T.);
#301 = EDGE_CURVE('',#302,#304,#306,.T.);
#302 = VERTEX_POINT('',#303);
#303 = CARTESIAN_POINT('',(-52.43330765278,-4.,3.));
#304 = VERTEX_POINT('',#305);
#305 = CARTESIAN_POINT('',(-9.8,-6.557438524302,3.));
#306 = SURFACE_CURVE('',#307,(#312,#319),.PCURVE_S1.);
#307 = CIRCLE('',#308,22.);
#308 = AXIS2_PLACEMENT_3D('',#309,#310,#311);
#309 = CARTESIAN_POINT('',(-30.8,0.,3.));
#310 = DIRECTION('',(0.,0.,1.));
#311 = DIRECTION('',(1.,0.,0.));
#312 = PCURVE('',#150,#313);
#313 = DEFINITIONAL_REPRESENTATION('',(#314),#318);
#314 = CIRCLE('',#315,22.);
#315 = AXIS2_PLACEMENT_2D('',#316,#317);
#316 = CARTESIAN_POINT('',(3.552713678801E-15,-9.64275951994E-17));
#317 = DIRECTION('',(1.,0.));
#318 = ( GEOMETRIC_REPRESENTATION_CONTEXT(2) 
PARAMETRIC_REPRESENTATION_CONTEXT() REPRESENTATION_CONTEXT('2D SPACE',''
  ) );
#319 = PCURVE('',#320,#325);
#320 = CYLINDRICAL_SURFACE('',#321,22.);
#321 = AXIS2_PLACEMENT_3D('',#322,#323,#324);
#322 = CARTESIAN_POINT('',(-30.8,0.,3.));
#323 = DIRECTION('',(-0.,-0.,-1.));
#324 = DIRECTION('',(1.,0.,0.));
#325 = DEFINITIONAL_REPRESENTATION('',(#326),#330);
#326 = LINE('',#327,#328);
#327 = CARTESIAN_POINT('',(-0.,0.));
#328 = VECTOR('',#329,1.);
#329 = DIRECTION('',(-1.,0.));
#330 = ( GEOMETRIC_REPRESENTATION_CONTEXT(2) 
PARAMETRIC_REPRESENTATION_CONTEXT() REPRESENTATION_CONTEXT('2D SPACE',''
  ) );
#331 = ORIENTED_EDGE('',*,*,#332,.F.);
#332 = EDGE_CURVE('',#172,#304,#333,.T.);
#333 = SURFACE_CURVE('',#334,(#338,#345),.PCURVE_S1.);
#334 = LINE('',#335,#336);
#335 = CARTESIAN_POINT('',(-9.8,-0.5,3.));
#336 = VECTOR('',#337,1.);
#337 = DIRECTION('',(-5.86504289651E-16,-1.,0.));
#338 = PCURVE('',#150,#339);
#339 = DEFINITIONAL_REPRESENTATION('',(#340),#344);
#340 = LINE('',#341,#342);
#341 = CARTESIAN_POINT('',(21.,-0.5));
#342 = VECTOR('',#343,1.);
#343 = DIRECTION('',(-5.86504289651E-16,-1.));
#344 = ( GEOMETRIC_REPRESENTATION_CONTEXT(2) 
PARAMETRIC_REPRESENTATION_CONTEXT() REPRESENTATION_CONTEXT('2D SPACE',''
  ) );
#345 = PCURVE('',#187,#346);
#346 = DEFINITIONAL_REPRESENTATION('',(#347),#351);
#347 = LINE('',#348,#349);
#348 = CARTESIAN_POINT('',(5.,-41.5));
#349 = VECTOR('',#350,1.);
#350 = DIRECTION('',(0.,1.));
#351 = ( GEOMETRIC_REPRESENTATION_CONTEXT(2) 
PARAMETRIC_REPRESENTATION_CONTEXT() REPRESENTATION_CONTEXT('2D SPACE',''
  ) );
#352 = ORIENTED_EDGE('',*,*,#199,.T.);
#353 = ORIENTED_EDGE('',*,*,#135,.T.);
#354 = ORIENTED_EDGE('',*,*,#355,.T.);
#355 = EDGE_CURVE('',#108,#356,#358,.T.);
#356 = VERTEX_POINT('',#357);
#357 = CARTESIAN_POINT('',(-51.8,-0.5,3.));
#358 = SURFACE_CURVE('',#359,(#363,#370),.PCURVE_S1.);
#359 = LINE('',#360,#361);
#360 = CARTESIAN_POINT('',(-46.8,-0.5,3.));
#361 = VECTOR('',#362,1.);
#362 = DIRECTION('',(-1.,0.,0.));
#363 = PCURVE('',#150,#364);
#364 = DEFINITIONAL_REPRESENTATION('',(#365),#369);
#365 = LINE('',#366,#367);
#366 = CARTESIAN_POINT('',(-16.,-0.5));
#367 = VECTOR('',#368,1.);
#368 = DIRECTION('',(-1.,0.));
#369 = ( GEOMETRIC_REPRESENTATION_CONTEXT(2) 
PARAMETRIC_REPRESENTATION_CONTEXT() REPRESENTATION_CONTEXT('2D SPACE',''
  ) );
#370 = PCURVE('',#123,#371);
#371 = DEFINITIONAL_REPRESENTATION('',(#372),#376);
#372 = LINE('',#373,#374);
#373 = CARTESIAN_POINT('',(4.,16.));
#374 = VECTOR('',#375,1.);
#375 = DIRECTION('',(0.,-1.));
#376 = ( GEOMETRIC_REPRESENTATION_CONTEXT(2) 
PARAMETRIC_REPRESENTATION_CONTEXT() REPRESENTATION_CONTEXT('2D SPACE',''
  ) );
#377 = ORIENTED_EDGE('',*,*,#378,.F.);
#378 = EDGE_CURVE('',#379,#356,#381,.T.);
#379 = VERTEX_POINT('',#380);
#380 = CARTESIAN_POINT('',(-51.8,-4.,3.));
#381 = SURFACE_CURVE('',#382,(#386,#393),.PCURVE_S1.);
#382 = LINE('',#383,#384);
#383 = CARTESIAN_POINT('',(-51.8,-2.,3.));
#384 = VECTOR('',#385,1.);
#385 = DIRECTION('',(0.,1.,0.));
#386 = PCURVE('',#150,#387);
#387 = DEFINITIONAL_REPRESENTATION('',(#388),#392);
#388 = LINE('',#389,#390);
#389 = CARTESIAN_POINT('',(-21.,-2.));
#390 = VECTOR('',#391,1.);
#391 = DIRECTION('',(0.,1.));
#392 = ( GEOMETRIC_REPRESENTATION_CONTEXT(2) 
PARAMETRIC_REPRESENTATION_CONTEXT() REPRESENTATION_CONTEXT('2D SPACE',''
  ) );
#393 = PCURVE('',#394,#399);
#394 = PLANE('',#395);
#395 = AXIS2_PLACEMENT_3D('',#396,#397,#398);
#396 = CARTESIAN_POINT('',(-51.8,-4.,0.));
#397 = DIRECTION('',(1.,0.,0.));
#398 = DIRECTION('',(0.,0.,1.));
#399 = DEFINITIONAL_REPRESENTATION('',(#400),#404);
#400 = LINE('',#401,#402);
#401 = CARTESIAN_POINT('',(3.,-2.));
#402 = VECTOR('',#403,1.);
#403 = DIRECTION('',(0.,-1.));
#404 = ( GEOMETRIC_REPRESENTATION_CONTEXT(2) 
PARAMETRIC_REPRESENTATION_CONTEXT() REPRESENTATION_CONTEXT('2D SPACE',''
  ) );
#405 = ORIENTED_EDGE('',*,*,#406,.T.);
#406 = EDGE_CURVE('',#379,#302,#407,.T.);
#407 = SURFACE_CURVE('',#408,(#412,#419),.PCURVE_S1.);
#408 = LINE('',#409,#410);
#409 = CARTESIAN_POINT('',(-45.8,-4.,3.));
#410 = VECTOR('',#411,1.);
#411 = DIRECTION('',(-1.,0.,0.));
#412 = PCURVE('',#150,#413);
#413 = DEFINITIONAL_REPRESENTATION('',(#414),#418);
#414 = LINE('',#415,#416);
#415 = CARTESIAN_POINT('',(-15.,-4.));
#416 = VECTOR('',#417,1.);
#417 = DIRECTION('',(-1.,0.));
#418 = ( GEOMETRIC_REPRESENTATION_CONTEXT(2) 
PARAMETRIC_REPRESENTATION_CONTEXT() REPRESENTATION_CONTEXT('2D SPACE',''
  ) );
#419 = PCURVE('',#420,#425);
#420 = PLANE('',#421);
#421 = AXIS2_PLACEMENT_3D('',#422,#423,#424);
#422 = CARTESIAN_POINT('',(-60.8,-4.,0.));
#423 = DIRECTION('',(0.,1.,0.));
#424 = DIRECTION('',(0.,0.,1.));
#425 = DEFINITIONAL_REPRESENTATION('',(#426),#430);
#426 = LINE('',#427,#428);
#427 = CARTESIAN_POINT('',(3.,15.));
#428 = VECTOR('',#429,1.);
#429 = DIRECTION('',(0.,-1.));
#430 = ( GEOMETRIC_REPRESENTATION_CONTEXT(2) 
PARAMETRIC_REPRESENTATION_CONTEXT() REPRESENTATION_CONTEXT('2D SPACE',''
  ) );
#431 = ADVANCED_FACE('',(#432),#123,.T.);
#432 = FACE_BOUND('',#433,.T.);
#433 = EDGE_LOOP('',(#434,#435,#436,#459,#487,#515,#543,#571,#599,#627,
    #655,#678));
#434 = ORIENTED_EDGE('',*,*,#107,.F.);
#435 = ORIENTED_EDGE('',*,*,#355,.T.);
#436 = ORIENTED_EDGE('',*,*,#437,.F.);
#437 = EDGE_CURVE('',#438,#356,#440,.T.);
#438 = VERTEX_POINT('',#439);
#439 = CARTESIAN_POINT('',(-51.8,-0.5,0.));
#440 = SURFACE_CURVE('',#441,(#445,#452),.PCURVE_S1.);
#441 = LINE('',#442,#443);
#442 = CARTESIAN_POINT('',(-51.8,-0.5,-0.5));
#443 = VECTOR('',#444,1.);
#444 = DIRECTION('',(0.,0.,1.));
#445 = PCURVE('',#123,#446);
#446 = DEFINITIONAL_REPRESENTATION('',(#447),#451);
#447 = LINE('',#448,#449);
#448 = CARTESIAN_POINT('',(0.5,11.));
#449 = VECTOR('',#450,1.);
#450 = DIRECTION('',(1.,0.));
#451 = ( GEOMETRIC_REPRESENTATION_CONTEXT(2) 
PARAMETRIC_REPRESENTATION_CONTEXT() REPRESENTATION_CONTEXT('2D SPACE',''
  ) );
#452 = PCURVE('',#394,#453);
#453 = DEFINITIONAL_REPRESENTATION('',(#454),#458);
#454 = LINE('',#455,#456);
#455 = CARTESIAN_POINT('',(-0.5,-3.5));
#456 = VECTOR('',#457,1.);
#457 = DIRECTION('',(1.,0.));
#458 = ( GEOMETRIC_REPRESENTATION_CONTEXT(2) 
PARAMETRIC_REPRESENTATION_CONTEXT() REPRESENTATION_CONTEXT('2D SPACE',''
  ) );
#459 = ORIENTED_EDGE('',*,*,#460,.T.);
#460 = EDGE_CURVE('',#438,#461,#463,.T.);
#461 = VERTEX_POINT('',#462);
#462 = CARTESIAN_POINT('',(-60.8,-0.5,0.));
#463 = SURFACE_CURVE('',#464,(#468,#475),.PCURVE_S1.);
#464 = LINE('',#465,#466);
#465 = CARTESIAN_POINT('',(-61.8,-0.5,0.));
#466 = VECTOR('',#467,1.);
#467 = DIRECTION('',(-1.,0.,0.));
#468 = PCURVE('',#123,#469);
#469 = DEFINITIONAL_REPRESENTATION('',(#470),#474);
#470 = LINE('',#471,#472);
#471 = CARTESIAN_POINT('',(1.,1.));
#472 = VECTOR('',#473,1.);
#473 = DIRECTION('',(0.,-1.));
#474 = ( GEOMETRIC_REPRESENTATION_CONTEXT(2) 
PARAMETRIC_REPRESENTATION_CONTEXT() REPRESENTATION_CONTEXT('2D SPACE',''
  ) );
#475 = PCURVE('',#476,#481);
#476 = PLANE('',#477);
#477 = AXIS2_PLACEMENT_3D('',#478,#479,#480);
#478 = CARTESIAN_POINT('',(-60.8,-4.,0.));
#479 = DIRECTION('',(0.,0.,1.));
#480 = DIRECTION('',(1.,0.,0.));
#481 = DEFINITIONAL_REPRESENTATION('',(#482),#486);
#482 = LINE('',#483,#484);
#483 = CARTESIAN_POINT('',(-1.,3.5));
#484 = VECTOR('',#485,1.);
#485 = DIRECTION('',(-1.,0.));
#486 = ( GEOMETRIC_REPRESENTATION_CONTEXT(2) 
PARAMETRIC_REPRESENTATION_CONTEXT() REPRESENTATION_CONTEXT('2D SPACE',''
  ) );
#487 = ORIENTED_EDGE('',*,*,#488,.T.);
#488 = EDGE_CURVE('',#461,#489,#491,.T.);
#489 = VERTEX_POINT('',#490);
#490 = CARTESIAN_POINT('',(-60.8,-0.5,24.));
#491 = SURFACE_CURVE('',#492,(#496,#503),.PCURVE_S1.);
#492 = LINE('',#493,#494);
#493 = CARTESIAN_POINT('',(-60.8,-0.5,-0.5));
#494 = VECTOR('',#495,1.);
#495 = DIRECTION('',(0.,0.,1.));
#496 = PCURVE('',#123,#497);
#497 = DEFINITIONAL_REPRESENTATION('',(#498),#502);
#498 = LINE('',#499,#500);
#499 = CARTESIAN_POINT('',(0.5,2.));
#500 = VECTOR('',#501,1.);
#501 = DIRECTION('',(1.,0.));
#502 = ( GEOMETRIC_REPRESENTATION_CONTEXT(2) 
PARAMETRIC_REPRESENTATION_CONTEXT() REPRESENTATION_CONTEXT('2D SPACE',''
  ) );
#503 = PCURVE('',#504,#509);
#504 = PLANE('',#505);
#505 = AXIS2_PLACEMENT_3D('',#506,#507,#508);
#506 = CARTESIAN_POINT('',(-60.8,-4.,0.));
#507 = DIRECTION('',(1.,0.,0.));
#508 = DIRECTION('',(0.,0.,1.));
#509 = DEFINITIONAL_REPRESENTATION('',(#510),#514);
#510 = LINE('',#511,#512);
#511 = CARTESIAN_POINT('',(-0.5,-3.5));
#512 = VECTOR('',#513,1.);
#513 = DIRECTION('',(1.,0.));
#514 = ( GEOMETRIC_REPRESENTATION_CONTEXT(2) 
PARAMETRIC_REPRESENTATION_CONTEXT() REPRESENTATION_CONTEXT('2D SPACE',''
  ) );
#515 = ORIENTED_EDGE('',*,*,#516,.F.);
#516 = EDGE_CURVE('',#517,#489,#519,.T.);
#517 = VERTEX_POINT('',#518);
#518 = CARTESIAN_POINT('',(-51.8,-0.5,24.));
#519 = SURFACE_CURVE('',#520,(#524,#531),.PCURVE_S1.);
#520 = LINE('',#521,#522);
#521 = CARTESIAN_POINT('',(-61.8,-0.5,24.));
#522 = VECTOR('',#523,1.);
#523 = DIRECTION('',(-1.,0.,0.));
#524 = PCURVE('',#123,#525);
#525 = DEFINITIONAL_REPRESENTATION('',(#526),#530);
#526 = LINE('',#527,#528);
#527 = CARTESIAN_POINT('',(25.,1.));
#528 = VECTOR('',#529,1.);
#529 = DIRECTION('',(0.,-1.));
#530 = ( GEOMETRIC_REPRESENTATION_CONTEXT(2) 
PARAMETRIC_REPRESENTATION_CONTEXT() REPRESENTATION_CONTEXT('2D SPACE',''
  ) );
#531 = PCURVE('',#532,#537);
#532 = PLANE('',#533);
#533 = AXIS2_PLACEMENT_3D('',#534,#535,#536);
#534 = CARTESIAN_POINT('',(-60.8,-4.,24.));
#535 = DIRECTION('',(0.,0.,1.));
#536 = DIRECTION('',(1.,0.,0.));
#537 = DEFINITIONAL_REPRESENTATION('',(#538),#542);
#538 = LINE('',#539,#540);
#539 = CARTESIAN_POINT('',(-1.,3.5));
#540 = VECTOR('',#541,1.);
#541 = DIRECTION('',(-1.,0.));
#542 = ( GEOMETRIC_REPRESENTATION_CONTEXT(2) 
PARAMETRIC_REPRESENTATION_CONTEXT() REPRESENTATION_CONTEXT('2D SPACE',''
  ) );
#543 = ORIENTED_EDGE('',*,*,#544,.F.);
#544 = EDGE_CURVE('',#545,#517,#547,.T.);
#545 = VERTEX_POINT('',#546);
#546 = CARTESIAN_POINT('',(-51.8,-0.5,21.));
#547 = SURFACE_CURVE('',#548,(#552,#559),.PCURVE_S1.);
#548 = LINE('',#549,#550);
#549 = CARTESIAN_POINT('',(-51.8,-0.5,-0.5));
#550 = VECTOR('',#551,1.);
#551 = DIRECTION('',(0.,0.,1.));
#552 = PCURVE('',#123,#553);
#553 = DEFINITIONAL_REPRESENTATION('',(#554),#558);
#554 = LINE('',#555,#556);
#555 = CARTESIAN_POINT('',(0.5,11.));
#556 = VECTOR('',#557,1.);
#557 = DIRECTION('',(1.,0.));
#558 = ( GEOMETRIC_REPRESENTATION_CONTEXT(2) 
PARAMETRIC_REPRESENTATION_CONTEXT() REPRESENTATION_CONTEXT('2D SPACE',''
  ) );
#559 = PCURVE('',#560,#565);
#560 = PLANE('',#561);
#561 = AXIS2_PLACEMENT_3D('',#562,#563,#564);
#562 = CARTESIAN_POINT('',(-51.8,-4.,0.));
#563 = DIRECTION('',(1.,0.,0.));
#564 = DIRECTION('',(0.,0.,1.));
#565 = DEFINITIONAL_REPRESENTATION('',(#566),#570);
#566 = LINE('',#567,#568);
#567 = CARTESIAN_POINT('',(-0.5,-3.5));
#568 = VECTOR('',#569,1.);
#569 = DIRECTION('',(1.,0.));
#570 = ( GEOMETRIC_REPRESENTATION_CONTEXT(2) 
PARAMETRIC_REPRESENTATION_CONTEXT() REPRESENTATION_CONTEXT('2D SPACE',''
  ) );
#571 = ORIENTED_EDGE('',*,*,#572,.F.);
#572 = EDGE_CURVE('',#573,#545,#575,.T.);
#573 = VERTEX_POINT('',#574);
#574 = CARTESIAN_POINT('',(-50.79374902313,-0.5,21.));
#575 = SURFACE_CURVE('',#576,(#580,#587),.PCURVE_S1.);
#576 = LINE('',#577,#578);
#577 = CARTESIAN_POINT('',(-46.8,-0.5,21.));
#578 = VECTOR('',#579,1.);
#579 = DIRECTION('',(-1.,0.,0.));
#580 = PCURVE('',#123,#581);
#581 = DEFINITIONAL_REPRESENTATION('',(#582),#586);
#582 = LINE('',#583,#584);
#583 = CARTESIAN_POINT('',(22.,16.));
#584 = VECTOR('',#585,1.);
#585 = DIRECTION('',(0.,-1.));
#586 = ( GEOMETRIC_REPRESENTATION_CONTEXT(2) 
PARAMETRIC_REPRESENTATION_CONTEXT() REPRESENTATION_CONTEXT('2D SPACE',''
  ) );
#587 = PCURVE('',#588,#593);
#588 = PLANE('',#589);
#589 = AXIS2_PLACEMENT_3D('',#590,#591,#592);
#590 = CARTESIAN_POINT('',(-30.8,9.64275951994E-17,21.));
#591 = DIRECTION('',(0.,0.,1.));
#592 = DIRECTION('',(1.,0.,-0.));
#593 = DEFINITIONAL_REPRESENTATION('',(#594),#598);
#594 = LINE('',#595,#596);
#595 = CARTESIAN_POINT('',(-16.,-0.5));
#596 = VECTOR('',#597,1.);
#597 = DIRECTION('',(-1.,0.));
#598 = ( GEOMETRIC_REPRESENTATION_CONTEXT(2) 
PARAMETRIC_REPRESENTATION_CONTEXT() REPRESENTATION_CONTEXT('2D SPACE',''
  ) );
#599 = ORIENTED_EDGE('',*,*,#600,.F.);
#600 = EDGE_CURVE('',#601,#573,#603,.T.);
#601 = VERTEX_POINT('',#602);
#602 = CARTESIAN_POINT('',(-50.79374902313,-0.5,24.));
#603 = SURFACE_CURVE('',#604,(#608,#615),.PCURVE_S1.);
#604 = LINE('',#605,#606);
#605 = CARTESIAN_POINT('',(-50.79374902313,-0.5,0.));
#606 = VECTOR('',#607,1.);
#607 = DIRECTION('',(-0.,-0.,-1.));
#608 = PCURVE('',#123,#609);
#609 = DEFINITIONAL_REPRESENTATION('',(#610),#614);
#610 = LINE('',#611,#612);
#611 = CARTESIAN_POINT('',(1.,12.006250976868));
#612 = VECTOR('',#613,1.);
#613 = DIRECTION('',(-1.,0.));
#614 = ( GEOMETRIC_REPRESENTATION_CONTEXT(2) 
PARAMETRIC_REPRESENTATION_CONTEXT() REPRESENTATION_CONTEXT('2D SPACE',''
  ) );
#615 = PCURVE('',#616,#621);
#616 = CYLINDRICAL_SURFACE('',#617,20.);
#617 = AXIS2_PLACEMENT_3D('',#618,#619,#620);
#618 = CARTESIAN_POINT('',(-30.8,0.,0.));
#619 = DIRECTION('',(-0.,-0.,-1.));
#620 = DIRECTION('',(1.,0.,0.));
#621 = DEFINITIONAL_REPRESENTATION('',(#622),#626);
#622 = LINE('',#623,#624);
#623 = CARTESIAN_POINT('',(-3.166595258489,0.));
#624 = VECTOR('',#625,1.);
#625 = DIRECTION('',(-0.,1.));
#626 = ( GEOMETRIC_REPRESENTATION_CONTEXT(2) 
PARAMETRIC_REPRESENTATION_CONTEXT() REPRESENTATION_CONTEXT('2D SPACE',''
  ) );
#627 = ORIENTED_EDGE('',*,*,#628,.F.);
#628 = EDGE_CURVE('',#629,#601,#631,.T.);
#629 = VERTEX_POINT('',#630);
#630 = CARTESIAN_POINT('',(-44.94116331848,-0.5,24.));
#631 = SURFACE_CURVE('',#632,(#636,#643),.PCURVE_S1.);
#632 = LINE('',#633,#634);
#633 = CARTESIAN_POINT('',(-46.8,-0.5,24.));
#634 = VECTOR('',#635,1.);
#635 = DIRECTION('',(-1.,0.,0.));
#636 = PCURVE('',#123,#637);
#637 = DEFINITIONAL_REPRESENTATION('',(#638),#642);
#638 = LINE('',#639,#640);
#639 = CARTESIAN_POINT('',(25.,16.));
#640 = VECTOR('',#641,1.);
#641 = DIRECTION('',(0.,-1.));
#642 = ( GEOMETRIC_REPRESENTATION_CONTEXT(2) 
PARAMETRIC_REPRESENTATION_CONTEXT() REPRESENTATION_CONTEXT('2D SPACE',''
  ) );
#643 = PCURVE('',#644,#649);
#644 = PLANE('',#645);
#645 = AXIS2_PLACEMENT_3D('',#646,#647,#648);
#646 = CARTESIAN_POINT('',(-30.8,1.371473012632E-15,24.));
#647 = DIRECTION('',(0.,0.,1.));
#648 = DIRECTION('',(1.,0.,-0.));
#649 = DEFINITIONAL_REPRESENTATION('',(#650),#654);
#650 = LINE('',#651,#652);
#651 = CARTESIAN_POINT('',(-16.,-0.5));
#652 = VECTOR('',#653,1.);
#653 = DIRECTION('',(-1.,0.));
#654 = ( GEOMETRIC_REPRESENTATION_CONTEXT(2) 
PARAMETRIC_REPRESENTATION_CONTEXT() REPRESENTATION_CONTEXT('2D SPACE',''
  ) );
#655 = ORIENTED_EDGE('',*,*,#656,.T.);
#656 = EDGE_CURVE('',#629,#657,#659,.T.);
#657 = VERTEX_POINT('',#658);
#658 = CARTESIAN_POINT('',(-44.94116331848,-0.5,0.));
#659 = SURFACE_CURVE('',#660,(#664,#671),.PCURVE_S1.);
#660 = LINE('',#661,#662);
#661 = CARTESIAN_POINT('',(-44.94116331848,-0.5,-1.));
#662 = VECTOR('',#663,1.);
#663 = DIRECTION('',(-0.,-0.,-1.));
#664 = PCURVE('',#123,#665);
#665 = DEFINITIONAL_REPRESENTATION('',(#666),#670);
#666 = LINE('',#667,#668);
#667 = CARTESIAN_POINT('',(0.,17.858836681517));
#668 = VECTOR('',#669,1.);
#669 = DIRECTION('',(-1.,0.));
#670 = ( GEOMETRIC_REPRESENTATION_CONTEXT(2) 
PARAMETRIC_REPRESENTATION_CONTEXT() REPRESENTATION_CONTEXT('2D SPACE',''
  ) );
#671 = PCURVE('',#260,#672);
#672 = DEFINITIONAL_REPRESENTATION('',(#673),#677);
#673 = LINE('',#674,#675);
#674 = CARTESIAN_POINT('',(-3.176935700192,0.));
#675 = VECTOR('',#676,1.);
#676 = DIRECTION('',(-0.,1.));
#677 = ( GEOMETRIC_REPRESENTATION_CONTEXT(2) 
PARAMETRIC_REPRESENTATION_CONTEXT() REPRESENTATION_CONTEXT('2D SPACE',''
  ) );
#678 = ORIENTED_EDGE('',*,*,#679,.T.);
#679 = EDGE_CURVE('',#657,#79,#680,.T.);
#680 = SURFACE_CURVE('',#681,(#685,#692),.PCURVE_S1.);
#681 = LINE('',#682,#683);
#682 = CARTESIAN_POINT('',(-46.8,-0.5,0.));
#683 = VECTOR('',#684,1.);
#684 = DIRECTION('',(-1.,0.,0.));
#685 = PCURVE('',#123,#686);
#686 = DEFINITIONAL_REPRESENTATION('',(#687),#691);
#687 = LINE('',#688,#689);
#688 = CARTESIAN_POINT('',(1.,16.));
#689 = VECTOR('',#690,1.);
#690 = DIRECTION('',(0.,-1.));
#691 = ( GEOMETRIC_REPRESENTATION_CONTEXT(2) 
PARAMETRIC_REPRESENTATION_CONTEXT() REPRESENTATION_CONTEXT('2D SPACE',''
  ) );
#692 = PCURVE('',#95,#693);
#693 = DEFINITIONAL_REPRESENTATION('',(#694),#698);
#694 = LINE('',#695,#696);
#695 = CARTESIAN_POINT('',(-16.,-0.5));
#696 = VECTOR('',#697,1.);
#697 = DIRECTION('',(-1.,0.));
#698 = ( GEOMETRIC_REPRESENTATION_CONTEXT(2) 
PARAMETRIC_REPRESENTATION_CONTEXT() REPRESENTATION_CONTEXT('2D SPACE',''
  ) );
#699 = ADVANCED_FACE('',(#700),#95,.F.);
#700 = FACE_BOUND('',#701,.F.);
#701 = EDGE_LOOP('',(#702,#703,#704,#730));
#702 = ORIENTED_EDGE('',*,*,#78,.T.);
#703 = ORIENTED_EDGE('',*,*,#221,.T.);
#704 = ORIENTED_EDGE('',*,*,#705,.T.);
#705 = EDGE_CURVE('',#222,#657,#706,.T.);
#706 = SURFACE_CURVE('',#707,(#712,#723),.PCURVE_S1.);
#707 = CIRCLE('',#708,14.15);
#708 = AXIS2_PLACEMENT_3D('',#709,#710,#711);
#709 = CARTESIAN_POINT('',(-30.8,0.,0.));
#710 = DIRECTION('',(0.,0.,-1.));
#711 = DIRECTION('',(1.,0.,0.));
#712 = PCURVE('',#95,#713);
#713 = DEFINITIONAL_REPRESENTATION('',(#714),#722);
#714 = ( BOUNDED_CURVE() B_SPLINE_CURVE(2,(#715,#716,#717,#718,#719,#720
,#721),.UNSPECIFIED.,.T.,.F.) B_SPLINE_CURVE_WITH_KNOTS((1,2,2,2,2,1),(
    -2.094395102393,0.,2.094395102393,4.188790204786,6.28318530718,
8.377580409573),.UNSPECIFIED.) CURVE() GEOMETRIC_REPRESENTATION_ITEM() 
RATIONAL_B_SPLINE_CURVE((1.,0.5,1.,0.5,1.,0.5,1.)) REPRESENTATION_ITEM(
  '') );
#715 = CARTESIAN_POINT('',(14.15,-1.371473012632E-15));
#716 = CARTESIAN_POINT('',(14.15,-24.5085189271));
#717 = CARTESIAN_POINT('',(-7.075,-12.25425946355));
#718 = CARTESIAN_POINT('',(-28.3,-4.837223454219E-15));
#719 = CARTESIAN_POINT('',(-7.075,12.25425946355));
#720 = CARTESIAN_POINT('',(14.15,24.5085189271));
#721 = CARTESIAN_POINT('',(14.15,-1.371473012632E-15));
#722 = ( GEOMETRIC_REPRESENTATION_CONTEXT(2) 
PARAMETRIC_REPRESENTATION_CONTEXT() REPRESENTATION_CONTEXT('2D SPACE',''
  ) );
#723 = PCURVE('',#260,#724);
#724 = DEFINITIONAL_REPRESENTATION('',(#725),#729);
#725 = LINE('',#726,#727);
#726 = CARTESIAN_POINT('',(-6.28318530718,-1.));
#727 = VECTOR('',#728,1.);
#728 = DIRECTION('',(1.,-0.));
#729 = ( GEOMETRIC_REPRESENTATION_CONTEXT(2) 
PARAMETRIC_REPRESENTATION_CONTEXT() REPRESENTATION_CONTEXT('2D SPACE',''
  ) );
#730 = ORIENTED_EDGE('',*,*,#679,.T.);
#731 = ADVANCED_FACE('',(#732),#187,.T.);
#732 = FACE_BOUND('',#733,.T.);
#733 = EDGE_LOOP('',(#734,#735,#736,#764,#792,#825,#853,#876));
#734 = ORIENTED_EDGE('',*,*,#332,.F.);
#735 = ORIENTED_EDGE('',*,*,#169,.F.);
#736 = ORIENTED_EDGE('',*,*,#737,.T.);
#737 = EDGE_CURVE('',#170,#738,#740,.T.);
#738 = VERTEX_POINT('',#739);
#739 = CARTESIAN_POINT('',(-9.8,-0.5,10.024807680927));
#740 = SURFACE_CURVE('',#741,(#746,#757),.PCURVE_S1.);
#741 = CIRCLE('',#742,1.7);
#742 = AXIS2_PLACEMENT_3D('',#743,#744,#745);
#743 = CARTESIAN_POINT('',(-9.8,0.,8.4));
#744 = DIRECTION('',(-1.,0.,0.));
#745 = DIRECTION('',(0.,1.,0.));
#746 = PCURVE('',#187,#747);
#747 = DEFINITIONAL_REPRESENTATION('',(#748),#756);
#748 = ( BOUNDED_CURVE() B_SPLINE_CURVE(2,(#749,#750,#751,#752,#753,#754
,#755),.UNSPECIFIED.,.T.,.F.) B_SPLINE_CURVE_WITH_KNOTS((1,2,2,2,2,1),(
    -2.094395102393,0.,2.094395102393,4.188790204786,6.28318530718,
8.377580409573),.UNSPECIFIED.) CURVE() GEOMETRIC_REPRESENTATION_ITEM() 
RATIONAL_B_SPLINE_CURVE((1.,0.5,1.,0.5,1.,0.5,1.)) REPRESENTATION_ITEM(
  '') );
#749 = CARTESIAN_POINT('',(10.4,-43.7));
#750 = CARTESIAN_POINT('',(7.455513627133,-43.7));
#751 = CARTESIAN_POINT('',(8.927756813566,-41.15));
#752 = CARTESIAN_POINT('',(10.4,-38.6));
#753 = CARTESIAN_POINT('',(11.872243186434,-41.15));
#754 = CARTESIAN_POINT('',(13.344486372867,-43.7));
#755 = CARTESIAN_POINT('',(10.4,-43.7));
#756 = ( GEOMETRIC_REPRESENTATION_CONTEXT(2) 
PARAMETRIC_REPRESENTATION_CONTEXT() REPRESENTATION_CONTEXT('2D SPACE',''
  ) );
#757 = PCURVE('',#286,#758);
#758 = DEFINITIONAL_REPRESENTATION('',(#759),#763);
#759 = LINE('',#760,#761);
#760 = CARTESIAN_POINT('',(-6.28318530718,-21.));
#761 = VECTOR('',#762,1.);
#762 = DIRECTION('',(1.,-0.));
#763 = ( GEOMETRIC_REPRESENTATION_CONTEXT(2) 
PARAMETRIC_REPRESENTATION_CONTEXT() REPRESENTATION_CONTEXT('2D SPACE',''
  ) );
#764 = ORIENTED_EDGE('',*,*,#765,.F.);
#765 = EDGE_CURVE('',#766,#738,#768,.T.);
#766 = VERTEX_POINT('',#767);
#767 = CARTESIAN_POINT('',(-9.8,-0.5,15.175192319073));
#768 = SURFACE_CURVE('',#769,(#773,#780),.PCURVE_S1.);
#769 = LINE('',#770,#771);
#770 = CARTESIAN_POINT('',(-9.8,-0.5,-1.5));
#771 = VECTOR('',#772,1.);
#772 = DIRECTION('',(0.,0.,-1.));
#773 = PCURVE('',#187,#774);
#774 = DEFINITIONAL_REPRESENTATION('',(#775),#779);
#775 = LINE('',#776,#777);
#776 = CARTESIAN_POINT('',(0.5,-41.5));
#777 = VECTOR('',#778,1.);
#778 = DIRECTION('',(-1.,0.));
#779 = ( GEOMETRIC_REPRESENTATION_CONTEXT(2) 
PARAMETRIC_REPRESENTATION_CONTEXT() REPRESENTATION_CONTEXT('2D SPACE',''
  ) );
#780 = PCURVE('',#781,#786);
#781 = PLANE('',#782);
#782 = AXIS2_PLACEMENT_3D('',#783,#784,#785);
#783 = CARTESIAN_POINT('',(-62.8,-0.5,-1.));
#784 = DIRECTION('',(0.,1.,0.));
#785 = DIRECTION('',(0.,0.,1.));
#786 = DEFINITIONAL_REPRESENTATION('',(#787),#791);
#787 = LINE('',#788,#789);
#788 = CARTESIAN_POINT('',(-0.5,53.));
#789 = VECTOR('',#790,1.);
#790 = DIRECTION('',(-1.,0.));
#791 = ( GEOMETRIC_REPRESENTATION_CONTEXT(2) 
PARAMETRIC_REPRESENTATION_CONTEXT() REPRESENTATION_CONTEXT('2D SPACE',''
  ) );
#792 = ORIENTED_EDGE('',*,*,#793,.T.);
#793 = EDGE_CURVE('',#766,#794,#796,.T.);
#794 = VERTEX_POINT('',#795);
#795 = CARTESIAN_POINT('',(-9.8,-0.5,18.424807680927));
#796 = SURFACE_CURVE('',#797,(#802,#813),.PCURVE_S1.);
#797 = CIRCLE('',#798,1.7);
#798 = AXIS2_PLACEMENT_3D('',#799,#800,#801);
#799 = CARTESIAN_POINT('',(-9.8,0.,16.8));
#800 = DIRECTION('',(-1.,0.,0.));
#801 = DIRECTION('',(0.,1.,0.));
#802 = PCURVE('',#187,#803);
#803 = DEFINITIONAL_REPRESENTATION('',(#804),#812);
#804 = ( BOUNDED_CURVE() B_SPLINE_CURVE(2,(#805,#806,#807,#808,#809,#810
,#811),.UNSPECIFIED.,.T.,.F.) B_SPLINE_CURVE_WITH_KNOTS((1,2,2,2,2,1),(
    -2.094395102393,0.,2.094395102393,4.188790204786,6.28318530718,
8.377580409573),.UNSPECIFIED.) CURVE() GEOMETRIC_REPRESENTATION_ITEM() 
RATIONAL_B_SPLINE_CURVE((1.,0.5,1.,0.5,1.,0.5,1.)) REPRESENTATION_ITEM(
  '') );
#805 = CARTESIAN_POINT('',(18.8,-43.7));
#806 = CARTESIAN_POINT('',(15.855513627133,-43.7));
#807 = CARTESIAN_POINT('',(17.327756813566,-41.15));
#808 = CARTESIAN_POINT('',(18.8,-38.6));
#809 = CARTESIAN_POINT('',(20.272243186434,-41.15));
#810 = CARTESIAN_POINT('',(21.744486372867,-43.7));
#811 = CARTESIAN_POINT('',(18.8,-43.7));
#812 = ( GEOMETRIC_REPRESENTATION_CONTEXT(2) 
PARAMETRIC_REPRESENTATION_CONTEXT() REPRESENTATION_CONTEXT('2D SPACE',''
  ) );
#813 = PCURVE('',#814,#819);
#814 = CYLINDRICAL_SURFACE('',#815,1.7);
#815 = AXIS2_PLACEMENT_3D('',#816,#817,#818);
#816 = CARTESIAN_POINT('',(-30.8,0.,16.8));
#817 = DIRECTION('',(-1.,-0.,-0.));
#818 = DIRECTION('',(0.,1.,0.));
#819 = DEFINITIONAL_REPRESENTATION('',(#820),#824);
#820 = LINE('',#821,#822);
#821 = CARTESIAN_POINT('',(-6.28318530718,-21.));
#822 = VECTOR('',#823,1.);
#823 = DIRECTION('',(1.,-0.));
#824 = ( GEOMETRIC_REPRESENTATION_CONTEXT(2) 
PARAMETRIC_REPRESENTATION_CONTEXT() REPRESENTATION_CONTEXT('2D SPACE',''
  ) );
#825 = ORIENTED_EDGE('',*,*,#826,.F.);
#826 = EDGE_CURVE('',#827,#794,#829,.T.);
#827 = VERTEX_POINT('',#828);
#828 = CARTESIAN_POINT('',(-9.8,-0.5,21.));
#829 = SURFACE_CURVE('',#830,(#834,#841),.PCURVE_S1.);
#830 = LINE('',#831,#832);
#831 = CARTESIAN_POINT('',(-9.8,-0.5,-1.5));
#832 = VECTOR('',#833,1.);
#833 = DIRECTION('',(0.,0.,-1.));
#834 = PCURVE('',#187,#835);
#835 = DEFINITIONAL_REPRESENTATION('',(#836),#840);
#836 = LINE('',#837,#838);
#837 = CARTESIAN_POINT('',(0.5,-41.5));
#838 = VECTOR('',#839,1.);
#839 = DIRECTION('',(-1.,0.));
#840 = ( GEOMETRIC_REPRESENTATION_CONTEXT(2) 
PARAMETRIC_REPRESENTATION_CONTEXT() REPRESENTATION_CONTEXT('2D SPACE',''
  ) );
#841 = PCURVE('',#842,#847);
#842 = PLANE('',#843);
#843 = AXIS2_PLACEMENT_3D('',#844,#845,#846);
#844 = CARTESIAN_POINT('',(-62.8,-0.5,-1.));
#845 = DIRECTION('',(0.,1.,0.));
#846 = DIRECTION('',(0.,0.,1.));
#847 = DEFINITIONAL_REPRESENTATION('',(#848),#852);
#848 = LINE('',#849,#850);
#849 = CARTESIAN_POINT('',(-0.5,53.));
#850 = VECTOR('',#851,1.);
#851 = DIRECTION('',(-1.,0.));
#852 = ( GEOMETRIC_REPRESENTATION_CONTEXT(2) 
PARAMETRIC_REPRESENTATION_CONTEXT() REPRESENTATION_CONTEXT('2D SPACE',''
  ) );
#853 = ORIENTED_EDGE('',*,*,#854,.T.);
#854 = EDGE_CURVE('',#827,#855,#857,.T.);
#855 = VERTEX_POINT('',#856);
#856 = CARTESIAN_POINT('',(-9.8,-6.557438524302,21.));
#857 = SURFACE_CURVE('',#858,(#862,#869),.PCURVE_S1.);
#858 = LINE('',#859,#860);
#859 = CARTESIAN_POINT('',(-9.8,-0.5,21.));
#860 = VECTOR('',#861,1.);
#861 = DIRECTION('',(-5.86504289651E-16,-1.,0.));
#862 = PCURVE('',#187,#863);
#863 = DEFINITIONAL_REPRESENTATION('',(#864),#868);
#864 = LINE('',#865,#866);
#865 = CARTESIAN_POINT('',(23.,-41.5));
#866 = VECTOR('',#867,1.);
#867 = DIRECTION('',(0.,1.));
#868 = ( GEOMETRIC_REPRESENTATION_CONTEXT(2) 
PARAMETRIC_REPRESENTATION_CONTEXT() REPRESENTATION_CONTEXT('2D SPACE',''
  ) );
#869 = PCURVE('',#588,#870);
#870 = DEFINITIONAL_REPRESENTATION('',(#871),#875);
#871 = LINE('',#872,#873);
#872 = CARTESIAN_POINT('',(21.,-0.5));
#873 = VECTOR('',#874,1.);
#874 = DIRECTION('',(-5.86504289651E-16,-1.));
#875 = ( GEOMETRIC_REPRESENTATION_CONTEXT(2) 
PARAMETRIC_REPRESENTATION_CONTEXT() REPRESENTATION_CONTEXT('2D SPACE',''
  ) );
#876 = ORIENTED_EDGE('',*,*,#877,.T.);
#877 = EDGE_CURVE('',#855,#304,#878,.T.);
#878 = SURFACE_CURVE('',#879,(#883,#890),.PCURVE_S1.);
#879 = LINE('',#880,#881);
#880 = CARTESIAN_POINT('',(-9.8,-6.557438524302,3.));
#881 = VECTOR('',#882,1.);
#882 = DIRECTION('',(-0.,-0.,-1.));
#883 = PCURVE('',#187,#884);
#884 = DEFINITIONAL_REPRESENTATION('',(#885),#889);
#885 = LINE('',#886,#887);
#886 = CARTESIAN_POINT('',(5.,-35.44256147569));
#887 = VECTOR('',#888,1.);
#888 = DIRECTION('',(-1.,0.));
#889 = ( GEOMETRIC_REPRESENTATION_CONTEXT(2) 
PARAMETRIC_REPRESENTATION_CONTEXT() REPRESENTATION_CONTEXT('2D SPACE',''
  ) );
#890 = PCURVE('',#320,#891);
#891 = DEFINITIONAL_REPRESENTATION('',(#892),#896);
#892 = LINE('',#893,#894);
#893 = CARTESIAN_POINT('',(-5.980520033225,0.));
#894 = VECTOR('',#895,1.);
#895 = DIRECTION('',(-0.,1.));
#896 = ( GEOMETRIC_REPRESENTATION_CONTEXT(2) 
PARAMETRIC_REPRESENTATION_CONTEXT() REPRESENTATION_CONTEXT('2D SPACE',''
  ) );
#897 = ADVANCED_FACE('',(#898),#286,.F.);
#898 = FACE_BOUND('',#899,.T.);
#899 = EDGE_LOOP('',(#900,#923,#924,#925));
#900 = ORIENTED_EDGE('',*,*,#901,.F.);
#901 = EDGE_CURVE('',#738,#902,#904,.T.);
#902 = VERTEX_POINT('',#903);
#903 = CARTESIAN_POINT('',(-16.65883668151,-0.5,10.024807680927));
#904 = SURFACE_CURVE('',#905,(#909,#916),.PCURVE_S1.);
#905 = LINE('',#906,#907);
#906 = CARTESIAN_POINT('',(-30.8,-0.5,10.024807680927));
#907 = VECTOR('',#908,1.);
#908 = DIRECTION('',(-1.,-0.,-0.));
#909 = PCURVE('',#286,#910);
#910 = DEFINITIONAL_REPRESENTATION('',(#911),#915);
#911 = LINE('',#912,#913);
#912 = CARTESIAN_POINT('',(-1.86932852798,0.));
#913 = VECTOR('',#914,1.);
#914 = DIRECTION('',(-0.,1.));
#915 = ( GEOMETRIC_REPRESENTATION_CONTEXT(2) 
PARAMETRIC_REPRESENTATION_CONTEXT() REPRESENTATION_CONTEXT('2D SPACE',''
  ) );
#916 = PCURVE('',#781,#917);
#917 = DEFINITIONAL_REPRESENTATION('',(#918),#922);
#918 = LINE('',#919,#920);
#919 = CARTESIAN_POINT('',(11.024807680927,32.));
#920 = VECTOR('',#921,1.);
#921 = DIRECTION('',(0.,-1.));
#922 = ( GEOMETRIC_REPRESENTATION_CONTEXT(2) 
PARAMETRIC_REPRESENTATION_CONTEXT() REPRESENTATION_CONTEXT('2D SPACE',''
  ) );
#923 = ORIENTED_EDGE('',*,*,#737,.F.);
#924 = ORIENTED_EDGE('',*,*,#272,.T.);
#925 = ORIENTED_EDGE('',*,*,#926,.F.);
#926 = EDGE_CURVE('',#902,#245,#927,.T.);
#927 = SURFACE_CURVE('',#928,(#961,#997),.PCURVE_S1.);
#928 = B_SPLINE_CURVE_WITH_KNOTS('',6,(#929,#930,#931,#932,#933,#934,
    #935,#936,#937,#938,#939,#940,#941,#942,#943,#944,#945,#946,#947,
    #948,#949,#950,#951,#952,#953,#954,#955,#956,#957,#958,#959,#960),
  .UNSPECIFIED.,.F.,.F.,(7,5,5,5,5,5,7),(0.,0.138975100054,
    0.299862634077,0.499999952509,0.700170638024,0.861055032005,1.),
  .UNSPECIFIED.);
#929 = CARTESIAN_POINT('',(-16.65883668151,-0.5,10.024807680927));
#930 = CARTESIAN_POINT('',(-16.66278866697,-0.611771343689,
    9.990412427569));
#931 = CARTESIAN_POINT('',(-16.66762516507,-0.718534565527,
    9.947457897138));
#932 = CARTESIAN_POINT('',(-16.67314367656,-0.81958716582,9.896895719475
    ));
#933 = CARTESIAN_POINT('',(-16.67911764836,-0.914376722818,
    9.839724178301));
#934 = CARTESIAN_POINT('',(-16.68532247836,-1.002504115528,
    9.776989117016));
#935 = CARTESIAN_POINT('',(-16.69878428204,-1.177755884142,
    9.631984363127));
#936 = CARTESIAN_POINT('',(-16.70606931814,-1.262745115521,
    9.548017663401));
#937 = CARTESIAN_POINT('',(-16.71315040169,-1.338770060302,
    9.459093772825));
#938 = CARTESIAN_POINT('',(-16.71981734369,-1.405988819349,
    9.366202432591));
#939 = CARTESIAN_POINT('',(-16.72591007722,-1.464595463578,
    9.270160992899));
#940 = CARTESIAN_POINT('',(-16.73803342861,-1.577192915761,
    9.049131847768));
#941 = CARTESIAN_POINT('',(-16.743689553,-1.626602567882,8.922734648299)
  );
#942 = CARTESIAN_POINT('',(-16.74805906451,-1.663374709271,
    8.793709170941));
#943 = CARTESIAN_POINT('',(-16.75101360014,-1.687789329418,8.66302816941
    ));
#944 = CARTESIAN_POINT('',(-16.75249132408,-1.7,8.531523278967));
#945 = CARTESIAN_POINT('',(-16.75249132408,-1.7,8.268454793348));
#946 = CARTESIAN_POINT('',(-16.75101310734,-1.687785257479,
    8.136927990949));
#947 = CARTESIAN_POINT('',(-16.74805758709,-1.663362500394,
    8.006225486491));
#948 = CARTESIAN_POINT('',(-16.74368663965,-1.626578050555,
    7.877179330414));
#949 = CARTESIAN_POINT('',(-16.73802871432,-1.577151733117,
    7.750762810397));
#950 = CARTESIAN_POINT('',(-16.7259027478,-1.464525296823,7.529720983328
    ));
#951 = CARTESIAN_POINT('',(-16.71980952789,-1.405911071411,
    7.433684478106));
#952 = CARTESIAN_POINT('',(-16.71314223991,-1.338684890422,
    7.340798565015));
#953 = CARTESIAN_POINT('',(-16.70606097358,-1.262652718681,
    7.251880672839));
#954 = CARTESIAN_POINT('',(-16.69877593963,-1.177656522617,
    7.167920616939));
#955 = CARTESIAN_POINT('',(-16.68531574578,-1.00240847498,7.022942823542
    ));
#956 = CARTESIAN_POINT('',(-16.67911246568,-0.91429447686,6.960226220714
    ));
#957 = CARTESIAN_POINT('',(-16.67314008285,-0.819521372878,
    6.903071349676));
#958 = CARTESIAN_POINT('',(-16.66762306122,-0.718488152509,
    6.852523418589));
#959 = CARTESIAN_POINT('',(-16.66278780574,-0.611746985944,
    6.809580076854));
#960 = CARTESIAN_POINT('',(-16.65883668151,-0.5,6.775192319073));
#961 = PCURVE('',#286,#962);
#962 = DEFINITIONAL_REPRESENTATION('',(#963),#996);
#963 = B_SPLINE_CURVE_WITH_KNOTS('',6,(#964,#965,#966,#967,#968,#969,
    #970,#971,#972,#973,#974,#975,#976,#977,#978,#979,#980,#981,#982,
    #983,#984,#985,#986,#987,#988,#989,#990,#991,#992,#993,#994,#995),
  .UNSPECIFIED.,.F.,.F.,(7,5,5,5,5,5,7),(0.,0.138975100054,
    0.299862634077,0.499999952509,0.700170638024,0.861055032005,1.),
  .UNSPECIFIED.);
#964 = CARTESIAN_POINT('',(-1.86932852798,-14.14116331848));
#965 = CARTESIAN_POINT('',(-1.938119034697,-14.13721133302));
#966 = CARTESIAN_POINT('',(-2.005575066969,-14.13237483492));
#967 = CARTESIAN_POINT('',(-2.071721352702,-14.12685632343));
#968 = CARTESIAN_POINT('',(-2.136550107875,-14.12088235163));
#969 = CARTESIAN_POINT('',(-2.200015416348,-14.11467752163));
#970 = CARTESIAN_POINT('',(-2.333817368135,-14.10121571795));
#971 = CARTESIAN_POINT('',(-2.403823017153,-14.09393068185));
#972 = CARTESIAN_POINT('',(-2.472288376162,-14.0868495983));
#973 = CARTESIAN_POINT('',(-2.539421070202,-14.0801826563));
#974 = CARTESIAN_POINT('',(-2.605408640432,-14.07408992277));
#975 = CARTESIAN_POINT('',(-2.751324278518,-14.06196657138));
#976 = CARTESIAN_POINT('',(-2.830767534025,-14.05631044699));
#977 = CARTESIAN_POINT('',(-2.9091659571,-14.05194093548));
#978 = CARTESIAN_POINT('',(-2.986870070956,-14.04898639985));
#979 = CARTESIAN_POINT('',(-3.064226018903,-14.04750867591));
#980 = CARTESIAN_POINT('',(-3.218972186914,-14.04750867591));
#981 = CARTESIAN_POINT('',(-3.296341024406,-14.04898689265));
#982 = CARTESIAN_POINT('',(-3.374058203279,-14.0519424129));
#983 = CARTESIAN_POINT('',(-3.452470041759,-14.05631336034));
#984 = CARTESIAN_POINT('',(-3.531927238804,-14.06197128567));
#985 = CARTESIAN_POINT('',(-3.677857263589,-14.07409725219));
#986 = CARTESIAN_POINT('',(-3.743844682387,-14.0801904721));
#987 = CARTESIAN_POINT('',(-3.81097735068,-14.08685776008));
#988 = CARTESIAN_POINT('',(-3.879442788379,-14.09393902641));
#989 = CARTESIAN_POINT('',(-3.94944860243,-14.10122406036));
#990 = CARTESIAN_POINT('',(-4.083238758293,-14.11468425421));
#991 = CARTESIAN_POINT('',(-4.146691448187,-14.12088753431));
#992 = CARTESIAN_POINT('',(-4.211507023918,-14.12685991714));
#993 = CARTESIAN_POINT('',(-4.277639567424,-14.13237693877));
#994 = CARTESIAN_POINT('',(-4.345081263638,-14.13721219425));
#995 = CARTESIAN_POINT('',(-4.4138567792,-14.14116331848));
#996 = ( GEOMETRIC_REPRESENTATION_CONTEXT(2) 
PARAMETRIC_REPRESENTATION_CONTEXT() REPRESENTATION_CONTEXT('2D SPACE',''
  ) );
#997 = PCURVE('',#260,#998);
#998 = DEFINITIONAL_REPRESENTATION('',(#999),#1032);
#999 = B_SPLINE_CURVE_WITH_KNOTS('',6,(#1000,#1001,#1002,#1003,#1004,
    #1005,#1006,#1007,#1008,#1009,#1010,#1011,#1012,#1013,#1014,#1015,
    #1016,#1017,#1018,#1019,#1020,#1021,#1022,#1023,#1024,#1025,#1026,
    #1027,#1028,#1029,#1030,#1031),.UNSPECIFIED.,.F.,.F.,(7,5,5,5,5,5,7)
  ,(0.,0.138975100054,0.299862634077,0.499999952509,0.700170638024,
    0.861055032005,1.),.UNSPECIFIED.);
#1000 = CARTESIAN_POINT('',(-6.247842260578,-11.02480768092));
#1001 = CARTESIAN_POINT('',(-6.239938289654,-10.99041242756));
#1002 = CARTESIAN_POINT('',(-6.232385823879,-10.94745789713));
#1003 = CARTESIAN_POINT('',(-6.225234075276,-10.89689571947));
#1004 = CARTESIAN_POINT('',(-6.218522175205,-10.8397241783));
#1005 = CARTESIAN_POINT('',(-6.212278795709,-10.77698911701));
#1006 = CARTESIAN_POINT('',(-6.199857026364,-10.63198436312));
#1007 = CARTESIAN_POINT('',(-6.193828928198,-10.5480176634));
#1008 = CARTESIAN_POINT('',(-6.188433069159,-10.45909377282));
#1009 = CARTESIAN_POINT('',(-6.18365939797,-10.36620243259));
#1010 = CARTESIAN_POINT('',(-6.179495294748,-10.27016099289));
#1011 = CARTESIAN_POINT('',(-6.171491886177,-10.04913184776));
#1012 = CARTESIAN_POINT('',(-6.167977312367,-9.922734648299));
#1013 = CARTESIAN_POINT('',(-6.165360295155,-9.793709170941));
#1014 = CARTESIAN_POINT('',(-6.163622293398,-9.66302816941));
#1015 = CARTESIAN_POINT('',(-6.162753052011,-9.531523278967));
#1016 = CARTESIAN_POINT('',(-6.162753052011,-9.268454793348));
#1017 = CARTESIAN_POINT('',(-6.163622583268,-9.136927990949));
#1018 = CARTESIAN_POINT('',(-6.165361164267,-9.006225486491));
#1019 = CARTESIAN_POINT('',(-6.167979057229,-8.877179330414));
#1020 = CARTESIAN_POINT('',(-6.171494815552,-8.750762810397));
#1021 = CARTESIAN_POINT('',(-6.179500280484,-8.529720983328));
#1022 = CARTESIAN_POINT('',(-6.183664920148,-8.433684478106));
#1023 = CARTESIAN_POINT('',(-6.188439115673,-8.340798565015));
#1024 = CARTESIAN_POINT('',(-6.193835484397,-8.251880672839));
#1025 = CARTESIAN_POINT('',(-6.199864072909,-8.167920616939));
#1026 = CARTESIAN_POINT('',(-6.212285571346,-8.022942823542));
#1027 = CARTESIAN_POINT('',(-6.218527998915,-7.960226220714));
#1028 = CARTESIAN_POINT('',(-6.225238731614,-7.903071349676));
#1029 = CARTESIAN_POINT('',(-6.232389107152,-7.852523418589));
#1030 = CARTESIAN_POINT('',(-6.239940012126,-7.809580076854));
#1031 = CARTESIAN_POINT('',(-6.247842260578,-7.775192319073));
#1032 = ( GEOMETRIC_REPRESENTATION_CONTEXT(2) 
PARAMETRIC_REPRESENTATION_CONTEXT() REPRESENTATION_CONTEXT('2D SPACE',''
  ) );
#1033 = ADVANCED_FACE('',(#1034),#260,.F.);
#1034 = FACE_BOUND('',#1035,.T.);
#1035 = EDGE_LOOP('',(#1036,#1064,#1087,#1197,#1218,#1219,#1220,#1221));
#1036 = ORIENTED_EDGE('',*,*,#1037,.F.);
#1037 = EDGE_CURVE('',#1038,#629,#1040,.T.);
#1038 = VERTEX_POINT('',#1039);
#1039 = CARTESIAN_POINT('',(-16.65883668151,-0.5,24.));
#1040 = SURFACE_CURVE('',#1041,(#1046,#1053),.PCURVE_S1.);
#1041 = CIRCLE('',#1042,14.15);
#1042 = AXIS2_PLACEMENT_3D('',#1043,#1044,#1045);
#1043 = CARTESIAN_POINT('',(-30.8,0.,24.));
#1044 = DIRECTION('',(0.,0.,-1.));
#1045 = DIRECTION('',(1.,0.,0.));
#1046 = PCURVE('',#260,#1047);
#1047 = DEFINITIONAL_REPRESENTATION('',(#1048),#1052);
#1048 = LINE('',#1049,#1050);
#1049 = CARTESIAN_POINT('',(-6.28318530718,-25.));
#1050 = VECTOR('',#1051,1.);
#1051 = DIRECTION('',(1.,-0.));
#1052 = ( GEOMETRIC_REPRESENTATION_CONTEXT(2) 
PARAMETRIC_REPRESENTATION_CONTEXT() REPRESENTATION_CONTEXT('2D SPACE',''
  ) );
#1053 = PCURVE('',#644,#1054);
#1054 = DEFINITIONAL_REPRESENTATION('',(#1055),#1063);
#1055 = ( BOUNDED_CURVE() B_SPLINE_CURVE(2,(#1056,#1057,#1058,#1059,
#1060,#1061,#1062),.UNSPECIFIED.,.T.,.F.) B_SPLINE_CURVE_WITH_KNOTS((1,2
    ,2,2,2,1),(-2.094395102393,0.,2.094395102393,4.188790204786,
6.28318530718,8.377580409573),.UNSPECIFIED.) CURVE() 
GEOMETRIC_REPRESENTATION_ITEM() RATIONAL_B_SPLINE_CURVE((1.,0.5,1.,0.5,
1.,0.5,1.)) REPRESENTATION_ITEM('') );
#1056 = CARTESIAN_POINT('',(14.15,-1.371473012632E-15));
#1057 = CARTESIAN_POINT('',(14.15,-24.5085189271));
#1058 = CARTESIAN_POINT('',(-7.075,-12.25425946355));
#1059 = CARTESIAN_POINT('',(-28.3,-4.837223454219E-15));
#1060 = CARTESIAN_POINT('',(-7.075,12.25425946355));
#1061 = CARTESIAN_POINT('',(14.15,24.5085189271));
#1062 = CARTESIAN_POINT('',(14.15,-1.371473012632E-15));
#1063 = ( GEOMETRIC_REPRESENTATION_CONTEXT(2) 
PARAMETRIC_REPRESENTATION_CONTEXT() REPRESENTATION_CONTEXT('2D SPACE',''
  ) );
#1064 = ORIENTED_EDGE('',*,*,#1065,.T.);
#1065 = EDGE_CURVE('',#1038,#1066,#1068,.T.);
#1066 = VERTEX_POINT('',#1067);
#1067 = CARTESIAN_POINT('',(-16.65883668151,-0.5,18.424807680927));
#1068 = SURFACE_CURVE('',#1069,(#1073,#1080),.PCURVE_S1.);
#1069 = LINE('',#1070,#1071);
#1070 = CARTESIAN_POINT('',(-16.65883668151,-0.5,-1.));
#1071 = VECTOR('',#1072,1.);
#1072 = DIRECTION('',(-0.,-0.,-1.));
#1073 = PCURVE('',#260,#1074);
#1074 = DEFINITIONAL_REPRESENTATION('',(#1075),#1079);
#1075 = LINE('',#1076,#1077);
#1076 = CARTESIAN_POINT('',(-6.247842260578,0.));
#1077 = VECTOR('',#1078,1.);
#1078 = DIRECTION('',(-0.,1.));
#1079 = ( GEOMETRIC_REPRESENTATION_CONTEXT(2) 
PARAMETRIC_REPRESENTATION_CONTEXT() REPRESENTATION_CONTEXT('2D SPACE',''
  ) );
#1080 = PCURVE('',#842,#1081);
#1081 = DEFINITIONAL_REPRESENTATION('',(#1082),#1086);
#1082 = LINE('',#1083,#1084);
#1083 = CARTESIAN_POINT('',(0.,46.141163318483));
#1084 = VECTOR('',#1085,1.);
#1085 = DIRECTION('',(-1.,0.));
#1086 = ( GEOMETRIC_REPRESENTATION_CONTEXT(2) 
PARAMETRIC_REPRESENTATION_CONTEXT() REPRESENTATION_CONTEXT('2D SPACE',''
  ) );
#1087 = ORIENTED_EDGE('',*,*,#1088,.T.);
#1088 = EDGE_CURVE('',#1066,#1089,#1091,.T.);
#1089 = VERTEX_POINT('',#1090);
#1090 = CARTESIAN_POINT('',(-16.65883668151,-0.5,15.175192319073));
#1091 = SURFACE_CURVE('',#1092,(#1125,#1161),.PCURVE_S1.);
#1092 = B_SPLINE_CURVE_WITH_KNOTS('',6,(#1093,#1094,#1095,#1096,#1097,
    #1098,#1099,#1100,#1101,#1102,#1103,#1104,#1105,#1106,#1107,#1108,
    #1109,#1110,#1111,#1112,#1113,#1114,#1115,#1116,#1117,#1118,#1119,
    #1120,#1121,#1122,#1123,#1124),.UNSPECIFIED.,.F.,.F.,(7,5,5,5,5,5,7)
  ,(0.,0.138975098341,0.299862630376,0.499999946334,0.700170629374,
    0.861055033955,1.),.UNSPECIFIED.);
#1093 = CARTESIAN_POINT('',(-16.65883668151,-0.5,18.424807680927));
#1094 = CARTESIAN_POINT('',(-16.66278866697,-0.611771343685,
    18.39041242757));
#1095 = CARTESIAN_POINT('',(-16.66762516507,-0.718534565529,
    18.347457897139));
#1096 = CARTESIAN_POINT('',(-16.67314367656,-0.819587165823,
    18.296895719473));
#1097 = CARTESIAN_POINT('',(-16.67911764836,-0.914376722818,
    18.2397241783));
#1098 = CARTESIAN_POINT('',(-16.68532247836,-1.002504115525,
    18.176989117018));
#1099 = CARTESIAN_POINT('',(-16.69878428204,-1.177755884142,
    18.031984363127));
#1100 = CARTESIAN_POINT('',(-16.70606931814,-1.262745115521,
    17.948017663401));
#1101 = CARTESIAN_POINT('',(-16.71315040169,-1.338770060302,
    17.859093772825));
#1102 = CARTESIAN_POINT('',(-16.71981734369,-1.405988819349,
    17.766202432591));
#1103 = CARTESIAN_POINT('',(-16.72591007722,-1.464595463578,
    17.670160992899));
#1104 = CARTESIAN_POINT('',(-16.73803342861,-1.577192915761,
    17.449131847768));
#1105 = CARTESIAN_POINT('',(-16.743689553,-1.626602567882,
    17.322734648299));
#1106 = CARTESIAN_POINT('',(-16.74805906451,-1.663374709271,
    17.193709170941));
#1107 = CARTESIAN_POINT('',(-16.75101360014,-1.687789329418,
    17.06302816941));
#1108 = CARTESIAN_POINT('',(-16.75249132408,-1.7,16.931523278967));
#1109 = CARTESIAN_POINT('',(-16.75249132408,-1.7,16.668454793348));
#1110 = CARTESIAN_POINT('',(-16.75101310734,-1.687785257479,
    16.536927990949));
#1111 = CARTESIAN_POINT('',(-16.74805758709,-1.663362500394,
    16.406225486491));
#1112 = CARTESIAN_POINT('',(-16.74368663965,-1.626578050555,
    16.277179330414));
#1113 = CARTESIAN_POINT('',(-16.73802871432,-1.577151733117,
    16.150762810397));
#1114 = CARTESIAN_POINT('',(-16.72590274738,-1.464525292896,
    15.929720975621));
#1115 = CARTESIAN_POINT('',(-16.71980952869,-1.405911080256,
    15.833684489532));
#1116 = CARTESIAN_POINT('',(-16.71314223984,-1.338684888739,
    15.740798565691));
#1117 = CARTESIAN_POINT('',(-16.70606097275,-1.262652709038,
    15.651880661727));
#1118 = CARTESIAN_POINT('',(-16.69877594021,-1.177656530157,
    15.567920623176));
#1119 = CARTESIAN_POINT('',(-16.68531574578,-1.002408474959,
    15.422942823525));
#1120 = CARTESIAN_POINT('',(-16.67911246568,-0.914294476863,
    15.360226220722));
#1121 = CARTESIAN_POINT('',(-16.67314008285,-0.819521372902,
    15.303071349689));
#1122 = CARTESIAN_POINT('',(-16.66762306122,-0.718488152519,
    15.252523418588));
#1123 = CARTESIAN_POINT('',(-16.66278780574,-0.611746985915,
    15.209580076845));
#1124 = CARTESIAN_POINT('',(-16.65883668151,-0.5,15.175192319073));
#1125 = PCURVE('',#260,#1126);
#1126 = DEFINITIONAL_REPRESENTATION('',(#1127),#1160);
#1127 = B_SPLINE_CURVE_WITH_KNOTS('',6,(#1128,#1129,#1130,#1131,#1132,
    #1133,#1134,#1135,#1136,#1137,#1138,#1139,#1140,#1141,#1142,#1143,
    #1144,#1145,#1146,#1147,#1148,#1149,#1150,#1151,#1152,#1153,#1154,
    #1155,#1156,#1157,#1158,#1159),.UNSPECIFIED.,.F.,.F.,(7,5,5,5,5,5,7)
  ,(0.,0.138975098341,0.299862630376,0.499999946334,0.700170629374,
    0.861055033955,1.),.UNSPECIFIED.);
#1128 = CARTESIAN_POINT('',(-6.247842260578,-19.42480768092));
#1129 = CARTESIAN_POINT('',(-6.239938289655,-19.39041242757));
#1130 = CARTESIAN_POINT('',(-6.232385823879,-19.34745789713));
#1131 = CARTESIAN_POINT('',(-6.225234075275,-19.29689571947));
#1132 = CARTESIAN_POINT('',(-6.218522175205,-19.2397241783));
#1133 = CARTESIAN_POINT('',(-6.212278795709,-19.17698911701));
#1134 = CARTESIAN_POINT('',(-6.199857026364,-19.03198436312));
#1135 = CARTESIAN_POINT('',(-6.193828928198,-18.9480176634));
#1136 = CARTESIAN_POINT('',(-6.188433069159,-18.85909377282));
#1137 = CARTESIAN_POINT('',(-6.18365939797,-18.76620243259));
#1138 = CARTESIAN_POINT('',(-6.179495294748,-18.67016099289));
#1139 = CARTESIAN_POINT('',(-6.171491886177,-18.44913184776));
#1140 = CARTESIAN_POINT('',(-6.167977312367,-18.32273464829));
#1141 = CARTESIAN_POINT('',(-6.165360295155,-18.19370917094));
#1142 = CARTESIAN_POINT('',(-6.163622293398,-18.06302816941));
#1143 = CARTESIAN_POINT('',(-6.162753052011,-17.93152327896));
#1144 = CARTESIAN_POINT('',(-6.162753052011,-17.66845479334));
#1145 = CARTESIAN_POINT('',(-6.163622583268,-17.53692799094));
#1146 = CARTESIAN_POINT('',(-6.165361164267,-17.40622548649));
#1147 = CARTESIAN_POINT('',(-6.167979057229,-17.27717933041));
#1148 = CARTESIAN_POINT('',(-6.171494815552,-17.15076281039));
#1149 = CARTESIAN_POINT('',(-6.179500280763,-16.92972097562));
#1150 = CARTESIAN_POINT('',(-6.183664919521,-16.83368448953));
#1151 = CARTESIAN_POINT('',(-6.188439115792,-16.74079856569));
#1152 = CARTESIAN_POINT('',(-6.193835485082,-16.65188066172));
#1153 = CARTESIAN_POINT('',(-6.199864072374,-16.56792062317));
#1154 = CARTESIAN_POINT('',(-6.212285571348,-16.42294282352));
#1155 = CARTESIAN_POINT('',(-6.218527998914,-16.36022622072));
#1156 = CARTESIAN_POINT('',(-6.225238731612,-16.30307134968));
#1157 = CARTESIAN_POINT('',(-6.232389107151,-16.25252341858));
#1158 = CARTESIAN_POINT('',(-6.239940012128,-16.20958007684));
#1159 = CARTESIAN_POINT('',(-6.247842260578,-16.17519231907));
#1160 = ( GEOMETRIC_REPRESENTATION_CONTEXT(2) 
PARAMETRIC_REPRESENTATION_CONTEXT() REPRESENTATION_CONTEXT('2D SPACE',''
  ) );
#1161 = PCURVE('',#814,#1162);
#1162 = DEFINITIONAL_REPRESENTATION('',(#1163),#1196);
#1163 = B_SPLINE_CURVE_WITH_KNOTS('',6,(#1164,#1165,#1166,#1167,#1168,
    #1169,#1170,#1171,#1172,#1173,#1174,#1175,#1176,#1177,#1178,#1179,
    #1180,#1181,#1182,#1183,#1184,#1185,#1186,#1187,#1188,#1189,#1190,
    #1191,#1192,#1193,#1194,#1195),.UNSPECIFIED.,.F.,.F.,(7,5,5,5,5,5,7)
  ,(0.,0.138975098341,0.299862630376,0.499999946334,0.700170629374,
    0.861055033955,1.),.UNSPECIFIED.);
#1164 = CARTESIAN_POINT('',(-1.86932852798,-14.14116331848));
#1165 = CARTESIAN_POINT('',(-1.938119034695,-14.13721133302));
#1166 = CARTESIAN_POINT('',(-2.005575066969,-14.13237483492));
#1167 = CARTESIAN_POINT('',(-2.071721352704,-14.12685632343));
#1168 = CARTESIAN_POINT('',(-2.136550107876,-14.12088235163));
#1169 = CARTESIAN_POINT('',(-2.200015416346,-14.11467752163));
#1170 = CARTESIAN_POINT('',(-2.333817368135,-14.10121571795));
#1171 = CARTESIAN_POINT('',(-2.403823017153,-14.09393068185));
#1172 = CARTESIAN_POINT('',(-2.472288376162,-14.0868495983));
#1173 = CARTESIAN_POINT('',(-2.539421070202,-14.0801826563));
#1174 = CARTESIAN_POINT('',(-2.605408640432,-14.07408992277));
#1175 = CARTESIAN_POINT('',(-2.751324278518,-14.06196657138));
#1176 = CARTESIAN_POINT('',(-2.830767534025,-14.05631044699));
#1177 = CARTESIAN_POINT('',(-2.9091659571,-14.05194093548));
#1178 = CARTESIAN_POINT('',(-2.986870070956,-14.04898639985));
#1179 = CARTESIAN_POINT('',(-3.064226018903,-14.04750867591));
#1180 = CARTESIAN_POINT('',(-3.218972186914,-14.04750867591));
#1181 = CARTESIAN_POINT('',(-3.296341024406,-14.04898689265));
#1182 = CARTESIAN_POINT('',(-3.374058203279,-14.0519424129));
#1183 = CARTESIAN_POINT('',(-3.452470041759,-14.05631336034));
#1184 = CARTESIAN_POINT('',(-3.531927238804,-14.06197128567));
#1185 = CARTESIAN_POINT('',(-3.677857268677,-14.07409725261));
#1186 = CARTESIAN_POINT('',(-3.743844673737,-14.0801904713));
#1187 = CARTESIAN_POINT('',(-3.810977350995,-14.08685776015));
#1188 = CARTESIAN_POINT('',(-3.879442797181,-14.09393902724));
#1189 = CARTESIAN_POINT('',(-3.949448596674,-14.10122405978));
#1190 = CARTESIAN_POINT('',(-4.083238758309,-14.11468425422));
#1191 = CARTESIAN_POINT('',(-4.146691448183,-14.12088753431));
#1192 = CARTESIAN_POINT('',(-4.211507023902,-14.12685991714));
#1193 = CARTESIAN_POINT('',(-4.277639567419,-14.13237693877));
#1194 = CARTESIAN_POINT('',(-4.345081263656,-14.13721219425));
#1195 = CARTESIAN_POINT('',(-4.4138567792,-14.14116331848));
#1196 = ( GEOMETRIC_REPRESENTATION_CONTEXT(2) 
PARAMETRIC_REPRESENTATION_CONTEXT() REPRESENTATION_CONTEXT('2D SPACE',''
  ) );
#1197 = ORIENTED_EDGE('',*,*,#1198,.T.);
#1198 = EDGE_CURVE('',#1089,#902,#1199,.T.);
#1199 = SURFACE_CURVE('',#1200,(#1204,#1211),.PCURVE_S1.);
#1200 = LINE('',#1201,#1202);
#1201 = CARTESIAN_POINT('',(-16.65883668151,-0.5,-1.));
#1202 = VECTOR('',#1203,1.);
#1203 = DIRECTION('',(-0.,-0.,-1.));
#1204 = PCURVE('',#260,#1205);
#1205 = DEFINITIONAL_REPRESENTATION('',(#1206),#1210);
#1206 = LINE('',#1207,#1208);
#1207 = CARTESIAN_POINT('',(-6.247842260578,0.));
#1208 = VECTOR('',#1209,1.);
#1209 = DIRECTION('',(-0.,1.));
#1210 = ( GEOMETRIC_REPRESENTATION_CONTEXT(2) 
PARAMETRIC_REPRESENTATION_CONTEXT() REPRESENTATION_CONTEXT('2D SPACE',''
  ) );
#1211 = PCURVE('',#781,#1212);
#1212 = DEFINITIONAL_REPRESENTATION('',(#1213),#1217);
#1213 = LINE('',#1214,#1215);
#1214 = CARTESIAN_POINT('',(0.,46.141163318483));
#1215 = VECTOR('',#1216,1.);
#1216 = DIRECTION('',(-1.,0.));
#1217 = ( GEOMETRIC_REPRESENTATION_CONTEXT(2) 
PARAMETRIC_REPRESENTATION_CONTEXT() REPRESENTATION_CONTEXT('2D SPACE',''
  ) );
#1218 = ORIENTED_EDGE('',*,*,#926,.T.);
#1219 = ORIENTED_EDGE('',*,*,#244,.T.);
#1220 = ORIENTED_EDGE('',*,*,#705,.T.);
#1221 = ORIENTED_EDGE('',*,*,#656,.F.);
#1222 = ADVANCED_FACE('',(#1223),#320,.T.);
#1223 = FACE_BOUND('',#1224,.F.);
#1224 = EDGE_LOOP('',(#1225,#1249,#1250,#1251));
#1225 = ORIENTED_EDGE('',*,*,#1226,.T.);
#1226 = EDGE_CURVE('',#1227,#855,#1229,.T.);
#1227 = VERTEX_POINT('',#1228);
#1228 = CARTESIAN_POINT('',(-52.43330765278,-4.,21.));
#1229 = SURFACE_CURVE('',#1230,(#1235,#1242),.PCURVE_S1.);
#1230 = CIRCLE('',#1231,22.);
#1231 = AXIS2_PLACEMENT_3D('',#1232,#1233,#1234);
#1232 = CARTESIAN_POINT('',(-30.8,0.,21.));
#1233 = DIRECTION('',(0.,0.,1.));
#1234 = DIRECTION('',(1.,0.,0.));
#1235 = PCURVE('',#320,#1236);
#1236 = DEFINITIONAL_REPRESENTATION('',(#1237),#1241);
#1237 = LINE('',#1238,#1239);
#1238 = CARTESIAN_POINT('',(-0.,-18.));
#1239 = VECTOR('',#1240,1.);
#1240 = DIRECTION('',(-1.,0.));
#1241 = ( GEOMETRIC_REPRESENTATION_CONTEXT(2) 
PARAMETRIC_REPRESENTATION_CONTEXT() REPRESENTATION_CONTEXT('2D SPACE',''
  ) );
#1242 = PCURVE('',#588,#1243);
#1243 = DEFINITIONAL_REPRESENTATION('',(#1244),#1248);
#1244 = CIRCLE('',#1245,22.);
#1245 = AXIS2_PLACEMENT_2D('',#1246,#1247);
#1246 = CARTESIAN_POINT('',(3.552713678801E-15,-9.64275951994E-17));
#1247 = DIRECTION('',(1.,0.));
#1248 = ( GEOMETRIC_REPRESENTATION_CONTEXT(2) 
PARAMETRIC_REPRESENTATION_CONTEXT() REPRESENTATION_CONTEXT('2D SPACE',''
  ) );
#1249 = ORIENTED_EDGE('',*,*,#877,.T.);
#1250 = ORIENTED_EDGE('',*,*,#301,.F.);
#1251 = ORIENTED_EDGE('',*,*,#1252,.F.);
#1252 = EDGE_CURVE('',#1227,#302,#1253,.T.);
#1253 = SURFACE_CURVE('',#1254,(#1258,#1265),.PCURVE_S1.);
#1254 = LINE('',#1255,#1256);
#1255 = CARTESIAN_POINT('',(-52.43330765278,-4.,3.));
#1256 = VECTOR('',#1257,1.);
#1257 = DIRECTION('',(-0.,-0.,-1.));
#1258 = PCURVE('',#320,#1259);
#1259 = DEFINITIONAL_REPRESENTATION('',(#1260),#1264);
#1260 = LINE('',#1261,#1262);
#1261 = CARTESIAN_POINT('',(-3.324427790583,0.));
#1262 = VECTOR('',#1263,1.);
#1263 = DIRECTION('',(-0.,1.));
#1264 = ( GEOMETRIC_REPRESENTATION_CONTEXT(2) 
PARAMETRIC_REPRESENTATION_CONTEXT() REPRESENTATION_CONTEXT('2D SPACE',''
  ) );
#1265 = PCURVE('',#420,#1266);
#1266 = DEFINITIONAL_REPRESENTATION('',(#1267),#1271);
#1267 = LINE('',#1268,#1269);
#1268 = CARTESIAN_POINT('',(3.,8.366692347216));
#1269 = VECTOR('',#1270,1.);
#1270 = DIRECTION('',(-1.,0.));
#1271 = ( GEOMETRIC_REPRESENTATION_CONTEXT(2) 
PARAMETRIC_REPRESENTATION_CONTEXT() REPRESENTATION_CONTEXT('2D SPACE',''
  ) );
#1272 = ADVANCED_FACE('',(#1273),#420,.F.);
#1273 = FACE_BOUND('',#1274,.F.);
#1274 = EDGE_LOOP('',(#1275,#1298,#1321,#1344,#1367,#1390,#1411,#1412));
#1275 = ORIENTED_EDGE('',*,*,#1276,.F.);
#1276 = EDGE_CURVE('',#1277,#379,#1279,.T.);
#1277 = VERTEX_POINT('',#1278);
#1278 = CARTESIAN_POINT('',(-51.8,-4.,0.));
#1279 = SURFACE_CURVE('',#1280,(#1284,#1291),.PCURVE_S1.);
#1280 = LINE('',#1281,#1282);
#1281 = CARTESIAN_POINT('',(-51.8,-4.,0.));
#1282 = VECTOR('',#1283,1.);
#1283 = DIRECTION('',(0.,0.,1.));
#1284 = PCURVE('',#420,#1285);
#1285 = DEFINITIONAL_REPRESENTATION('',(#1286),#1290);
#1286 = LINE('',#1287,#1288);
#1287 = CARTESIAN_POINT('',(0.,9.));
#1288 = VECTOR('',#1289,1.);
#1289 = DIRECTION('',(1.,0.));
#1290 = ( GEOMETRIC_REPRESENTATION_CONTEXT(2) 
PARAMETRIC_REPRESENTATION_CONTEXT() REPRESENTATION_CONTEXT('2D SPACE',''
  ) );
#1291 = PCURVE('',#394,#1292);
#1292 = DEFINITIONAL_REPRESENTATION('',(#1293),#1297);
#1293 = LINE('',#1294,#1295);
#1294 = CARTESIAN_POINT('',(0.,0.));
#1295 = VECTOR('',#1296,1.);
#1296 = DIRECTION('',(1.,0.));
#1297 = ( GEOMETRIC_REPRESENTATION_CONTEXT(2) 
PARAMETRIC_REPRESENTATION_CONTEXT() REPRESENTATION_CONTEXT('2D SPACE',''
  ) );
#1298 = ORIENTED_EDGE('',*,*,#1299,.F.);
#1299 = EDGE_CURVE('',#1300,#1277,#1302,.T.);
#1300 = VERTEX_POINT('',#1301);
#1301 = CARTESIAN_POINT('',(-60.8,-4.,0.));
#1302 = SURFACE_CURVE('',#1303,(#1307,#1314),.PCURVE_S1.);
#1303 = LINE('',#1304,#1305);
#1304 = CARTESIAN_POINT('',(-60.8,-4.,0.));
#1305 = VECTOR('',#1306,1.);
#1306 = DIRECTION('',(1.,0.,0.));
#1307 = PCURVE('',#420,#1308);
#1308 = DEFINITIONAL_REPRESENTATION('',(#1309),#1313);
#1309 = LINE('',#1310,#1311);
#1310 = CARTESIAN_POINT('',(0.,0.));
#1311 = VECTOR('',#1312,1.);
#1312 = DIRECTION('',(0.,1.));
#1313 = ( GEOMETRIC_REPRESENTATION_CONTEXT(2) 
PARAMETRIC_REPRESENTATION_CONTEXT() REPRESENTATION_CONTEXT('2D SPACE',''
  ) );
#1314 = PCURVE('',#476,#1315);
#1315 = DEFINITIONAL_REPRESENTATION('',(#1316),#1320);
#1316 = LINE('',#1317,#1318);
#1317 = CARTESIAN_POINT('',(0.,0.));
#1318 = VECTOR('',#1319,1.);
#1319 = DIRECTION('',(1.,0.));
#1320 = ( GEOMETRIC_REPRESENTATION_CONTEXT(2) 
PARAMETRIC_REPRESENTATION_CONTEXT() REPRESENTATION_CONTEXT('2D SPACE',''
  ) );
#1321 = ORIENTED_EDGE('',*,*,#1322,.T.);
#1322 = EDGE_CURVE('',#1300,#1323,#1325,.T.);
#1323 = VERTEX_POINT('',#1324);
#1324 = CARTESIAN_POINT('',(-60.8,-4.,24.));
#1325 = SURFACE_CURVE('',#1326,(#1330,#1337),.PCURVE_S1.);
#1326 = LINE('',#1327,#1328);
#1327 = CARTESIAN_POINT('',(-60.8,-4.,0.));
#1328 = VECTOR('',#1329,1.);
#1329 = DIRECTION('',(0.,0.,1.));
#1330 = PCURVE('',#420,#1331);
#1331 = DEFINITIONAL_REPRESENTATION('',(#1332),#1336);
#1332 = LINE('',#1333,#1334);
#1333 = CARTESIAN_POINT('',(0.,0.));
#1334 = VECTOR('',#1335,1.);
#1335 = DIRECTION('',(1.,0.));
#1336 = ( GEOMETRIC_REPRESENTATION_CONTEXT(2) 
PARAMETRIC_REPRESENTATION_CONTEXT() REPRESENTATION_CONTEXT('2D SPACE',''
  ) );
#1337 = PCURVE('',#504,#1338);
#1338 = DEFINITIONAL_REPRESENTATION('',(#1339),#1343);
#1339 = LINE('',#1340,#1341);
#1340 = CARTESIAN_POINT('',(0.,0.));
#1341 = VECTOR('',#1342,1.);
#1342 = DIRECTION('',(1.,0.));
#1343 = ( GEOMETRIC_REPRESENTATION_CONTEXT(2) 
PARAMETRIC_REPRESENTATION_CONTEXT() REPRESENTATION_CONTEXT('2D SPACE',''
  ) );
#1344 = ORIENTED_EDGE('',*,*,#1345,.T.);
#1345 = EDGE_CURVE('',#1323,#1346,#1348,.T.);
#1346 = VERTEX_POINT('',#1347);
#1347 = CARTESIAN_POINT('',(-51.8,-4.,24.));
#1348 = SURFACE_CURVE('',#1349,(#1353,#1360),.PCURVE_S1.);
#1349 = LINE('',#1350,#1351);
#1350 = CARTESIAN_POINT('',(-60.8,-4.,24.));
#1351 = VECTOR('',#1352,1.);
#1352 = DIRECTION('',(1.,0.,0.));
#1353 = PCURVE('',#420,#1354);
#1354 = DEFINITIONAL_REPRESENTATION('',(#1355),#1359);
#1355 = LINE('',#1356,#1357);
#1356 = CARTESIAN_POINT('',(24.,0.));
#1357 = VECTOR('',#1358,1.);
#1358 = DIRECTION('',(0.,1.));
#1359 = ( GEOMETRIC_REPRESENTATION_CONTEXT(2) 
PARAMETRIC_REPRESENTATION_CONTEXT() REPRESENTATION_CONTEXT('2D SPACE',''
  ) );
#1360 = PCURVE('',#532,#1361);
#1361 = DEFINITIONAL_REPRESENTATION('',(#1362),#1366);
#1362 = LINE('',#1363,#1364);
#1363 = CARTESIAN_POINT('',(0.,0.));
#1364 = VECTOR('',#1365,1.);
#1365 = DIRECTION('',(1.,0.));
#1366 = ( GEOMETRIC_REPRESENTATION_CONTEXT(2) 
PARAMETRIC_REPRESENTATION_CONTEXT() REPRESENTATION_CONTEXT('2D SPACE',''
  ) );
#1367 = ORIENTED_EDGE('',*,*,#1368,.F.);
#1368 = EDGE_CURVE('',#1369,#1346,#1371,.T.);
#1369 = VERTEX_POINT('',#1370);
#1370 = CARTESIAN_POINT('',(-51.8,-4.,21.));
#1371 = SURFACE_CURVE('',#1372,(#1376,#1383),.PCURVE_S1.);
#1372 = LINE('',#1373,#1374);
#1373 = CARTESIAN_POINT('',(-51.8,-4.,0.));
#1374 = VECTOR('',#1375,1.);
#1375 = DIRECTION('',(0.,0.,1.));
#1376 = PCURVE('',#420,#1377);
#1377 = DEFINITIONAL_REPRESENTATION('',(#1378),#1382);
#1378 = LINE('',#1379,#1380);
#1379 = CARTESIAN_POINT('',(0.,9.));
#1380 = VECTOR('',#1381,1.);
#1381 = DIRECTION('',(1.,0.));
#1382 = ( GEOMETRIC_REPRESENTATION_CONTEXT(2) 
PARAMETRIC_REPRESENTATION_CONTEXT() REPRESENTATION_CONTEXT('2D SPACE',''
  ) );
#1383 = PCURVE('',#560,#1384);
#1384 = DEFINITIONAL_REPRESENTATION('',(#1385),#1389);
#1385 = LINE('',#1386,#1387);
#1386 = CARTESIAN_POINT('',(0.,0.));
#1387 = VECTOR('',#1388,1.);
#1388 = DIRECTION('',(1.,0.));
#1389 = ( GEOMETRIC_REPRESENTATION_CONTEXT(2) 
PARAMETRIC_REPRESENTATION_CONTEXT() REPRESENTATION_CONTEXT('2D SPACE',''
  ) );
#1390 = ORIENTED_EDGE('',*,*,#1391,.T.);
#1391 = EDGE_CURVE('',#1369,#1227,#1392,.T.);
#1392 = SURFACE_CURVE('',#1393,(#1397,#1404),.PCURVE_S1.);
#1393 = LINE('',#1394,#1395);
#1394 = CARTESIAN_POINT('',(-45.8,-4.,21.));
#1395 = VECTOR('',#1396,1.);
#1396 = DIRECTION('',(-1.,0.,0.));
#1397 = PCURVE('',#420,#1398);
#1398 = DEFINITIONAL_REPRESENTATION('',(#1399),#1403);
#1399 = LINE('',#1400,#1401);
#1400 = CARTESIAN_POINT('',(21.,15.));
#1401 = VECTOR('',#1402,1.);
#1402 = DIRECTION('',(0.,-1.));
#1403 = ( GEOMETRIC_REPRESENTATION_CONTEXT(2) 
PARAMETRIC_REPRESENTATION_CONTEXT() REPRESENTATION_CONTEXT('2D SPACE',''
  ) );
#1404 = PCURVE('',#588,#1405);
#1405 = DEFINITIONAL_REPRESENTATION('',(#1406),#1410);
#1406 = LINE('',#1407,#1408);
#1407 = CARTESIAN_POINT('',(-15.,-4.));
#1408 = VECTOR('',#1409,1.);
#1409 = DIRECTION('',(-1.,0.));
#1410 = ( GEOMETRIC_REPRESENTATION_CONTEXT(2) 
PARAMETRIC_REPRESENTATION_CONTEXT() REPRESENTATION_CONTEXT('2D SPACE',''
  ) );
#1411 = ORIENTED_EDGE('',*,*,#1252,.T.);
#1412 = ORIENTED_EDGE('',*,*,#406,.F.);
#1413 = ADVANCED_FACE('',(#1414),#394,.T.);
#1414 = FACE_BOUND('',#1415,.T.);
#1415 = EDGE_LOOP('',(#1416,#1417,#1438,#1439));
#1416 = ORIENTED_EDGE('',*,*,#1276,.F.);
#1417 = ORIENTED_EDGE('',*,*,#1418,.T.);
#1418 = EDGE_CURVE('',#1277,#438,#1419,.T.);
#1419 = SURFACE_CURVE('',#1420,(#1424,#1431),.PCURVE_S1.);
#1420 = LINE('',#1421,#1422);
#1421 = CARTESIAN_POINT('',(-51.8,-4.,0.));
#1422 = VECTOR('',#1423,1.);
#1423 = DIRECTION('',(0.,1.,0.));
#1424 = PCURVE('',#394,#1425);
#1425 = DEFINITIONAL_REPRESENTATION('',(#1426),#1430);
#1426 = LINE('',#1427,#1428);
#1427 = CARTESIAN_POINT('',(0.,0.));
#1428 = VECTOR('',#1429,1.);
#1429 = DIRECTION('',(0.,-1.));
#1430 = ( GEOMETRIC_REPRESENTATION_CONTEXT(2) 
PARAMETRIC_REPRESENTATION_CONTEXT() REPRESENTATION_CONTEXT('2D SPACE',''
  ) );
#1431 = PCURVE('',#476,#1432);
#1432 = DEFINITIONAL_REPRESENTATION('',(#1433),#1437);
#1433 = LINE('',#1434,#1435);
#1434 = CARTESIAN_POINT('',(9.,0.));
#1435 = VECTOR('',#1436,1.);
#1436 = DIRECTION('',(0.,1.));
#1437 = ( GEOMETRIC_REPRESENTATION_CONTEXT(2) 
PARAMETRIC_REPRESENTATION_CONTEXT() REPRESENTATION_CONTEXT('2D SPACE',''
  ) );
#1438 = ORIENTED_EDGE('',*,*,#437,.T.);
#1439 = ORIENTED_EDGE('',*,*,#378,.F.);
#1440 = ADVANCED_FACE('',(#1441),#644,.T.);
#1441 = FACE_BOUND('',#1442,.T.);
#1442 = EDGE_LOOP('',(#1443,#1467,#1488,#1489));
#1443 = ORIENTED_EDGE('',*,*,#1444,.T.);
#1444 = EDGE_CURVE('',#601,#1445,#1447,.T.);
#1445 = VERTEX_POINT('',#1446);
#1446 = CARTESIAN_POINT('',(-10.80625097686,-0.5,24.));
#1447 = SURFACE_CURVE('',#1448,(#1453,#1460),.PCURVE_S1.);
#1448 = CIRCLE('',#1449,20.);
#1449 = AXIS2_PLACEMENT_3D('',#1450,#1451,#1452);
#1450 = CARTESIAN_POINT('',(-30.8,0.,24.));
#1451 = DIRECTION('',(0.,0.,1.));
#1452 = DIRECTION('',(1.,0.,0.));
#1453 = PCURVE('',#644,#1454);
#1454 = DEFINITIONAL_REPRESENTATION('',(#1455),#1459);
#1455 = CIRCLE('',#1456,20.);
#1456 = AXIS2_PLACEMENT_2D('',#1457,#1458);
#1457 = CARTESIAN_POINT('',(0.,-1.371473012632E-15));
#1458 = DIRECTION('',(1.,0.));
#1459 = ( GEOMETRIC_REPRESENTATION_CONTEXT(2) 
PARAMETRIC_REPRESENTATION_CONTEXT() REPRESENTATION_CONTEXT('2D SPACE',''
  ) );
#1460 = PCURVE('',#616,#1461);
#1461 = DEFINITIONAL_REPRESENTATION('',(#1462),#1466);
#1462 = LINE('',#1463,#1464);
#1463 = CARTESIAN_POINT('',(-0.,-24.));
#1464 = VECTOR('',#1465,1.);
#1465 = DIRECTION('',(-1.,0.));
#1466 = ( GEOMETRIC_REPRESENTATION_CONTEXT(2) 
PARAMETRIC_REPRESENTATION_CONTEXT() REPRESENTATION_CONTEXT('2D SPACE',''
  ) );
#1467 = ORIENTED_EDGE('',*,*,#1468,.T.);
#1468 = EDGE_CURVE('',#1445,#1038,#1469,.T.);
#1469 = SURFACE_CURVE('',#1470,(#1474,#1481),.PCURVE_S1.);
#1470 = LINE('',#1471,#1472);
#1471 = CARTESIAN_POINT('',(-46.8,-0.5,24.));
#1472 = VECTOR('',#1473,1.);
#1473 = DIRECTION('',(-1.,0.,0.));
#1474 = PCURVE('',#644,#1475);
#1475 = DEFINITIONAL_REPRESENTATION('',(#1476),#1480);
#1476 = LINE('',#1477,#1478);
#1477 = CARTESIAN_POINT('',(-16.,-0.5));
#1478 = VECTOR('',#1479,1.);
#1479 = DIRECTION('',(-1.,0.));
#1480 = ( GEOMETRIC_REPRESENTATION_CONTEXT(2) 
PARAMETRIC_REPRESENTATION_CONTEXT() REPRESENTATION_CONTEXT('2D SPACE',''
  ) );
#1481 = PCURVE('',#842,#1482);
#1482 = DEFINITIONAL_REPRESENTATION('',(#1483),#1487);
#1483 = LINE('',#1484,#1485);
#1484 = CARTESIAN_POINT('',(25.,16.));
#1485 = VECTOR('',#1486,1.);
#1486 = DIRECTION('',(0.,-1.));
#1487 = ( GEOMETRIC_REPRESENTATION_CONTEXT(2) 
PARAMETRIC_REPRESENTATION_CONTEXT() REPRESENTATION_CONTEXT('2D SPACE',''
  ) );
#1488 = ORIENTED_EDGE('',*,*,#1037,.T.);
#1489 = ORIENTED_EDGE('',*,*,#628,.T.);
#1490 = ADVANCED_FACE('',(#1491),#616,.T.);
#1491 = FACE_BOUND('',#1492,.F.);
#1492 = EDGE_LOOP('',(#1493,#1516,#1542,#1543));
#1493 = ORIENTED_EDGE('',*,*,#1494,.T.);
#1494 = EDGE_CURVE('',#1445,#1495,#1497,.T.);
#1495 = VERTEX_POINT('',#1496);
#1496 = CARTESIAN_POINT('',(-10.80625097686,-0.5,21.));
#1497 = SURFACE_CURVE('',#1498,(#1502,#1509),.PCURVE_S1.);
#1498 = LINE('',#1499,#1500);
#1499 = CARTESIAN_POINT('',(-10.80625097686,-0.5,0.));
#1500 = VECTOR('',#1501,1.);
#1501 = DIRECTION('',(-0.,-0.,-1.));
#1502 = PCURVE('',#616,#1503);
#1503 = DEFINITIONAL_REPRESENTATION('',(#1504),#1508);
#1504 = LINE('',#1505,#1506);
#1505 = CARTESIAN_POINT('',(-6.25818270228,0.));
#1506 = VECTOR('',#1507,1.);
#1507 = DIRECTION('',(-0.,1.));
#1508 = ( GEOMETRIC_REPRESENTATION_CONTEXT(2) 
PARAMETRIC_REPRESENTATION_CONTEXT() REPRESENTATION_CONTEXT('2D SPACE',''
  ) );
#1509 = PCURVE('',#842,#1510);
#1510 = DEFINITIONAL_REPRESENTATION('',(#1511),#1515);
#1511 = LINE('',#1512,#1513);
#1512 = CARTESIAN_POINT('',(1.,51.993749023132));
#1513 = VECTOR('',#1514,1.);
#1514 = DIRECTION('',(-1.,0.));
#1515 = ( GEOMETRIC_REPRESENTATION_CONTEXT(2) 
PARAMETRIC_REPRESENTATION_CONTEXT() REPRESENTATION_CONTEXT('2D SPACE',''
  ) );
#1516 = ORIENTED_EDGE('',*,*,#1517,.T.);
#1517 = EDGE_CURVE('',#1495,#573,#1518,.T.);
#1518 = SURFACE_CURVE('',#1519,(#1524,#1531),.PCURVE_S1.);
#1519 = CIRCLE('',#1520,20.);
#1520 = AXIS2_PLACEMENT_3D('',#1521,#1522,#1523);
#1521 = CARTESIAN_POINT('',(-30.8,0.,21.));
#1522 = DIRECTION('',(0.,0.,-1.));
#1523 = DIRECTION('',(1.,0.,0.));
#1524 = PCURVE('',#616,#1525);
#1525 = DEFINITIONAL_REPRESENTATION('',(#1526),#1530);
#1526 = LINE('',#1527,#1528);
#1527 = CARTESIAN_POINT('',(-6.28318530718,-21.));
#1528 = VECTOR('',#1529,1.);
#1529 = DIRECTION('',(1.,-0.));
#1530 = ( GEOMETRIC_REPRESENTATION_CONTEXT(2) 
PARAMETRIC_REPRESENTATION_CONTEXT() REPRESENTATION_CONTEXT('2D SPACE',''
  ) );
#1531 = PCURVE('',#588,#1532);
#1532 = DEFINITIONAL_REPRESENTATION('',(#1533),#1541);
#1533 = ( BOUNDED_CURVE() B_SPLINE_CURVE(2,(#1534,#1535,#1536,#1537,
#1538,#1539,#1540),.UNSPECIFIED.,.T.,.F.) B_SPLINE_CURVE_WITH_KNOTS((1,2
    ,2,2,2,1),(-2.094395102393,0.,2.094395102393,4.188790204786,
6.28318530718,8.377580409573),.UNSPECIFIED.) CURVE() 
GEOMETRIC_REPRESENTATION_ITEM() RATIONAL_B_SPLINE_CURVE((1.,0.5,1.,0.5,
1.,0.5,1.)) REPRESENTATION_ITEM('') );
#1534 = CARTESIAN_POINT('',(20.,-9.64275951994E-17));
#1535 = CARTESIAN_POINT('',(20.,-34.64101615137));
#1536 = CARTESIAN_POINT('',(-10.,-17.32050807568));
#1537 = CARTESIAN_POINT('',(-40.,-4.995014791789E-15));
#1538 = CARTESIAN_POINT('',(-10.,17.320508075689));
#1539 = CARTESIAN_POINT('',(20.,34.641016151378));
#1540 = CARTESIAN_POINT('',(20.,-9.64275951994E-17));
#1541 = ( GEOMETRIC_REPRESENTATION_CONTEXT(2) 
PARAMETRIC_REPRESENTATION_CONTEXT() REPRESENTATION_CONTEXT('2D SPACE',''
  ) );
#1542 = ORIENTED_EDGE('',*,*,#600,.F.);
#1543 = ORIENTED_EDGE('',*,*,#1444,.T.);
#1544 = ADVANCED_FACE('',(#1545),#588,.T.);
#1545 = FACE_BOUND('',#1546,.T.);
#1546 = EDGE_LOOP('',(#1547,#1548,#1549,#1570,#1571,#1572,#1593));
#1547 = ORIENTED_EDGE('',*,*,#1226,.T.);
#1548 = ORIENTED_EDGE('',*,*,#854,.F.);
#1549 = ORIENTED_EDGE('',*,*,#1550,.T.);
#1550 = EDGE_CURVE('',#827,#1495,#1551,.T.);
#1551 = SURFACE_CURVE('',#1552,(#1556,#1563),.PCURVE_S1.);
#1552 = LINE('',#1553,#1554);
#1553 = CARTESIAN_POINT('',(-46.8,-0.5,21.));
#1554 = VECTOR('',#1555,1.);
#1555 = DIRECTION('',(-1.,0.,0.));
#1556 = PCURVE('',#588,#1557);
#1557 = DEFINITIONAL_REPRESENTATION('',(#1558),#1562);
#1558 = LINE('',#1559,#1560);
#1559 = CARTESIAN_POINT('',(-16.,-0.5));
#1560 = VECTOR('',#1561,1.);
#1561 = DIRECTION('',(-1.,0.));
#1562 = ( GEOMETRIC_REPRESENTATION_CONTEXT(2) 
PARAMETRIC_REPRESENTATION_CONTEXT() REPRESENTATION_CONTEXT('2D SPACE',''
  ) );
#1563 = PCURVE('',#842,#1564);
#1564 = DEFINITIONAL_REPRESENTATION('',(#1565),#1569);
#1565 = LINE('',#1566,#1567);
#1566 = CARTESIAN_POINT('',(22.,16.));
#1567 = VECTOR('',#1568,1.);
#1568 = DIRECTION('',(0.,-1.));
#1569 = ( GEOMETRIC_REPRESENTATION_CONTEXT(2) 
PARAMETRIC_REPRESENTATION_CONTEXT() REPRESENTATION_CONTEXT('2D SPACE',''
  ) );
#1570 = ORIENTED_EDGE('',*,*,#1517,.T.);
#1571 = ORIENTED_EDGE('',*,*,#572,.T.);
#1572 = ORIENTED_EDGE('',*,*,#1573,.F.);
#1573 = EDGE_CURVE('',#1369,#545,#1574,.T.);
#1574 = SURFACE_CURVE('',#1575,(#1579,#1586),.PCURVE_S1.);
#1575 = LINE('',#1576,#1577);
#1576 = CARTESIAN_POINT('',(-51.8,-2.,21.));
#1577 = VECTOR('',#1578,1.);
#1578 = DIRECTION('',(0.,1.,0.));
#1579 = PCURVE('',#588,#1580);
#1580 = DEFINITIONAL_REPRESENTATION('',(#1581),#1585);
#1581 = LINE('',#1582,#1583);
#1582 = CARTESIAN_POINT('',(-21.,-2.));
#1583 = VECTOR('',#1584,1.);
#1584 = DIRECTION('',(0.,1.));
#1585 = ( GEOMETRIC_REPRESENTATION_CONTEXT(2) 
PARAMETRIC_REPRESENTATION_CONTEXT() REPRESENTATION_CONTEXT('2D SPACE',''
  ) );
#1586 = PCURVE('',#560,#1587);
#1587 = DEFINITIONAL_REPRESENTATION('',(#1588),#1592);
#1588 = LINE('',#1589,#1590);
#1589 = CARTESIAN_POINT('',(21.,-2.));
#1590 = VECTOR('',#1591,1.);
#1591 = DIRECTION('',(0.,-1.));
#1592 = ( GEOMETRIC_REPRESENTATION_CONTEXT(2) 
PARAMETRIC_REPRESENTATION_CONTEXT() REPRESENTATION_CONTEXT('2D SPACE',''
  ) );
#1593 = ORIENTED_EDGE('',*,*,#1391,.T.);
#1594 = ADVANCED_FACE('',(#1595),#560,.T.);
#1595 = FACE_BOUND('',#1596,.T.);
#1596 = EDGE_LOOP('',(#1597,#1598,#1599,#1600));
#1597 = ORIENTED_EDGE('',*,*,#1368,.F.);
#1598 = ORIENTED_EDGE('',*,*,#1573,.T.);
#1599 = ORIENTED_EDGE('',*,*,#544,.T.);
#1600 = ORIENTED_EDGE('',*,*,#1601,.F.);
#1601 = EDGE_CURVE('',#1346,#517,#1602,.T.);
#1602 = SURFACE_CURVE('',#1603,(#1607,#1614),.PCURVE_S1.);
#1603 = LINE('',#1604,#1605);
#1604 = CARTESIAN_POINT('',(-51.8,-4.,24.));
#1605 = VECTOR('',#1606,1.);
#1606 = DIRECTION('',(0.,1.,0.));
#1607 = PCURVE('',#560,#1608);
#1608 = DEFINITIONAL_REPRESENTATION('',(#1609),#1613);
#1609 = LINE('',#1610,#1611);
#1610 = CARTESIAN_POINT('',(24.,0.));
#1611 = VECTOR('',#1612,1.);
#1612 = DIRECTION('',(0.,-1.));
#1613 = ( GEOMETRIC_REPRESENTATION_CONTEXT(2) 
PARAMETRIC_REPRESENTATION_CONTEXT() REPRESENTATION_CONTEXT('2D SPACE',''
  ) );
#1614 = PCURVE('',#532,#1615);
#1615 = DEFINITIONAL_REPRESENTATION('',(#1616),#1620);
#1616 = LINE('',#1617,#1618);
#1617 = CARTESIAN_POINT('',(9.,0.));
#1618 = VECTOR('',#1619,1.);
#1619 = DIRECTION('',(0.,1.));
#1620 = ( GEOMETRIC_REPRESENTATION_CONTEXT(2) 
PARAMETRIC_REPRESENTATION_CONTEXT() REPRESENTATION_CONTEXT('2D SPACE',''
  ) );
#1621 = ADVANCED_FACE('',(#1622),#532,.T.);
#1622 = FACE_BOUND('',#1623,.T.);
#1623 = EDGE_LOOP('',(#1624,#1645,#1646,#1647));
#1624 = ORIENTED_EDGE('',*,*,#1625,.F.);
#1625 = EDGE_CURVE('',#1323,#489,#1626,.T.);
#1626 = SURFACE_CURVE('',#1627,(#1631,#1638),.PCURVE_S1.);
#1627 = LINE('',#1628,#1629);
#1628 = CARTESIAN_POINT('',(-60.8,-4.,24.));
#1629 = VECTOR('',#1630,1.);
#1630 = DIRECTION('',(0.,1.,0.));
#1631 = PCURVE('',#532,#1632);
#1632 = DEFINITIONAL_REPRESENTATION('',(#1633),#1637);
#1633 = LINE('',#1634,#1635);
#1634 = CARTESIAN_POINT('',(0.,0.));
#1635 = VECTOR('',#1636,1.);
#1636 = DIRECTION('',(0.,1.));
#1637 = ( GEOMETRIC_REPRESENTATION_CONTEXT(2) 
PARAMETRIC_REPRESENTATION_CONTEXT() REPRESENTATION_CONTEXT('2D SPACE',''
  ) );
#1638 = PCURVE('',#504,#1639);
#1639 = DEFINITIONAL_REPRESENTATION('',(#1640),#1644);
#1640 = LINE('',#1641,#1642);
#1641 = CARTESIAN_POINT('',(24.,0.));
#1642 = VECTOR('',#1643,1.);
#1643 = DIRECTION('',(0.,-1.));
#1644 = ( GEOMETRIC_REPRESENTATION_CONTEXT(2) 
PARAMETRIC_REPRESENTATION_CONTEXT() REPRESENTATION_CONTEXT('2D SPACE',''
  ) );
#1645 = ORIENTED_EDGE('',*,*,#1345,.T.);
#1646 = ORIENTED_EDGE('',*,*,#1601,.T.);
#1647 = ORIENTED_EDGE('',*,*,#516,.T.);
#1648 = ADVANCED_FACE('',(#1649),#504,.F.);
#1649 = FACE_BOUND('',#1650,.F.);
#1650 = EDGE_LOOP('',(#1651,#1652,#1653,#1674));
#1651 = ORIENTED_EDGE('',*,*,#1625,.F.);
#1652 = ORIENTED_EDGE('',*,*,#1322,.F.);
#1653 = ORIENTED_EDGE('',*,*,#1654,.T.);
#1654 = EDGE_CURVE('',#1300,#461,#1655,.T.);
#1655 = SURFACE_CURVE('',#1656,(#1660,#1667),.PCURVE_S1.);
#1656 = LINE('',#1657,#1658);
#1657 = CARTESIAN_POINT('',(-60.8,-4.,0.));
#1658 = VECTOR('',#1659,1.);
#1659 = DIRECTION('',(0.,1.,0.));
#1660 = PCURVE('',#504,#1661);
#1661 = DEFINITIONAL_REPRESENTATION('',(#1662),#1666);
#1662 = LINE('',#1663,#1664);
#1663 = CARTESIAN_POINT('',(0.,0.));
#1664 = VECTOR('',#1665,1.);
#1665 = DIRECTION('',(0.,-1.));
#1666 = ( GEOMETRIC_REPRESENTATION_CONTEXT(2) 
PARAMETRIC_REPRESENTATION_CONTEXT() REPRESENTATION_CONTEXT('2D SPACE',''
  ) );
#1667 = PCURVE('',#476,#1668);
#1668 = DEFINITIONAL_REPRESENTATION('',(#1669),#1673);
#1669 = LINE('',#1670,#1671);
#1670 = CARTESIAN_POINT('',(0.,0.));
#1671 = VECTOR('',#1672,1.);
#1672 = DIRECTION('',(0.,1.));
#1673 = ( GEOMETRIC_REPRESENTATION_CONTEXT(2) 
PARAMETRIC_REPRESENTATION_CONTEXT() REPRESENTATION_CONTEXT('2D SPACE',''
  ) );
#1674 = ORIENTED_EDGE('',*,*,#488,.T.);
#1675 = ADVANCED_FACE('',(#1676),#476,.F.);
#1676 = FACE_BOUND('',#1677,.F.);
#1677 = EDGE_LOOP('',(#1678,#1679,#1680,#1681));
#1678 = ORIENTED_EDGE('',*,*,#1654,.F.);
#1679 = ORIENTED_EDGE('',*,*,#1299,.T.);
#1680 = ORIENTED_EDGE('',*,*,#1418,.T.);
#1681 = ORIENTED_EDGE('',*,*,#460,.T.);
#1682 = ADVANCED_FACE('',(#1683),#842,.T.);
#1683 = FACE_BOUND('',#1684,.T.);
#1684 = EDGE_LOOP('',(#1685,#1686,#1707,#1708,#1709,#1710));
#1685 = ORIENTED_EDGE('',*,*,#826,.T.);
#1686 = ORIENTED_EDGE('',*,*,#1687,.T.);
#1687 = EDGE_CURVE('',#794,#1066,#1688,.T.);
#1688 = SURFACE_CURVE('',#1689,(#1693,#1700),.PCURVE_S1.);
#1689 = LINE('',#1690,#1691);
#1690 = CARTESIAN_POINT('',(-30.8,-0.5,18.424807680927));
#1691 = VECTOR('',#1692,1.);
#1692 = DIRECTION('',(-1.,-0.,-0.));
#1693 = PCURVE('',#842,#1694);
#1694 = DEFINITIONAL_REPRESENTATION('',(#1695),#1699);
#1695 = LINE('',#1696,#1697);
#1696 = CARTESIAN_POINT('',(19.424807680927,32.));
#1697 = VECTOR('',#1698,1.);
#1698 = DIRECTION('',(0.,-1.));
#1699 = ( GEOMETRIC_REPRESENTATION_CONTEXT(2) 
PARAMETRIC_REPRESENTATION_CONTEXT() REPRESENTATION_CONTEXT('2D SPACE',''
  ) );
#1700 = PCURVE('',#814,#1701);
#1701 = DEFINITIONAL_REPRESENTATION('',(#1702),#1706);
#1702 = LINE('',#1703,#1704);
#1703 = CARTESIAN_POINT('',(-1.86932852798,0.));
#1704 = VECTOR('',#1705,1.);
#1705 = DIRECTION('',(-0.,1.));
#1706 = ( GEOMETRIC_REPRESENTATION_CONTEXT(2) 
PARAMETRIC_REPRESENTATION_CONTEXT() REPRESENTATION_CONTEXT('2D SPACE',''
  ) );
#1707 = ORIENTED_EDGE('',*,*,#1065,.F.);
#1708 = ORIENTED_EDGE('',*,*,#1468,.F.);
#1709 = ORIENTED_EDGE('',*,*,#1494,.T.);
#1710 = ORIENTED_EDGE('',*,*,#1550,.F.);
#1711 = ADVANCED_FACE('',(#1712),#814,.F.);
#1712 = FACE_BOUND('',#1713,.T.);
#1713 = EDGE_LOOP('',(#1714,#1715,#1736,#1737));
#1714 = ORIENTED_EDGE('',*,*,#793,.F.);
#1715 = ORIENTED_EDGE('',*,*,#1716,.T.);
#1716 = EDGE_CURVE('',#766,#1089,#1717,.T.);
#1717 = SURFACE_CURVE('',#1718,(#1722,#1729),.PCURVE_S1.);
#1718 = LINE('',#1719,#1720);
#1719 = CARTESIAN_POINT('',(-30.8,-0.5,15.175192319073));
#1720 = VECTOR('',#1721,1.);
#1721 = DIRECTION('',(-1.,-0.,-0.));
#1722 = PCURVE('',#814,#1723);
#1723 = DEFINITIONAL_REPRESENTATION('',(#1724),#1728);
#1724 = LINE('',#1725,#1726);
#1725 = CARTESIAN_POINT('',(-4.4138567792,0.));
#1726 = VECTOR('',#1727,1.);
#1727 = DIRECTION('',(-0.,1.));
#1728 = ( GEOMETRIC_REPRESENTATION_CONTEXT(2) 
PARAMETRIC_REPRESENTATION_CONTEXT() REPRESENTATION_CONTEXT('2D SPACE',''
  ) );
#1729 = PCURVE('',#781,#1730);
#1730 = DEFINITIONAL_REPRESENTATION('',(#1731),#1735);
#1731 = LINE('',#1732,#1733);
#1732 = CARTESIAN_POINT('',(16.175192319073,32.));
#1733 = VECTOR('',#1734,1.);
#1734 = DIRECTION('',(0.,-1.));
#1735 = ( GEOMETRIC_REPRESENTATION_CONTEXT(2) 
PARAMETRIC_REPRESENTATION_CONTEXT() REPRESENTATION_CONTEXT('2D SPACE',''
  ) );
#1736 = ORIENTED_EDGE('',*,*,#1088,.F.);
#1737 = ORIENTED_EDGE('',*,*,#1687,.F.);
#1738 = ADVANCED_FACE('',(#1739),#781,.T.);
#1739 = FACE_BOUND('',#1740,.T.);
#1740 = EDGE_LOOP('',(#1741,#1742,#1743,#1744));
#1741 = ORIENTED_EDGE('',*,*,#765,.T.);
#1742 = ORIENTED_EDGE('',*,*,#901,.T.);
#1743 = ORIENTED_EDGE('',*,*,#1198,.F.);
#1744 = ORIENTED_EDGE('',*,*,#1716,.F.);
#1745 = ( GEOMETRIC_REPRESENTATION_CONTEXT(3) 
GLOBAL_UNCERTAINTY_ASSIGNED_CONTEXT((#1749)) 
GLOBAL_UNIT_ASSIGNED_CONTEXT((#1746,#1747,#1748)) REPRESENTATION_CONTEXT
('Context #1','3D Context with UNIT and UNCERTAINTY') );
#1746 = ( LENGTH_UNIT() NAMED_UNIT(*) SI_UNIT(.MILLI.,.METRE.) );
#1747 = ( NAMED_UNIT(*) PLANE_ANGLE_UNIT() SI_UNIT($,.RADIAN.) );
#1748 = ( NAMED_UNIT(*) SI_UNIT($,.STERADIAN.) SOLID_ANGLE_UNIT() );
#1749 = UNCERTAINTY_MEASURE_WITH_UNIT(LENGTH_MEASURE(1.E-07),#1746,
  'distance_accuracy_value','confusion accuracy');
#1750 = CONTEXT_DEPENDENT_SHAPE_REPRESENTATION(#1751,#1753);
#1751 = ( REPRESENTATION_RELATIONSHIP('','',#36,#10) 
REPRESENTATION_RELATIONSHIP_WITH_TRANSFORMATION(#1752) 
SHAPE_REPRESENTATION_RELATIONSHIP() );
#1752 = ITEM_DEFINED_TRANSFORMATION('','',#11,#15);
#1753 = PRODUCT_DEFINITION_SHAPE('Placement','Placement of an item',
  #1754);
#1754 = NEXT_ASSEMBLY_USAGE_OCCURRENCE('5','','',#5,#31,$);
#1755 = PRODUCT_RELATED_PRODUCT_CATEGORY('part',$,(#33));
#1756 = SHAPE_DEFINITION_REPRESENTATION(#1757,#1763);
#1757 = PRODUCT_DEFINITION_SHAPE('','',#1758);
#1758 = PRODUCT_DEFINITION('design','',#1759,#1762);
#1759 = PRODUCT_DEFINITION_FORMATION('','',#1760);
#1760 = PRODUCT('Open CASCADE STEP translator 7.8 3.2',
  'Open CASCADE STEP translator 7.8 3.2','',(#1761));
#1761 = PRODUCT_CONTEXT('',#2,'mechanical');
#1762 = PRODUCT_DEFINITION_CONTEXT('part definition',#2,'design');
#1763 = ADVANCED_BREP_SHAPE_REPRESENTATION('',(#11,#1764),#3532);
#1764 = MANIFOLD_SOLID_BREP('',#1765);
#1765 = CLOSED_SHELL('',(#1766,#1892,#1973,#2246,#2380,#2458,#2831,#2881
    ,#2935,#3054,#3103,#3152,#3201,#3250,#3277,#3404,#3435,#3442,#3469,
    #3496,#3523));
#1766 = ADVANCED_FACE('',(#1767),#1782,.T.);
#1767 = FACE_BOUND('',#1768,.F.);
#1768 = EDGE_LOOP('',(#1769,#1805,#1833,#1866));
#1769 = ORIENTED_EDGE('',*,*,#1770,.F.);
#1770 = EDGE_CURVE('',#1771,#1773,#1775,.T.);
#1771 = VERTEX_POINT('',#1772);
#1772 = CARTESIAN_POINT('',(-10.80625097686,0.5,0.));
#1773 = VERTEX_POINT('',#1774);
#1774 = CARTESIAN_POINT('',(-50.79374902313,0.5,0.));
#1775 = SURFACE_CURVE('',#1776,(#1781,#1793),.PCURVE_S1.);
#1776 = CIRCLE('',#1777,20.);
#1777 = AXIS2_PLACEMENT_3D('',#1778,#1779,#1780);
#1778 = CARTESIAN_POINT('',(-30.8,0.,0.));
#1779 = DIRECTION('',(0.,0.,1.));
#1780 = DIRECTION('',(1.,0.,0.));
#1781 = PCURVE('',#1782,#1787);
#1782 = CYLINDRICAL_SURFACE('',#1783,20.);
#1783 = AXIS2_PLACEMENT_3D('',#1784,#1785,#1786);
#1784 = CARTESIAN_POINT('',(-30.8,0.,0.));
#1785 = DIRECTION('',(-0.,-0.,-1.));
#1786 = DIRECTION('',(1.,0.,0.));
#1787 = DEFINITIONAL_REPRESENTATION('',(#1788),#1792);
#1788 = LINE('',#1789,#1790);
#1789 = CARTESIAN_POINT('',(-0.,0.));
#1790 = VECTOR('',#1791,1.);
#1791 = DIRECTION('',(-1.,0.));
#1792 = ( GEOMETRIC_REPRESENTATION_CONTEXT(2) 
PARAMETRIC_REPRESENTATION_CONTEXT() REPRESENTATION_CONTEXT('2D SPACE',''
  ) );
#1793 = PCURVE('',#1794,#1799);
#1794 = PLANE('',#1795);
#1795 = AXIS2_PLACEMENT_3D('',#1796,#1797,#1798);
#1796 = CARTESIAN_POINT('',(-30.8,1.371473012632E-15,0.));
#1797 = DIRECTION('',(0.,0.,1.));
#1798 = DIRECTION('',(1.,0.,-0.));
#1799 = DEFINITIONAL_REPRESENTATION('',(#1800),#1804);
#1800 = CIRCLE('',#1801,20.);
#1801 = AXIS2_PLACEMENT_2D('',#1802,#1803);
#1802 = CARTESIAN_POINT('',(0.,-1.371473012632E-15));
#1803 = DIRECTION('',(1.,0.));
#1804 = ( GEOMETRIC_REPRESENTATION_CONTEXT(2) 
PARAMETRIC_REPRESENTATION_CONTEXT() REPRESENTATION_CONTEXT('2D SPACE',''
  ) );
#1805 = ORIENTED_EDGE('',*,*,#1806,.F.);
#1806 = EDGE_CURVE('',#1807,#1771,#1809,.T.);
#1807 = VERTEX_POINT('',#1808);
#1808 = CARTESIAN_POINT('',(-10.80625097686,0.5,3.));
#1809 = SURFACE_CURVE('',#1810,(#1814,#1821),.PCURVE_S1.);
#1810 = LINE('',#1811,#1812);
#1811 = CARTESIAN_POINT('',(-10.80625097686,0.5,0.));
#1812 = VECTOR('',#1813,1.);
#1813 = DIRECTION('',(-0.,-0.,-1.));
#1814 = PCURVE('',#1782,#1815);
#1815 = DEFINITIONAL_REPRESENTATION('',(#1816),#1820);
#1816 = LINE('',#1817,#1818);
#1817 = CARTESIAN_POINT('',(-2.500260489936E-02,0.));
#1818 = VECTOR('',#1819,1.);
#1819 = DIRECTION('',(-0.,1.));
#1820 = ( GEOMETRIC_REPRESENTATION_CONTEXT(2) 
PARAMETRIC_REPRESENTATION_CONTEXT() REPRESENTATION_CONTEXT('2D SPACE',''
  ) );
#1821 = PCURVE('',#1822,#1827);
#1822 = PLANE('',#1823);
#1823 = AXIS2_PLACEMENT_3D('',#1824,#1825,#1826);
#1824 = CARTESIAN_POINT('',(-62.8,0.5,-1.));
#1825 = DIRECTION('',(0.,1.,0.));
#1826 = DIRECTION('',(0.,0.,1.));
#1827 = DEFINITIONAL_REPRESENTATION('',(#1828),#1832);
#1828 = LINE('',#1829,#1830);
#1829 = CARTESIAN_POINT('',(1.,51.993749023132));
#1830 = VECTOR('',#1831,1.);
#1831 = DIRECTION('',(-1.,0.));
#1832 = ( GEOMETRIC_REPRESENTATION_CONTEXT(2) 
PARAMETRIC_REPRESENTATION_CONTEXT() REPRESENTATION_CONTEXT('2D SPACE',''
  ) );
#1833 = ORIENTED_EDGE('',*,*,#1834,.F.);
#1834 = EDGE_CURVE('',#1835,#1807,#1837,.T.);
#1835 = VERTEX_POINT('',#1836);
#1836 = CARTESIAN_POINT('',(-50.79374902313,0.5,3.));
#1837 = SURFACE_CURVE('',#1838,(#1843,#1850),.PCURVE_S1.);
#1838 = CIRCLE('',#1839,20.);
#1839 = AXIS2_PLACEMENT_3D('',#1840,#1841,#1842);
#1840 = CARTESIAN_POINT('',(-30.8,0.,3.));
#1841 = DIRECTION('',(0.,0.,-1.));
#1842 = DIRECTION('',(1.,0.,0.));
#1843 = PCURVE('',#1782,#1844);
#1844 = DEFINITIONAL_REPRESENTATION('',(#1845),#1849);
#1845 = LINE('',#1846,#1847);
#1846 = CARTESIAN_POINT('',(-6.28318530718,-3.));
#1847 = VECTOR('',#1848,1.);
#1848 = DIRECTION('',(1.,-0.));
#1849 = ( GEOMETRIC_REPRESENTATION_CONTEXT(2) 
PARAMETRIC_REPRESENTATION_CONTEXT() REPRESENTATION_CONTEXT('2D SPACE',''
  ) );
#1850 = PCURVE('',#1851,#1856);
#1851 = PLANE('',#1852);
#1852 = AXIS2_PLACEMENT_3D('',#1853,#1854,#1855);
#1853 = CARTESIAN_POINT('',(-30.8,9.64275951994E-17,3.));
#1854 = DIRECTION('',(0.,0.,1.));
#1855 = DIRECTION('',(1.,0.,-0.));
#1856 = DEFINITIONAL_REPRESENTATION('',(#1857),#1865);
#1857 = ( BOUNDED_CURVE() B_SPLINE_CURVE(2,(#1858,#1859,#1860,#1861,
#1862,#1863,#1864),.UNSPECIFIED.,.T.,.F.) B_SPLINE_CURVE_WITH_KNOTS((1,2
    ,2,2,2,1),(-2.094395102393,0.,2.094395102393,4.188790204786,
6.28318530718,8.377580409573),.UNSPECIFIED.) CURVE() 
GEOMETRIC_REPRESENTATION_ITEM() RATIONAL_B_SPLINE_CURVE((1.,0.5,1.,0.5,
1.,0.5,1.)) REPRESENTATION_ITEM('') );
#1858 = CARTESIAN_POINT('',(20.,-9.64275951994E-17));
#1859 = CARTESIAN_POINT('',(20.,-34.64101615137));
#1860 = CARTESIAN_POINT('',(-10.,-17.32050807568));
#1861 = CARTESIAN_POINT('',(-40.,-4.995014791789E-15));
#1862 = CARTESIAN_POINT('',(-10.,17.320508075689));
#1863 = CARTESIAN_POINT('',(20.,34.641016151378));
#1864 = CARTESIAN_POINT('',(20.,-9.64275951994E-17));
#1865 = ( GEOMETRIC_REPRESENTATION_CONTEXT(2) 
PARAMETRIC_REPRESENTATION_CONTEXT() REPRESENTATION_CONTEXT('2D SPACE',''
  ) );
#1866 = ORIENTED_EDGE('',*,*,#1867,.T.);
#1867 = EDGE_CURVE('',#1835,#1773,#1868,.T.);
#1868 = SURFACE_CURVE('',#1869,(#1873,#1880),.PCURVE_S1.);
#1869 = LINE('',#1870,#1871);
#1870 = CARTESIAN_POINT('',(-50.79374902313,0.5,0.));
#1871 = VECTOR('',#1872,1.);
#1872 = DIRECTION('',(-0.,-0.,-1.));
#1873 = PCURVE('',#1782,#1874);
#1874 = DEFINITIONAL_REPRESENTATION('',(#1875),#1879);
#1875 = LINE('',#1876,#1877);
#1876 = CARTESIAN_POINT('',(-3.11659004869,0.));
#1877 = VECTOR('',#1878,1.);
#1878 = DIRECTION('',(-0.,1.));
#1879 = ( GEOMETRIC_REPRESENTATION_CONTEXT(2) 
PARAMETRIC_REPRESENTATION_CONTEXT() REPRESENTATION_CONTEXT('2D SPACE',''
  ) );
#1880 = PCURVE('',#1881,#1886);
#1881 = PLANE('',#1882);
#1882 = AXIS2_PLACEMENT_3D('',#1883,#1884,#1885);
#1883 = CARTESIAN_POINT('',(-62.8,0.5,-1.));
#1884 = DIRECTION('',(0.,1.,0.));
#1885 = DIRECTION('',(0.,0.,1.));
#1886 = DEFINITIONAL_REPRESENTATION('',(#1887),#1891);
#1887 = LINE('',#1888,#1889);
#1888 = CARTESIAN_POINT('',(1.,12.006250976868));
#1889 = VECTOR('',#1890,1.);
#1890 = DIRECTION('',(-1.,0.));
#1891 = ( GEOMETRIC_REPRESENTATION_CONTEXT(2) 
PARAMETRIC_REPRESENTATION_CONTEXT() REPRESENTATION_CONTEXT('2D SPACE',''
  ) );
#1892 = ADVANCED_FACE('',(#1893),#1794,.F.);
#1893 = FACE_BOUND('',#1894,.F.);
#1894 = EDGE_LOOP('',(#1895,#1918,#1919,#1942));
#1895 = ORIENTED_EDGE('',*,*,#1896,.F.);
#1896 = EDGE_CURVE('',#1771,#1897,#1899,.T.);
#1897 = VERTEX_POINT('',#1898);
#1898 = CARTESIAN_POINT('',(-16.65883668151,0.5,0.));
#1899 = SURFACE_CURVE('',#1900,(#1904,#1911),.PCURVE_S1.);
#1900 = LINE('',#1901,#1902);
#1901 = CARTESIAN_POINT('',(-46.8,0.5,0.));
#1902 = VECTOR('',#1903,1.);
#1903 = DIRECTION('',(-1.,0.,0.));
#1904 = PCURVE('',#1794,#1905);
#1905 = DEFINITIONAL_REPRESENTATION('',(#1906),#1910);
#1906 = LINE('',#1907,#1908);
#1907 = CARTESIAN_POINT('',(-16.,0.5));
#1908 = VECTOR('',#1909,1.);
#1909 = DIRECTION('',(-1.,0.));
#1910 = ( GEOMETRIC_REPRESENTATION_CONTEXT(2) 
PARAMETRIC_REPRESENTATION_CONTEXT() REPRESENTATION_CONTEXT('2D SPACE',''
  ) );
#1911 = PCURVE('',#1822,#1912);
#1912 = DEFINITIONAL_REPRESENTATION('',(#1913),#1917);
#1913 = LINE('',#1914,#1915);
#1914 = CARTESIAN_POINT('',(1.,16.));
#1915 = VECTOR('',#1916,1.);
#1916 = DIRECTION('',(0.,-1.));
#1917 = ( GEOMETRIC_REPRESENTATION_CONTEXT(2) 
PARAMETRIC_REPRESENTATION_CONTEXT() REPRESENTATION_CONTEXT('2D SPACE',''
  ) );
#1918 = ORIENTED_EDGE('',*,*,#1770,.T.);
#1919 = ORIENTED_EDGE('',*,*,#1920,.F.);
#1920 = EDGE_CURVE('',#1921,#1773,#1923,.T.);
#1921 = VERTEX_POINT('',#1922);
#1922 = CARTESIAN_POINT('',(-44.94116331848,0.5,0.));
#1923 = SURFACE_CURVE('',#1924,(#1928,#1935),.PCURVE_S1.);
#1924 = LINE('',#1925,#1926);
#1925 = CARTESIAN_POINT('',(-46.8,0.5,0.));
#1926 = VECTOR('',#1927,1.);
#1927 = DIRECTION('',(-1.,0.,0.));
#1928 = PCURVE('',#1794,#1929);
#1929 = DEFINITIONAL_REPRESENTATION('',(#1930),#1934);
#1930 = LINE('',#1931,#1932);
#1931 = CARTESIAN_POINT('',(-16.,0.5));
#1932 = VECTOR('',#1933,1.);
#1933 = DIRECTION('',(-1.,0.));
#1934 = ( GEOMETRIC_REPRESENTATION_CONTEXT(2) 
PARAMETRIC_REPRESENTATION_CONTEXT() REPRESENTATION_CONTEXT('2D SPACE',''
  ) );
#1935 = PCURVE('',#1881,#1936);
#1936 = DEFINITIONAL_REPRESENTATION('',(#1937),#1941);
#1937 = LINE('',#1938,#1939);
#1938 = CARTESIAN_POINT('',(1.,16.));
#1939 = VECTOR('',#1940,1.);
#1940 = DIRECTION('',(0.,-1.));
#1941 = ( GEOMETRIC_REPRESENTATION_CONTEXT(2) 
PARAMETRIC_REPRESENTATION_CONTEXT() REPRESENTATION_CONTEXT('2D SPACE',''
  ) );
#1942 = ORIENTED_EDGE('',*,*,#1943,.T.);
#1943 = EDGE_CURVE('',#1921,#1897,#1944,.T.);
#1944 = SURFACE_CURVE('',#1945,(#1950,#1961),.PCURVE_S1.);
#1945 = CIRCLE('',#1946,14.15);
#1946 = AXIS2_PLACEMENT_3D('',#1947,#1948,#1949);
#1947 = CARTESIAN_POINT('',(-30.8,0.,0.));
#1948 = DIRECTION('',(0.,0.,-1.));
#1949 = DIRECTION('',(1.,0.,0.));
#1950 = PCURVE('',#1794,#1951);
#1951 = DEFINITIONAL_REPRESENTATION('',(#1952),#1960);
#1952 = ( BOUNDED_CURVE() B_SPLINE_CURVE(2,(#1953,#1954,#1955,#1956,
#1957,#1958,#1959),.UNSPECIFIED.,.T.,.F.) B_SPLINE_CURVE_WITH_KNOTS((1,2
    ,2,2,2,1),(-2.094395102393,0.,2.094395102393,4.188790204786,
6.28318530718,8.377580409573),.UNSPECIFIED.) CURVE() 
GEOMETRIC_REPRESENTATION_ITEM() RATIONAL_B_SPLINE_CURVE((1.,0.5,1.,0.5,
1.,0.5,1.)) REPRESENTATION_ITEM('') );
#1953 = CARTESIAN_POINT('',(14.15,-1.371473012632E-15));
#1954 = CARTESIAN_POINT('',(14.15,-24.5085189271));
#1955 = CARTESIAN_POINT('',(-7.075,-12.25425946355));
#1956 = CARTESIAN_POINT('',(-28.3,-4.837223454219E-15));
#1957 = CARTESIAN_POINT('',(-7.075,12.25425946355));
#1958 = CARTESIAN_POINT('',(14.15,24.5085189271));
#1959 = CARTESIAN_POINT('',(14.15,-1.371473012632E-15));
#1960 = ( GEOMETRIC_REPRESENTATION_CONTEXT(2) 
PARAMETRIC_REPRESENTATION_CONTEXT() REPRESENTATION_CONTEXT('2D SPACE',''
  ) );
#1961 = PCURVE('',#1962,#1967);
#1962 = CYLINDRICAL_SURFACE('',#1963,14.15);
#1963 = AXIS2_PLACEMENT_3D('',#1964,#1965,#1966);
#1964 = CARTESIAN_POINT('',(-30.8,0.,-1.));
#1965 = DIRECTION('',(-0.,-0.,-1.));
#1966 = DIRECTION('',(1.,0.,0.));
#1967 = DEFINITIONAL_REPRESENTATION('',(#1968),#1972);
#1968 = LINE('',#1969,#1970);
#1969 = CARTESIAN_POINT('',(-6.28318530718,-1.));
#1970 = VECTOR('',#1971,1.);
#1971 = DIRECTION('',(1.,-0.));
#1972 = ( GEOMETRIC_REPRESENTATION_CONTEXT(2) 
PARAMETRIC_REPRESENTATION_CONTEXT() REPRESENTATION_CONTEXT('2D SPACE',''
  ) );
#1973 = ADVANCED_FACE('',(#1974),#1881,.F.);
#1974 = FACE_BOUND('',#1975,.F.);
#1975 = EDGE_LOOP('',(#1976,#1977,#2000,#2028,#2056,#2084,#2112,#2140,
    #2168,#2196,#2224,#2245));
#1976 = ORIENTED_EDGE('',*,*,#1867,.F.);
#1977 = ORIENTED_EDGE('',*,*,#1978,.T.);
#1978 = EDGE_CURVE('',#1835,#1979,#1981,.T.);
#1979 = VERTEX_POINT('',#1980);
#1980 = CARTESIAN_POINT('',(-51.8,0.5,3.));
#1981 = SURFACE_CURVE('',#1982,(#1986,#1993),.PCURVE_S1.);
#1982 = LINE('',#1983,#1984);
#1983 = CARTESIAN_POINT('',(-46.8,0.5,3.));
#1984 = VECTOR('',#1985,1.);
#1985 = DIRECTION('',(-1.,0.,0.));
#1986 = PCURVE('',#1881,#1987);
#1987 = DEFINITIONAL_REPRESENTATION('',(#1988),#1992);
#1988 = LINE('',#1989,#1990);
#1989 = CARTESIAN_POINT('',(4.,16.));
#1990 = VECTOR('',#1991,1.);
#1991 = DIRECTION('',(0.,-1.));
#1992 = ( GEOMETRIC_REPRESENTATION_CONTEXT(2) 
PARAMETRIC_REPRESENTATION_CONTEXT() REPRESENTATION_CONTEXT('2D SPACE',''
  ) );
#1993 = PCURVE('',#1851,#1994);
#1994 = DEFINITIONAL_REPRESENTATION('',(#1995),#1999);
#1995 = LINE('',#1996,#1997);
#1996 = CARTESIAN_POINT('',(-16.,0.5));
#1997 = VECTOR('',#1998,1.);
#1998 = DIRECTION('',(-1.,0.));
#1999 = ( GEOMETRIC_REPRESENTATION_CONTEXT(2) 
PARAMETRIC_REPRESENTATION_CONTEXT() REPRESENTATION_CONTEXT('2D SPACE',''
  ) );
#2000 = ORIENTED_EDGE('',*,*,#2001,.F.);
#2001 = EDGE_CURVE('',#2002,#1979,#2004,.T.);
#2002 = VERTEX_POINT('',#2003);
#2003 = CARTESIAN_POINT('',(-51.8,0.5,0.));
#2004 = SURFACE_CURVE('',#2005,(#2009,#2016),.PCURVE_S1.);
#2005 = LINE('',#2006,#2007);
#2006 = CARTESIAN_POINT('',(-51.8,0.5,-0.5));
#2007 = VECTOR('',#2008,1.);
#2008 = DIRECTION('',(0.,0.,1.));
#2009 = PCURVE('',#1881,#2010);
#2010 = DEFINITIONAL_REPRESENTATION('',(#2011),#2015);
#2011 = LINE('',#2012,#2013);
#2012 = CARTESIAN_POINT('',(0.5,11.));
#2013 = VECTOR('',#2014,1.);
#2014 = DIRECTION('',(1.,0.));
#2015 = ( GEOMETRIC_REPRESENTATION_CONTEXT(2) 
PARAMETRIC_REPRESENTATION_CONTEXT() REPRESENTATION_CONTEXT('2D SPACE',''
  ) );
#2016 = PCURVE('',#2017,#2022);
#2017 = PLANE('',#2018);
#2018 = AXIS2_PLACEMENT_3D('',#2019,#2020,#2021);
#2019 = CARTESIAN_POINT('',(-51.8,-4.,0.));
#2020 = DIRECTION('',(1.,0.,0.));
#2021 = DIRECTION('',(0.,0.,1.));
#2022 = DEFINITIONAL_REPRESENTATION('',(#2023),#2027);
#2023 = LINE('',#2024,#2025);
#2024 = CARTESIAN_POINT('',(-0.5,-4.5));
#2025 = VECTOR('',#2026,1.);
#2026 = DIRECTION('',(1.,0.));
#2027 = ( GEOMETRIC_REPRESENTATION_CONTEXT(2) 
PARAMETRIC_REPRESENTATION_CONTEXT() REPRESENTATION_CONTEXT('2D SPACE',''
  ) );
#2028 = ORIENTED_EDGE('',*,*,#2029,.T.);
#2029 = EDGE_CURVE('',#2002,#2030,#2032,.T.);
#2030 = VERTEX_POINT('',#2031);
#2031 = CARTESIAN_POINT('',(-60.8,0.5,0.));
#2032 = SURFACE_CURVE('',#2033,(#2037,#2044),.PCURVE_S1.);
#2033 = LINE('',#2034,#2035);
#2034 = CARTESIAN_POINT('',(-61.8,0.5,0.));
#2035 = VECTOR('',#2036,1.);
#2036 = DIRECTION('',(-1.,0.,0.));
#2037 = PCURVE('',#1881,#2038);
#2038 = DEFINITIONAL_REPRESENTATION('',(#2039),#2043);
#2039 = LINE('',#2040,#2041);
#2040 = CARTESIAN_POINT('',(1.,1.));
#2041 = VECTOR('',#2042,1.);
#2042 = DIRECTION('',(0.,-1.));
#2043 = ( GEOMETRIC_REPRESENTATION_CONTEXT(2) 
PARAMETRIC_REPRESENTATION_CONTEXT() REPRESENTATION_CONTEXT('2D SPACE',''
  ) );
#2044 = PCURVE('',#2045,#2050);
#2045 = PLANE('',#2046);
#2046 = AXIS2_PLACEMENT_3D('',#2047,#2048,#2049);
#2047 = CARTESIAN_POINT('',(-60.8,-4.,0.));
#2048 = DIRECTION('',(0.,0.,1.));
#2049 = DIRECTION('',(1.,0.,0.));
#2050 = DEFINITIONAL_REPRESENTATION('',(#2051),#2055);
#2051 = LINE('',#2052,#2053);
#2052 = CARTESIAN_POINT('',(-1.,4.5));
#2053 = VECTOR('',#2054,1.);
#2054 = DIRECTION('',(-1.,0.));
#2055 = ( GEOMETRIC_REPRESENTATION_CONTEXT(2) 
PARAMETRIC_REPRESENTATION_CONTEXT() REPRESENTATION_CONTEXT('2D SPACE',''
  ) );
#2056 = ORIENTED_EDGE('',*,*,#2057,.T.);
#2057 = EDGE_CURVE('',#2030,#2058,#2060,.T.);
#2058 = VERTEX_POINT('',#2059);
#2059 = CARTESIAN_POINT('',(-60.8,0.5,24.));
#2060 = SURFACE_CURVE('',#2061,(#2065,#2072),.PCURVE_S1.);
#2061 = LINE('',#2062,#2063);
#2062 = CARTESIAN_POINT('',(-60.8,0.5,-0.5));
#2063 = VECTOR('',#2064,1.);
#2064 = DIRECTION('',(0.,0.,1.));
#2065 = PCURVE('',#1881,#2066);
#2066 = DEFINITIONAL_REPRESENTATION('',(#2067),#2071);
#2067 = LINE('',#2068,#2069);
#2068 = CARTESIAN_POINT('',(0.5,2.));
#2069 = VECTOR('',#2070,1.);
#2070 = DIRECTION('',(1.,0.));
#2071 = ( GEOMETRIC_REPRESENTATION_CONTEXT(2) 
PARAMETRIC_REPRESENTATION_CONTEXT() REPRESENTATION_CONTEXT('2D SPACE',''
  ) );
#2072 = PCURVE('',#2073,#2078);
#2073 = PLANE('',#2074);
#2074 = AXIS2_PLACEMENT_3D('',#2075,#2076,#2077);
#2075 = CARTESIAN_POINT('',(-60.8,-4.,0.));
#2076 = DIRECTION('',(1.,0.,0.));
#2077 = DIRECTION('',(0.,0.,1.));
#2078 = DEFINITIONAL_REPRESENTATION('',(#2079),#2083);
#2079 = LINE('',#2080,#2081);
#2080 = CARTESIAN_POINT('',(-0.5,-4.5));
#2081 = VECTOR('',#2082,1.);
#2082 = DIRECTION('',(1.,0.));
#2083 = ( GEOMETRIC_REPRESENTATION_CONTEXT(2) 
PARAMETRIC_REPRESENTATION_CONTEXT() REPRESENTATION_CONTEXT('2D SPACE',''
  ) );
#2084 = ORIENTED_EDGE('',*,*,#2085,.F.);
#2085 = EDGE_CURVE('',#2086,#2058,#2088,.T.);
#2086 = VERTEX_POINT('',#2087);
#2087 = CARTESIAN_POINT('',(-51.8,0.5,24.));
#2088 = SURFACE_CURVE('',#2089,(#2093,#2100),.PCURVE_S1.);
#2089 = LINE('',#2090,#2091);
#2090 = CARTESIAN_POINT('',(-61.8,0.5,24.));
#2091 = VECTOR('',#2092,1.);
#2092 = DIRECTION('',(-1.,0.,0.));
#2093 = PCURVE('',#1881,#2094);
#2094 = DEFINITIONAL_REPRESENTATION('',(#2095),#2099);
#2095 = LINE('',#2096,#2097);
#2096 = CARTESIAN_POINT('',(25.,1.));
#2097 = VECTOR('',#2098,1.);
#2098 = DIRECTION('',(0.,-1.));
#2099 = ( GEOMETRIC_REPRESENTATION_CONTEXT(2) 
PARAMETRIC_REPRESENTATION_CONTEXT() REPRESENTATION_CONTEXT('2D SPACE',''
  ) );
#2100 = PCURVE('',#2101,#2106);
#2101 = PLANE('',#2102);
#2102 = AXIS2_PLACEMENT_3D('',#2103,#2104,#2105);
#2103 = CARTESIAN_POINT('',(-60.8,-4.,24.));
#2104 = DIRECTION('',(0.,0.,1.));
#2105 = DIRECTION('',(1.,0.,0.));
#2106 = DEFINITIONAL_REPRESENTATION('',(#2107),#2111);
#2107 = LINE('',#2108,#2109);
#2108 = CARTESIAN_POINT('',(-1.,4.5));
#2109 = VECTOR('',#2110,1.);
#2110 = DIRECTION('',(-1.,0.));
#2111 = ( GEOMETRIC_REPRESENTATION_CONTEXT(2) 
PARAMETRIC_REPRESENTATION_CONTEXT() REPRESENTATION_CONTEXT('2D SPACE',''
  ) );
#2112 = ORIENTED_EDGE('',*,*,#2113,.F.);
#2113 = EDGE_CURVE('',#2114,#2086,#2116,.T.);
#2114 = VERTEX_POINT('',#2115);
#2115 = CARTESIAN_POINT('',(-51.8,0.5,21.));
#2116 = SURFACE_CURVE('',#2117,(#2121,#2128),.PCURVE_S1.);
#2117 = LINE('',#2118,#2119);
#2118 = CARTESIAN_POINT('',(-51.8,0.5,-0.5));
#2119 = VECTOR('',#2120,1.);
#2120 = DIRECTION('',(0.,0.,1.));
#2121 = PCURVE('',#1881,#2122);
#2122 = DEFINITIONAL_REPRESENTATION('',(#2123),#2127);
#2123 = LINE('',#2124,#2125);
#2124 = CARTESIAN_POINT('',(0.5,11.));
#2125 = VECTOR('',#2126,1.);
#2126 = DIRECTION('',(1.,0.));
#2127 = ( GEOMETRIC_REPRESENTATION_CONTEXT(2) 
PARAMETRIC_REPRESENTATION_CONTEXT() REPRESENTATION_CONTEXT('2D SPACE',''
  ) );
#2128 = PCURVE('',#2129,#2134);
#2129 = PLANE('',#2130);
#2130 = AXIS2_PLACEMENT_3D('',#2131,#2132,#2133);
#2131 = CARTESIAN_POINT('',(-51.8,-4.,0.));
#2132 = DIRECTION('',(1.,0.,0.));
#2133 = DIRECTION('',(0.,0.,1.));
#2134 = DEFINITIONAL_REPRESENTATION('',(#2135),#2139);
#2135 = LINE('',#2136,#2137);
#2136 = CARTESIAN_POINT('',(-0.5,-4.5));
#2137 = VECTOR('',#2138,1.);
#2138 = DIRECTION('',(1.,0.));
#2139 = ( GEOMETRIC_REPRESENTATION_CONTEXT(2) 
PARAMETRIC_REPRESENTATION_CONTEXT() REPRESENTATION_CONTEXT('2D SPACE',''
  ) );
#2140 = ORIENTED_EDGE('',*,*,#2141,.F.);
#2141 = EDGE_CURVE('',#2142,#2114,#2144,.T.);
#2142 = VERTEX_POINT('',#2143);
#2143 = CARTESIAN_POINT('',(-50.79374902313,0.5,21.));
#2144 = SURFACE_CURVE('',#2145,(#2149,#2156),.PCURVE_S1.);
#2145 = LINE('',#2146,#2147);
#2146 = CARTESIAN_POINT('',(-46.8,0.5,21.));
#2147 = VECTOR('',#2148,1.);
#2148 = DIRECTION('',(-1.,0.,0.));
#2149 = PCURVE('',#1881,#2150);
#2150 = DEFINITIONAL_REPRESENTATION('',(#2151),#2155);
#2151 = LINE('',#2152,#2153);
#2152 = CARTESIAN_POINT('',(22.,16.));
#2153 = VECTOR('',#2154,1.);
#2154 = DIRECTION('',(0.,-1.));
#2155 = ( GEOMETRIC_REPRESENTATION_CONTEXT(2) 
PARAMETRIC_REPRESENTATION_CONTEXT() REPRESENTATION_CONTEXT('2D SPACE',''
  ) );
#2156 = PCURVE('',#2157,#2162);
#2157 = PLANE('',#2158);
#2158 = AXIS2_PLACEMENT_3D('',#2159,#2160,#2161);
#2159 = CARTESIAN_POINT('',(-30.8,9.64275951994E-17,21.));
#2160 = DIRECTION('',(0.,0.,1.));
#2161 = DIRECTION('',(1.,0.,-0.));
#2162 = DEFINITIONAL_REPRESENTATION('',(#2163),#2167);
#2163 = LINE('',#2164,#2165);
#2164 = CARTESIAN_POINT('',(-16.,0.5));
#2165 = VECTOR('',#2166,1.);
#2166 = DIRECTION('',(-1.,0.));
#2167 = ( GEOMETRIC_REPRESENTATION_CONTEXT(2) 
PARAMETRIC_REPRESENTATION_CONTEXT() REPRESENTATION_CONTEXT('2D SPACE',''
  ) );
#2168 = ORIENTED_EDGE('',*,*,#2169,.F.);
#2169 = EDGE_CURVE('',#2170,#2142,#2172,.T.);
#2170 = VERTEX_POINT('',#2171);
#2171 = CARTESIAN_POINT('',(-50.79374902313,0.5,24.));
#2172 = SURFACE_CURVE('',#2173,(#2177,#2184),.PCURVE_S1.);
#2173 = LINE('',#2174,#2175);
#2174 = CARTESIAN_POINT('',(-50.79374902313,0.5,0.));
#2175 = VECTOR('',#2176,1.);
#2176 = DIRECTION('',(-0.,-0.,-1.));
#2177 = PCURVE('',#1881,#2178);
#2178 = DEFINITIONAL_REPRESENTATION('',(#2179),#2183);
#2179 = LINE('',#2180,#2181);
#2180 = CARTESIAN_POINT('',(1.,12.006250976868));
#2181 = VECTOR('',#2182,1.);
#2182 = DIRECTION('',(-1.,0.));
#2183 = ( GEOMETRIC_REPRESENTATION_CONTEXT(2) 
PARAMETRIC_REPRESENTATION_CONTEXT() REPRESENTATION_CONTEXT('2D SPACE',''
  ) );
#2184 = PCURVE('',#2185,#2190);
#2185 = CYLINDRICAL_SURFACE('',#2186,20.);
#2186 = AXIS2_PLACEMENT_3D('',#2187,#2188,#2189);
#2187 = CARTESIAN_POINT('',(-30.8,0.,0.));
#2188 = DIRECTION('',(-0.,-0.,-1.));
#2189 = DIRECTION('',(1.,0.,0.));
#2190 = DEFINITIONAL_REPRESENTATION('',(#2191),#2195);
#2191 = LINE('',#2192,#2193);
#2192 = CARTESIAN_POINT('',(-3.11659004869,0.));
#2193 = VECTOR('',#2194,1.);
#2194 = DIRECTION('',(-0.,1.));
#2195 = ( GEOMETRIC_REPRESENTATION_CONTEXT(2) 
PARAMETRIC_REPRESENTATION_CONTEXT() REPRESENTATION_CONTEXT('2D SPACE',''
  ) );
#2196 = ORIENTED_EDGE('',*,*,#2197,.F.);
#2197 = EDGE_CURVE('',#2198,#2170,#2200,.T.);
#2198 = VERTEX_POINT('',#2199);
#2199 = CARTESIAN_POINT('',(-44.94116331848,0.5,24.));
#2200 = SURFACE_CURVE('',#2201,(#2205,#2212),.PCURVE_S1.);
#2201 = LINE('',#2202,#2203);
#2202 = CARTESIAN_POINT('',(-46.8,0.5,24.));
#2203 = VECTOR('',#2204,1.);
#2204 = DIRECTION('',(-1.,0.,0.));
#2205 = PCURVE('',#1881,#2206);
#2206 = DEFINITIONAL_REPRESENTATION('',(#2207),#2211);
#2207 = LINE('',#2208,#2209);
#2208 = CARTESIAN_POINT('',(25.,16.));
#2209 = VECTOR('',#2210,1.);
#2210 = DIRECTION('',(0.,-1.));
#2211 = ( GEOMETRIC_REPRESENTATION_CONTEXT(2) 
PARAMETRIC_REPRESENTATION_CONTEXT() REPRESENTATION_CONTEXT('2D SPACE',''
  ) );
#2212 = PCURVE('',#2213,#2218);
#2213 = PLANE('',#2214);
#2214 = AXIS2_PLACEMENT_3D('',#2215,#2216,#2217);
#2215 = CARTESIAN_POINT('',(-30.8,1.371473012632E-15,24.));
#2216 = DIRECTION('',(0.,0.,1.));
#2217 = DIRECTION('',(1.,0.,-0.));
#2218 = DEFINITIONAL_REPRESENTATION('',(#2219),#2223);
#2219 = LINE('',#2220,#2221);
#2220 = CARTESIAN_POINT('',(-16.,0.5));
#2221 = VECTOR('',#2222,1.);
#2222 = DIRECTION('',(-1.,0.));
#2223 = ( GEOMETRIC_REPRESENTATION_CONTEXT(2) 
PARAMETRIC_REPRESENTATION_CONTEXT() REPRESENTATION_CONTEXT('2D SPACE',''
  ) );
#2224 = ORIENTED_EDGE('',*,*,#2225,.T.);
#2225 = EDGE_CURVE('',#2198,#1921,#2226,.T.);
#2226 = SURFACE_CURVE('',#2227,(#2231,#2238),.PCURVE_S1.);
#2227 = LINE('',#2228,#2229);
#2228 = CARTESIAN_POINT('',(-44.94116331848,0.5,-1.));
#2229 = VECTOR('',#2230,1.);
#2230 = DIRECTION('',(-0.,-0.,-1.));
#2231 = PCURVE('',#1881,#2232);
#2232 = DEFINITIONAL_REPRESENTATION('',(#2233),#2237);
#2233 = LINE('',#2234,#2235);
#2234 = CARTESIAN_POINT('',(0.,17.858836681517));
#2235 = VECTOR('',#2236,1.);
#2236 = DIRECTION('',(-1.,0.));
#2237 = ( GEOMETRIC_REPRESENTATION_CONTEXT(2) 
PARAMETRIC_REPRESENTATION_CONTEXT() REPRESENTATION_CONTEXT('2D SPACE',''
  ) );
#2238 = PCURVE('',#1962,#2239);
#2239 = DEFINITIONAL_REPRESENTATION('',(#2240),#2244);
#2240 = LINE('',#2241,#2242);
#2241 = CARTESIAN_POINT('',(-3.106249606988,0.));
#2242 = VECTOR('',#2243,1.);
#2243 = DIRECTION('',(-0.,1.));
#2244 = ( GEOMETRIC_REPRESENTATION_CONTEXT(2) 
PARAMETRIC_REPRESENTATION_CONTEXT() REPRESENTATION_CONTEXT('2D SPACE',''
  ) );
#2245 = ORIENTED_EDGE('',*,*,#1920,.T.);
#2246 = ADVANCED_FACE('',(#2247),#1851,.F.);
#2247 = FACE_BOUND('',#2248,.F.);
#2248 = EDGE_LOOP('',(#2249,#2272,#2300,#2329,#2357,#2378,#2379));
#2249 = ORIENTED_EDGE('',*,*,#2250,.F.);
#2250 = EDGE_CURVE('',#2251,#1807,#2253,.T.);
#2251 = VERTEX_POINT('',#2252);
#2252 = CARTESIAN_POINT('',(-9.8,0.5,3.));
#2253 = SURFACE_CURVE('',#2254,(#2258,#2265),.PCURVE_S1.);
#2254 = LINE('',#2255,#2256);
#2255 = CARTESIAN_POINT('',(-46.8,0.5,3.));
#2256 = VECTOR('',#2257,1.);
#2257 = DIRECTION('',(-1.,0.,0.));
#2258 = PCURVE('',#1851,#2259);
#2259 = DEFINITIONAL_REPRESENTATION('',(#2260),#2264);
#2260 = LINE('',#2261,#2262);
#2261 = CARTESIAN_POINT('',(-16.,0.5));
#2262 = VECTOR('',#2263,1.);
#2263 = DIRECTION('',(-1.,0.));
#2264 = ( GEOMETRIC_REPRESENTATION_CONTEXT(2) 
PARAMETRIC_REPRESENTATION_CONTEXT() REPRESENTATION_CONTEXT('2D SPACE',''
  ) );
#2265 = PCURVE('',#1822,#2266);
#2266 = DEFINITIONAL_REPRESENTATION('',(#2267),#2271);
#2267 = LINE('',#2268,#2269);
#2268 = CARTESIAN_POINT('',(4.,16.));
#2269 = VECTOR('',#2270,1.);
#2270 = DIRECTION('',(0.,-1.));
#2271 = ( GEOMETRIC_REPRESENTATION_CONTEXT(2) 
PARAMETRIC_REPRESENTATION_CONTEXT() REPRESENTATION_CONTEXT('2D SPACE',''
  ) );
#2272 = ORIENTED_EDGE('',*,*,#2273,.F.);
#2273 = EDGE_CURVE('',#2274,#2251,#2276,.T.);
#2274 = VERTEX_POINT('',#2275);
#2275 = CARTESIAN_POINT('',(-9.8,6.557438524302,3.));
#2276 = SURFACE_CURVE('',#2277,(#2281,#2288),.PCURVE_S1.);
#2277 = LINE('',#2278,#2279);
#2278 = CARTESIAN_POINT('',(-9.8,6.557438524302,3.));
#2279 = VECTOR('',#2280,1.);
#2280 = DIRECTION('',(0.,-1.,0.));
#2281 = PCURVE('',#1851,#2282);
#2282 = DEFINITIONAL_REPRESENTATION('',(#2283),#2287);
#2283 = LINE('',#2284,#2285);
#2284 = CARTESIAN_POINT('',(21.,6.557438524302));
#2285 = VECTOR('',#2286,1.);
#2286 = DIRECTION('',(0.,-1.));
#2287 = ( GEOMETRIC_REPRESENTATION_CONTEXT(2) 
PARAMETRIC_REPRESENTATION_CONTEXT() REPRESENTATION_CONTEXT('2D SPACE',''
  ) );
#2288 = PCURVE('',#2289,#2294);
#2289 = PLANE('',#2290);
#2290 = AXIS2_PLACEMENT_3D('',#2291,#2292,#2293);
#2291 = CARTESIAN_POINT('',(-9.8,-42.,-2.));
#2292 = DIRECTION('',(1.,0.,0.));
#2293 = DIRECTION('',(0.,0.,1.));
#2294 = DEFINITIONAL_REPRESENTATION('',(#2295),#2299);
#2295 = LINE('',#2296,#2297);
#2296 = CARTESIAN_POINT('',(5.,-48.5574385243));
#2297 = VECTOR('',#2298,1.);
#2298 = DIRECTION('',(0.,1.));
#2299 = ( GEOMETRIC_REPRESENTATION_CONTEXT(2) 
PARAMETRIC_REPRESENTATION_CONTEXT() REPRESENTATION_CONTEXT('2D SPACE',''
  ) );
#2300 = ORIENTED_EDGE('',*,*,#2301,.T.);
#2301 = EDGE_CURVE('',#2274,#2302,#2304,.T.);
#2302 = VERTEX_POINT('',#2303);
#2303 = CARTESIAN_POINT('',(-52.43330765278,4.,3.));
#2304 = SURFACE_CURVE('',#2305,(#2310,#2317),.PCURVE_S1.);
#2305 = CIRCLE('',#2306,22.);
#2306 = AXIS2_PLACEMENT_3D('',#2307,#2308,#2309);
#2307 = CARTESIAN_POINT('',(-30.8,0.,3.));
#2308 = DIRECTION('',(0.,0.,1.));
#2309 = DIRECTION('',(1.,0.,0.));
#2310 = PCURVE('',#1851,#2311);
#2311 = DEFINITIONAL_REPRESENTATION('',(#2312),#2316);
#2312 = CIRCLE('',#2313,22.);
#2313 = AXIS2_PLACEMENT_2D('',#2314,#2315);
#2314 = CARTESIAN_POINT('',(3.552713678801E-15,-9.64275951994E-17));
#2315 = DIRECTION('',(1.,0.));
#2316 = ( GEOMETRIC_REPRESENTATION_CONTEXT(2) 
PARAMETRIC_REPRESENTATION_CONTEXT() REPRESENTATION_CONTEXT('2D SPACE',''
  ) );
#2317 = PCURVE('',#2318,#2323);
#2318 = CYLINDRICAL_SURFACE('',#2319,22.);
#2319 = AXIS2_PLACEMENT_3D('',#2320,#2321,#2322);
#2320 = CARTESIAN_POINT('',(-30.8,0.,3.));
#2321 = DIRECTION('',(-0.,-0.,-1.));
#2322 = DIRECTION('',(1.,0.,0.));
#2323 = DEFINITIONAL_REPRESENTATION('',(#2324),#2328);
#2324 = LINE('',#2325,#2326);
#2325 = CARTESIAN_POINT('',(-0.,0.));
#2326 = VECTOR('',#2327,1.);
#2327 = DIRECTION('',(-1.,0.));
#2328 = ( GEOMETRIC_REPRESENTATION_CONTEXT(2) 
PARAMETRIC_REPRESENTATION_CONTEXT() REPRESENTATION_CONTEXT('2D SPACE',''
  ) );
#2329 = ORIENTED_EDGE('',*,*,#2330,.F.);
#2330 = EDGE_CURVE('',#2331,#2302,#2333,.T.);
#2331 = VERTEX_POINT('',#2332);
#2332 = CARTESIAN_POINT('',(-51.8,4.,3.));
#2333 = SURFACE_CURVE('',#2334,(#2338,#2345),.PCURVE_S1.);
#2334 = LINE('',#2335,#2336);
#2335 = CARTESIAN_POINT('',(-45.8,4.,3.));
#2336 = VECTOR('',#2337,1.);
#2337 = DIRECTION('',(-1.,0.,0.));
#2338 = PCURVE('',#1851,#2339);
#2339 = DEFINITIONAL_REPRESENTATION('',(#2340),#2344);
#2340 = LINE('',#2341,#2342);
#2341 = CARTESIAN_POINT('',(-15.,4.));
#2342 = VECTOR('',#2343,1.);
#2343 = DIRECTION('',(-1.,0.));
#2344 = ( GEOMETRIC_REPRESENTATION_CONTEXT(2) 
PARAMETRIC_REPRESENTATION_CONTEXT() REPRESENTATION_CONTEXT('2D SPACE',''
  ) );
#2345 = PCURVE('',#2346,#2351);
#2346 = PLANE('',#2347);
#2347 = AXIS2_PLACEMENT_3D('',#2348,#2349,#2350);
#2348 = CARTESIAN_POINT('',(-60.8,4.,0.));
#2349 = DIRECTION('',(0.,1.,0.));
#2350 = DIRECTION('',(0.,0.,1.));
#2351 = DEFINITIONAL_REPRESENTATION('',(#2352),#2356);
#2352 = LINE('',#2353,#2354);
#2353 = CARTESIAN_POINT('',(3.,15.));
#2354 = VECTOR('',#2355,1.);
#2355 = DIRECTION('',(0.,-1.));
#2356 = ( GEOMETRIC_REPRESENTATION_CONTEXT(2) 
PARAMETRIC_REPRESENTATION_CONTEXT() REPRESENTATION_CONTEXT('2D SPACE',''
  ) );
#2357 = ORIENTED_EDGE('',*,*,#2358,.F.);
#2358 = EDGE_CURVE('',#1979,#2331,#2359,.T.);
#2359 = SURFACE_CURVE('',#2360,(#2364,#2371),.PCURVE_S1.);
#2360 = LINE('',#2361,#2362);
#2361 = CARTESIAN_POINT('',(-51.8,-2.,3.));
#2362 = VECTOR('',#2363,1.);
#2363 = DIRECTION('',(0.,1.,0.));
#2364 = PCURVE('',#1851,#2365);
#2365 = DEFINITIONAL_REPRESENTATION('',(#2366),#2370);
#2366 = LINE('',#2367,#2368);
#2367 = CARTESIAN_POINT('',(-21.,-2.));
#2368 = VECTOR('',#2369,1.);
#2369 = DIRECTION('',(0.,1.));
#2370 = ( GEOMETRIC_REPRESENTATION_CONTEXT(2) 
PARAMETRIC_REPRESENTATION_CONTEXT() REPRESENTATION_CONTEXT('2D SPACE',''
  ) );
#2371 = PCURVE('',#2017,#2372);
#2372 = DEFINITIONAL_REPRESENTATION('',(#2373),#2377);
#2373 = LINE('',#2374,#2375);
#2374 = CARTESIAN_POINT('',(3.,-2.));
#2375 = VECTOR('',#2376,1.);
#2376 = DIRECTION('',(0.,-1.));
#2377 = ( GEOMETRIC_REPRESENTATION_CONTEXT(2) 
PARAMETRIC_REPRESENTATION_CONTEXT() REPRESENTATION_CONTEXT('2D SPACE',''
  ) );
#2378 = ORIENTED_EDGE('',*,*,#1978,.F.);
#2379 = ORIENTED_EDGE('',*,*,#1834,.T.);
#2380 = ADVANCED_FACE('',(#2381),#1822,.F.);
#2381 = FACE_BOUND('',#2382,.F.);
#2382 = EDGE_LOOP('',(#2383,#2406,#2407,#2408,#2409,#2432));
#2383 = ORIENTED_EDGE('',*,*,#2384,.T.);
#2384 = EDGE_CURVE('',#2385,#2251,#2387,.T.);
#2385 = VERTEX_POINT('',#2386);
#2386 = CARTESIAN_POINT('',(-9.8,0.5,6.775192319073));
#2387 = SURFACE_CURVE('',#2388,(#2392,#2399),.PCURVE_S1.);
#2388 = LINE('',#2389,#2390);
#2389 = CARTESIAN_POINT('',(-9.8,0.5,-1.5));
#2390 = VECTOR('',#2391,1.);
#2391 = DIRECTION('',(0.,0.,-1.));
#2392 = PCURVE('',#1822,#2393);
#2393 = DEFINITIONAL_REPRESENTATION('',(#2394),#2398);
#2394 = LINE('',#2395,#2396);
#2395 = CARTESIAN_POINT('',(-0.5,53.));
#2396 = VECTOR('',#2397,1.);
#2397 = DIRECTION('',(-1.,0.));
#2398 = ( GEOMETRIC_REPRESENTATION_CONTEXT(2) 
PARAMETRIC_REPRESENTATION_CONTEXT() REPRESENTATION_CONTEXT('2D SPACE',''
  ) );
#2399 = PCURVE('',#2289,#2400);
#2400 = DEFINITIONAL_REPRESENTATION('',(#2401),#2405);
#2401 = LINE('',#2402,#2403);
#2402 = CARTESIAN_POINT('',(0.5,-42.5));
#2403 = VECTOR('',#2404,1.);
#2404 = DIRECTION('',(-1.,0.));
#2405 = ( GEOMETRIC_REPRESENTATION_CONTEXT(2) 
PARAMETRIC_REPRESENTATION_CONTEXT() REPRESENTATION_CONTEXT('2D SPACE',''
  ) );
#2406 = ORIENTED_EDGE('',*,*,#2250,.T.);
#2407 = ORIENTED_EDGE('',*,*,#1806,.T.);
#2408 = ORIENTED_EDGE('',*,*,#1896,.T.);
#2409 = ORIENTED_EDGE('',*,*,#2410,.F.);
#2410 = EDGE_CURVE('',#2411,#1897,#2413,.T.);
#2411 = VERTEX_POINT('',#2412);
#2412 = CARTESIAN_POINT('',(-16.65883668151,0.5,6.775192319073));
#2413 = SURFACE_CURVE('',#2414,(#2418,#2425),.PCURVE_S1.);
#2414 = LINE('',#2415,#2416);
#2415 = CARTESIAN_POINT('',(-16.65883668151,0.5,-1.));
#2416 = VECTOR('',#2417,1.);
#2417 = DIRECTION('',(-0.,-0.,-1.));
#2418 = PCURVE('',#1822,#2419);
#2419 = DEFINITIONAL_REPRESENTATION('',(#2420),#2424);
#2420 = LINE('',#2421,#2422);
#2421 = CARTESIAN_POINT('',(0.,46.141163318483));
#2422 = VECTOR('',#2423,1.);
#2423 = DIRECTION('',(-1.,0.));
#2424 = ( GEOMETRIC_REPRESENTATION_CONTEXT(2) 
PARAMETRIC_REPRESENTATION_CONTEXT() REPRESENTATION_CONTEXT('2D SPACE',''
  ) );
#2425 = PCURVE('',#1962,#2426);
#2426 = DEFINITIONAL_REPRESENTATION('',(#2427),#2431);
#2427 = LINE('',#2428,#2429);
#2428 = CARTESIAN_POINT('',(-3.534304660192E-02,0.));
#2429 = VECTOR('',#2430,1.);
#2430 = DIRECTION('',(-0.,1.));
#2431 = ( GEOMETRIC_REPRESENTATION_CONTEXT(2) 
PARAMETRIC_REPRESENTATION_CONTEXT() REPRESENTATION_CONTEXT('2D SPACE',''
  ) );
#2432 = ORIENTED_EDGE('',*,*,#2433,.F.);
#2433 = EDGE_CURVE('',#2385,#2411,#2434,.T.);
#2434 = SURFACE_CURVE('',#2435,(#2439,#2446),.PCURVE_S1.);
#2435 = LINE('',#2436,#2437);
#2436 = CARTESIAN_POINT('',(-30.8,0.5,6.775192319073));
#2437 = VECTOR('',#2438,1.);
#2438 = DIRECTION('',(-1.,-0.,-0.));
#2439 = PCURVE('',#1822,#2440);
#2440 = DEFINITIONAL_REPRESENTATION('',(#2441),#2445);
#2441 = LINE('',#2442,#2443);
#2442 = CARTESIAN_POINT('',(7.775192319073,32.));
#2443 = VECTOR('',#2444,1.);
#2444 = DIRECTION('',(0.,-1.));
#2445 = ( GEOMETRIC_REPRESENTATION_CONTEXT(2) 
PARAMETRIC_REPRESENTATION_CONTEXT() REPRESENTATION_CONTEXT('2D SPACE',''
  ) );
#2446 = PCURVE('',#2447,#2452);
#2447 = CYLINDRICAL_SURFACE('',#2448,1.7);
#2448 = AXIS2_PLACEMENT_3D('',#2449,#2450,#2451);
#2449 = CARTESIAN_POINT('',(-30.8,0.,8.4));
#2450 = DIRECTION('',(-1.,-0.,-0.));
#2451 = DIRECTION('',(0.,1.,0.));
#2452 = DEFINITIONAL_REPRESENTATION('',(#2453),#2457);
#2453 = LINE('',#2454,#2455);
#2454 = CARTESIAN_POINT('',(-5.01092118157,0.));
#2455 = VECTOR('',#2456,1.);
#2456 = DIRECTION('',(-0.,1.));
#2457 = ( GEOMETRIC_REPRESENTATION_CONTEXT(2) 
PARAMETRIC_REPRESENTATION_CONTEXT() REPRESENTATION_CONTEXT('2D SPACE',''
  ) );
#2458 = ADVANCED_FACE('',(#2459),#1962,.F.);
#2459 = FACE_BOUND('',#2460,.T.);
#2460 = EDGE_LOOP('',(#2461,#2489,#2490,#2491,#2492,#2632,#2660,#2805));
#2461 = ORIENTED_EDGE('',*,*,#2462,.F.);
#2462 = EDGE_CURVE('',#2198,#2463,#2465,.T.);
#2463 = VERTEX_POINT('',#2464);
#2464 = CARTESIAN_POINT('',(-16.65883668151,0.5,24.));
#2465 = SURFACE_CURVE('',#2466,(#2471,#2478),.PCURVE_S1.);
#2466 = CIRCLE('',#2467,14.15);
#2467 = AXIS2_PLACEMENT_3D('',#2468,#2469,#2470);
#2468 = CARTESIAN_POINT('',(-30.8,0.,24.));
#2469 = DIRECTION('',(0.,0.,-1.));
#2470 = DIRECTION('',(1.,0.,0.));
#2471 = PCURVE('',#1962,#2472);
#2472 = DEFINITIONAL_REPRESENTATION('',(#2473),#2477);
#2473 = LINE('',#2474,#2475);
#2474 = CARTESIAN_POINT('',(-6.28318530718,-25.));
#2475 = VECTOR('',#2476,1.);
#2476 = DIRECTION('',(1.,-0.));
#2477 = ( GEOMETRIC_REPRESENTATION_CONTEXT(2) 
PARAMETRIC_REPRESENTATION_CONTEXT() REPRESENTATION_CONTEXT('2D SPACE',''
  ) );
#2478 = PCURVE('',#2213,#2479);
#2479 = DEFINITIONAL_REPRESENTATION('',(#2480),#2488);
#2480 = ( BOUNDED_CURVE() B_SPLINE_CURVE(2,(#2481,#2482,#2483,#2484,
#2485,#2486,#2487),.UNSPECIFIED.,.T.,.F.) B_SPLINE_CURVE_WITH_KNOTS((1,2
    ,2,2,2,1),(-2.094395102393,0.,2.094395102393,4.188790204786,
6.28318530718,8.377580409573),.UNSPECIFIED.) CURVE() 
GEOMETRIC_REPRESENTATION_ITEM() RATIONAL_B_SPLINE_CURVE((1.,0.5,1.,0.5,
1.,0.5,1.)) REPRESENTATION_ITEM('') );
#2481 = CARTESIAN_POINT('',(14.15,-1.371473012632E-15));
#2482 = CARTESIAN_POINT('',(14.15,-24.5085189271));
#2483 = CARTESIAN_POINT('',(-7.075,-12.25425946355));
#2484 = CARTESIAN_POINT('',(-28.3,-4.837223454219E-15));
#2485 = CARTESIAN_POINT('',(-7.075,12.25425946355));
#2486 = CARTESIAN_POINT('',(14.15,24.5085189271));
#2487 = CARTESIAN_POINT('',(14.15,-1.371473012632E-15));
#2488 = ( GEOMETRIC_REPRESENTATION_CONTEXT(2) 
PARAMETRIC_REPRESENTATION_CONTEXT() REPRESENTATION_CONTEXT('2D SPACE',''
  ) );
#2489 = ORIENTED_EDGE('',*,*,#2225,.T.);
#2490 = ORIENTED_EDGE('',*,*,#1943,.T.);
#2491 = ORIENTED_EDGE('',*,*,#2410,.F.);
#2492 = ORIENTED_EDGE('',*,*,#2493,.T.);
#2493 = EDGE_CURVE('',#2411,#2494,#2496,.T.);
#2494 = VERTEX_POINT('',#2495);
#2495 = CARTESIAN_POINT('',(-16.65883668151,0.5,10.024807680927));
#2496 = SURFACE_CURVE('',#2497,(#2530,#2581),.PCURVE_S1.);
#2497 = B_SPLINE_CURVE_WITH_KNOTS('',6,(#2498,#2499,#2500,#2501,#2502,
    #2503,#2504,#2505,#2506,#2507,#2508,#2509,#2510,#2511,#2512,#2513,
    #2514,#2515,#2516,#2517,#2518,#2519,#2520,#2521,#2522,#2523,#2524,
    #2525,#2526,#2527,#2528,#2529),.UNSPECIFIED.,.F.,.F.,(7,5,5,5,5,5,7)
  ,(0.,0.278005858194,0.459773244323,1.,1.540291096395,1.722054629915,
    2.000000267157),.UNSPECIFIED.);
#2498 = CARTESIAN_POINT('',(-16.65883668151,0.5,6.775192319073));
#2499 = CARTESIAN_POINT('',(-16.66278866697,0.611771343689,
    6.809587572431));
#2500 = CARTESIAN_POINT('',(-16.66762516507,0.718534565527,
    6.852542102862));
#2501 = CARTESIAN_POINT('',(-16.67314367656,0.81958716582,6.903104280525
    ));
#2502 = CARTESIAN_POINT('',(-16.67911764836,0.914376722818,
    6.960275821699));
#2503 = CARTESIAN_POINT('',(-16.68532247836,1.002504115528,
    7.023010882984));
#2504 = CARTESIAN_POINT('',(-16.69564076631,1.136832193393,
    7.134155038762));
#2505 = CARTESIAN_POINT('',(-16.6997407989,1.187066963425,7.180072312378
    ));
#2506 = CARTESIAN_POINT('',(-16.70381345615,1.23443717236,7.227747150789
    ));
#2507 = CARTESIAN_POINT('',(-16.7078158049,1.278957703665,7.276978420267
    ));
#2508 = CARTESIAN_POINT('',(-16.7117102669,1.320651105861,7.327583082755
    ));
#2509 = CARTESIAN_POINT('',(-16.72662334585,1.475146584834,
    7.533386414654));
#2510 = CARTESIAN_POINT('',(-16.73654765382,1.566052560653,
    7.698073980209));
#2511 = CARTESIAN_POINT('',(-16.74441792808,1.633281093904,7.86950317081
    ));
#2512 = CARTESIAN_POINT('',(-16.7497981258,1.677747124873,8.044977750069
    ));
#2513 = CARTESIAN_POINT('',(-16.75249132408,1.7,8.222449296226));
#2514 = CARTESIAN_POINT('',(-16.75249132408,1.7,8.577571849968));
#2515 = CARTESIAN_POINT('',(-16.74979748404,1.677741823729,8.75506449365
    ));
#2516 = CARTESIAN_POINT('',(-16.74441600784,1.633265219381,
    8.930559478511));
#2517 = CARTESIAN_POINT('',(-16.73654390623,1.566020553985,
    9.102007645545));
#2518 = CARTESIAN_POINT('',(-16.7266174374,1.475092460434,9.266711625609
    ));
#2519 = CARTESIAN_POINT('',(-16.71170212992,1.320564421862,
    9.472523649488));
#2520 = CARTESIAN_POINT('',(-16.7078075514,1.278866973731,9.523124894931
    ));
#2521 = CARTESIAN_POINT('',(-16.70380514049,1.234342474936,9.57235256358
    ));
#2522 = CARTESIAN_POINT('',(-16.69973247937,1.186968391588,
    9.620023602187));
#2523 = CARTESIAN_POINT('',(-16.69563250472,1.136729858649,
    9.665936864004));
#2524 = CARTESIAN_POINT('',(-16.68531574578,1.00240847498,9.777057176458
    ));
#2525 = CARTESIAN_POINT('',(-16.67911246568,0.91429447686,9.839773779286
    ));
#2526 = CARTESIAN_POINT('',(-16.67314008285,0.819521372878,
    9.896928650324));
#2527 = CARTESIAN_POINT('',(-16.66762306122,0.718488152509,
    9.947476581411));
#2528 = CARTESIAN_POINT('',(-16.66278780574,0.611746985943,
    9.990419923147));
#2529 = CARTESIAN_POINT('',(-16.65883668151,0.5,10.024807680927));
#2530 = PCURVE('',#1962,#2531);
#2531 = DEFINITIONAL_REPRESENTATION('',(#2532),#2580);
#2532 = B_SPLINE_CURVE_WITH_KNOTS('',3,(#2533,#2534,#2535,#2536,#2537,
    #2538,#2539,#2540,#2541,#2542,#2543,#2544,#2545,#2546,#2547,#2548,
    #2549,#2550,#2551,#2552,#2553,#2554,#2555,#2556,#2557,#2558,#2559,
    #2560,#2561,#2562,#2563,#2564,#2565,#2566,#2567,#2568,#2569,#2570,
    #2571,#2572,#2573,#2574,#2575,#2576,#2577,#2578,#2579),
  .UNSPECIFIED.,.F.,.F.,(4,1,1,1,1,1,1,1,1,1,1,1,1,1,1,1,1,1,1,1,1,1,1,1
    ,1,1,1,1,1,1,1,1,1,1,1,1,1,1,1,1,1,1,1,1,4),(0.,4.545455152631E-02,
    9.090910305261E-02,0.136363654579,0.181818206105,0.227272757632,
    0.272727309158,0.318181860684,0.36363641221,0.409090963737,
    0.454545515263,0.500000066789,0.545454618316,0.590909169842,
    0.636363721368,0.681818272895,0.727272824421,0.772727375947,
    0.818181927473,0.863636479,0.909091030526,0.954545582052,
    1.000000133579,1.045454685105,1.090909236631,1.136363788158,
    1.181818339684,1.22727289121,1.272727442737,1.318181994263,
    1.363636545789,1.409091097315,1.454545648842,1.500000200368,
    1.545454751894,1.590909303421,1.636363854947,1.681818406473,
    1.727272958,1.772727509526,1.818182061052,1.863636612579,
    1.909091164105,1.954545715631,2.000000267157),
  .QUASI_UNIFORM_KNOTS.);
#2533 = CARTESIAN_POINT('',(-3.534304660192E-02,-7.775192319073));
#2534 = CARTESIAN_POINT('',(-3.792789853477E-02,-7.786438705974));
#2535 = CARTESIAN_POINT('',(-4.300280295763E-02,-7.811223459581));
#2536 = CARTESIAN_POINT('',(-5.030913338491E-02,-7.854758035337));
#2537 = CARTESIAN_POINT('',(-5.728679620895E-02,-7.904136593414));
#2538 = CARTESIAN_POINT('',(-6.391669734583E-02,-7.958828062115));
#2539 = CARTESIAN_POINT('',(-7.018251149981E-02,-8.018293841901));
#2540 = CARTESIAN_POINT('',(-7.606941443894E-02,-8.081969664556));
#2541 = CARTESIAN_POINT('',(-8.157013390199E-02,-8.149327618464));
#2542 = CARTESIAN_POINT('',(-8.669398133368E-02,-8.220057081038));
#2543 = CARTESIAN_POINT('',(-9.144041955923E-02,-8.293758310262));
#2544 = CARTESIAN_POINT('',(-9.581237989974E-02,-8.37008637895));
#2545 = CARTESIAN_POINT('',(-9.981288941634E-02,-8.448714540869));
#2546 = CARTESIAN_POINT('',(-0.103446931929,-8.529371875462));
#2547 = CARTESIAN_POINT('',(-0.106719017063,-8.61180465367));
#2548 = CARTESIAN_POINT('',(-0.109633519461,-8.695779397594));
#2549 = CARTESIAN_POINT('',(-0.112194526749,-8.78107982404));
#2550 = CARTESIAN_POINT('',(-0.114405816038,-8.867505410579));
#2551 = CARTESIAN_POINT('',(-0.116270795951,-8.954869542518));
#2552 = CARTESIAN_POINT('',(-0.117792457957,-9.04299785764));
#2553 = CARTESIAN_POINT('',(-0.118973325366,-9.13172636283));
#2554 = CARTESIAN_POINT('',(-0.119815403234,-9.220900409264));
#2555 = CARTESIAN_POINT('',(-0.120320128176,-9.310370605376));
#2556 = CARTESIAN_POINT('',(-0.120488319159,-9.400000264031));
#2557 = CARTESIAN_POINT('',(-0.120320126199,-9.48962991897));
#2558 = CARTESIAN_POINT('',(-0.119815399332,-9.579100107073));
#2559 = CARTESIAN_POINT('',(-0.118973319602,-9.668274143227));
#2560 = CARTESIAN_POINT('',(-0.117792450386,-9.757002637484));
#2561 = CARTESIAN_POINT('',(-0.1162707866,-9.845130942064));
#2562 = CARTESIAN_POINT('',(-0.114405804902,-9.932495064375));
#2563 = CARTESIAN_POINT('',(-0.112194513797,-10.0189206422));
#2564 = CARTESIAN_POINT('',(-0.109633504654,-10.10422106028));
#2565 = CARTESIAN_POINT('',(-0.106719000375,-10.18819579526));
#2566 = CARTESIAN_POINT('',(-0.103446913416,-10.27062856192));
#2567 = CARTESIAN_POINT('',(-9.981286916682E-02,-10.35128588185));
#2568 = CARTESIAN_POINT('',(-9.581235846254E-02,-10.42991401729));
#2569 = CARTESIAN_POINT('',(-9.144039692102E-02,-10.50624206272));
#2570 = CARTESIAN_POINT('',(-8.669395623372E-02,-10.5799432865));
#2571 = CARTESIAN_POINT('',(-8.157010679819E-02,-10.65067273536));
#2572 = CARTESIAN_POINT('',(-7.606938529774E-02,-10.71803066651));
#2573 = CARTESIAN_POINT('',(-7.018249735868E-02,-10.78170629605));
#2574 = CARTESIAN_POINT('',(-6.391668626722E-02,-10.84117203574));
#2575 = CARTESIAN_POINT('',(-5.728678661625E-02,-10.89586347939));
#2576 = CARTESIAN_POINT('',(-5.030912387546E-02,-10.94524202649));
#2577 = CARTESIAN_POINT('',(-4.300279532721E-02,-10.98877657984));
#2578 = CARTESIAN_POINT('',(-3.792789517112E-02,-11.01356130961));
#2579 = CARTESIAN_POINT('',(-3.534304660192E-02,-11.02480768092));
#2580 = ( GEOMETRIC_REPRESENTATION_CONTEXT(2) 
PARAMETRIC_REPRESENTATION_CONTEXT() REPRESENTATION_CONTEXT('2D SPACE',''
  ) );
#2581 = PCURVE('',#2447,#2582);
#2582 = DEFINITIONAL_REPRESENTATION('',(#2583),#2631);
#2583 = B_SPLINE_CURVE_WITH_KNOTS('',3,(#2584,#2585,#2586,#2587,#2588,
    #2589,#2590,#2591,#2592,#2593,#2594,#2595,#2596,#2597,#2598,#2599,
    #2600,#2601,#2602,#2603,#2604,#2605,#2606,#2607,#2608,#2609,#2610,
    #2611,#2612,#2613,#2614,#2615,#2616,#2617,#2618,#2619,#2620,#2621,
    #2622,#2623,#2624,#2625,#2626,#2627,#2628,#2629,#2630),
  .UNSPECIFIED.,.F.,.F.,(4,1,1,1,1,1,1,1,1,1,1,1,1,1,1,1,1,1,1,1,1,1,1,1
    ,1,1,1,1,1,1,1,1,1,1,1,1,1,1,1,1,1,1,1,1,4),(0.,4.545455152631E-02,
    9.090910305261E-02,0.136363654579,0.181818206105,0.227272757632,
    0.272727309158,0.318181860684,0.36363641221,0.409090963737,
    0.454545515263,0.500000066789,0.545454618316,0.590909169842,
    0.636363721368,0.681818272895,0.727272824421,0.772727375947,
    0.818181927473,0.863636479,0.909091030526,0.954545582052,
    1.000000133579,1.045454685105,1.090909236631,1.136363788158,
    1.181818339684,1.22727289121,1.272727442737,1.318181994263,
    1.363636545789,1.409091097315,1.454545648842,1.500000200368,
    1.545454751894,1.590909303421,1.636363854947,1.681818406473,
    1.727272958,1.772727509526,1.818182061052,1.863636612579,
    1.909091164105,1.954545715631,2.000000267157),
  .QUASI_UNIFORM_KNOTS.);
#2584 = CARTESIAN_POINT('',(-5.01092118157,-14.14116331848));
#2585 = CARTESIAN_POINT('',(-5.033415197068,-14.13987129928));
#2586 = CARTESIAN_POINT('',(-5.07804934747,-14.13704961738));
#2587 = CARTESIAN_POINT('',(-5.143937727299,-14.13221715416));
#2588 = CARTESIAN_POINT('',(-5.20876596393,-14.12689682122));
#2589 = CARTESIAN_POINT('',(-5.272523086983,-14.12120390742));
#2590 = CARTESIAN_POINT('',(-5.335192965946,-14.11525262545));
#2591 = CARTESIAN_POINT('',(-5.396735920371,-14.10915602505));
#2592 = CARTESIAN_POINT('',(-5.457150114301,-14.10301750794));
#2593 = CARTESIAN_POINT('',(-5.516596961856,-14.09691585533));
#2594 = CARTESIAN_POINT('',(-5.575120822413,-14.0909333991));
#2595 = CARTESIAN_POINT('',(-5.632790462026,-14.08514215995));
#2596 = CARTESIAN_POINT('',(-5.689665781988,-14.07960712902));
#2597 = CARTESIAN_POINT('',(-5.745827115904,-14.07438391656));
#2598 = CARTESIAN_POINT('',(-5.801347163478,-14.06952200782));
#2599 = CARTESIAN_POINT('',(-5.856296215662,-14.06506464083));
#2600 = CARTESIAN_POINT('',(-5.910741847127,-14.0610493237));
#2601 = CARTESIAN_POINT('',(-5.964749869173,-14.0575081537));
#2602 = CARTESIAN_POINT('',(-6.018384783567,-14.05446815838));
#2603 = CARTESIAN_POINT('',(-6.07171028508,-14.05195159954));
#2604 = CARTESIAN_POINT('',(-6.124789548631,-14.04997625606));
#2605 = CARTESIAN_POINT('',(-6.177685978127,-14.04855568115));
#2606 = CARTESIAN_POINT('',(-6.230462137579,-14.04769943571));
#2607 = CARTESIAN_POINT('',(-6.28318546242,-14.04741329517));
#2608 = CARTESIAN_POINT('',(-6.335908785507,-14.04769943908));
#2609 = CARTESIAN_POINT('',(-6.388684941526,-14.04855568777));
#2610 = CARTESIAN_POINT('',(-6.441581367055,-14.04997626576));
#2611 = CARTESIAN_POINT('',(-6.494660627036,-14.05195161213));
#2612 = CARTESIAN_POINT('',(-6.547986125998,-14.05446817373));
#2613 = CARTESIAN_POINT('',(-6.601621039213,-14.0575081717));
#2614 = CARTESIAN_POINT('',(-6.655629061527,-14.06104934424));
#2615 = CARTESIAN_POINT('',(-6.710074694443,-14.0650646638));
#2616 = CARTESIAN_POINT('',(-6.765023748744,-14.06952203301));
#2617 = CARTESIAN_POINT('',(-6.820543797784,-14.07438394363));
#2618 = CARTESIAN_POINT('',(-6.876705132139,-14.07960715756));
#2619 = CARTESIAN_POINT('',(-6.933580445219,-14.08514218899));
#2620 = CARTESIAN_POINT('',(-6.991250080478,-14.09093342839));
#2621 = CARTESIAN_POINT('',(-7.049773952455,-14.09691588612));
#2622 = CARTESIAN_POINT('',(-7.109220806225,-14.10301753931));
#2623 = CARTESIAN_POINT('',(-7.169635004335,-14.10915605618));
#2624 = CARTESIAN_POINT('',(-7.231177791007,-14.11525263921));
#2625 = CARTESIAN_POINT('',(-7.293847635892,-14.12120391738));
#2626 = CARTESIAN_POINT('',(-7.357604740849,-14.12689682894));
#2627 = CARTESIAN_POINT('',(-7.422432974007,-14.13221716096));
#2628 = CARTESIAN_POINT('',(-7.488321334411,-14.13704962187));
#2629 = CARTESIAN_POINT('',(-7.532955446694,-14.13987130108));
#2630 = CARTESIAN_POINT('',(-7.55544943279,-14.14116331848));
#2631 = ( GEOMETRIC_REPRESENTATION_CONTEXT(2) 
PARAMETRIC_REPRESENTATION_CONTEXT() REPRESENTATION_CONTEXT('2D SPACE',''
  ) );
#2632 = ORIENTED_EDGE('',*,*,#2633,.F.);
#2633 = EDGE_CURVE('',#2634,#2494,#2636,.T.);
#2634 = VERTEX_POINT('',#2635);
#2635 = CARTESIAN_POINT('',(-16.65883668151,0.5,15.175192319073));
#2636 = SURFACE_CURVE('',#2637,(#2641,#2648),.PCURVE_S1.);
#2637 = LINE('',#2638,#2639);
#2638 = CARTESIAN_POINT('',(-16.65883668151,0.5,-1.));
#2639 = VECTOR('',#2640,1.);
#2640 = DIRECTION('',(-0.,-0.,-1.));
#2641 = PCURVE('',#1962,#2642);
#2642 = DEFINITIONAL_REPRESENTATION('',(#2643),#2647);
#2643 = LINE('',#2644,#2645);
#2644 = CARTESIAN_POINT('',(-3.534304660192E-02,0.));
#2645 = VECTOR('',#2646,1.);
#2646 = DIRECTION('',(-0.,1.));
#2647 = ( GEOMETRIC_REPRESENTATION_CONTEXT(2) 
PARAMETRIC_REPRESENTATION_CONTEXT() REPRESENTATION_CONTEXT('2D SPACE',''
  ) );
#2648 = PCURVE('',#2649,#2654);
#2649 = PLANE('',#2650);
#2650 = AXIS2_PLACEMENT_3D('',#2651,#2652,#2653);
#2651 = CARTESIAN_POINT('',(-62.8,0.5,-1.));
#2652 = DIRECTION('',(0.,1.,0.));
#2653 = DIRECTION('',(0.,0.,1.));
#2654 = DEFINITIONAL_REPRESENTATION('',(#2655),#2659);
#2655 = LINE('',#2656,#2657);
#2656 = CARTESIAN_POINT('',(0.,46.141163318483));
#2657 = VECTOR('',#2658,1.);
#2658 = DIRECTION('',(-1.,0.));
#2659 = ( GEOMETRIC_REPRESENTATION_CONTEXT(2) 
PARAMETRIC_REPRESENTATION_CONTEXT() REPRESENTATION_CONTEXT('2D SPACE',''
  ) );
#2660 = ORIENTED_EDGE('',*,*,#2661,.T.);
#2661 = EDGE_CURVE('',#2634,#2662,#2664,.T.);
#2662 = VERTEX_POINT('',#2663);
#2663 = CARTESIAN_POINT('',(-16.65883668151,0.5,18.424807680927));
#2664 = SURFACE_CURVE('',#2665,(#2698,#2749),.PCURVE_S1.);
#2665 = B_SPLINE_CURVE_WITH_KNOTS('',6,(#2666,#2667,#2668,#2669,#2670,
    #2671,#2672,#2673,#2674,#2675,#2676,#2677,#2678,#2679,#2680,#2681,
    #2682,#2683,#2684,#2685,#2686,#2687,#2688,#2689,#2690,#2691,#2692,
    #2693,#2694,#2695,#2696,#2697),.UNSPECIFIED.,.F.,.F.,(7,5,5,5,5,5,7)
  ,(0.,0.278005858189,0.45977324432,1.,1.540291096399,1.72205462992,
    2.000000267163),.UNSPECIFIED.);
#2666 = CARTESIAN_POINT('',(-16.65883668151,0.5,15.175192319073));
#2667 = CARTESIAN_POINT('',(-16.66278866697,0.611771343692,
    15.209587572432));
#2668 = CARTESIAN_POINT('',(-16.66762516507,0.718534565526,
    15.252542102862));
#2669 = CARTESIAN_POINT('',(-16.67314367656,0.819587165818,
    15.303104280524));
#2670 = CARTESIAN_POINT('',(-16.67911764836,0.914376722818,
    15.360275821699));
#2671 = CARTESIAN_POINT('',(-16.68532247836,1.00250411553,
    15.423010882985));
#2672 = CARTESIAN_POINT('',(-16.69564076631,1.136832193393,
    15.534155038762));
#2673 = CARTESIAN_POINT('',(-16.6997407989,1.187066963425,
    15.580072312378));
#2674 = CARTESIAN_POINT('',(-16.70381345615,1.23443717236,
    15.627747150789));
#2675 = CARTESIAN_POINT('',(-16.7078158049,1.278957703665,
    15.676978420267));
#2676 = CARTESIAN_POINT('',(-16.7117102669,1.320651105861,
    15.727583082755));
#2677 = CARTESIAN_POINT('',(-16.72662334585,1.475146584834,
    15.933386414654));
#2678 = CARTESIAN_POINT('',(-16.73654765382,1.566052560653,
    16.098073980209));
#2679 = CARTESIAN_POINT('',(-16.74441792808,1.633281093904,
    16.26950317081));
#2680 = CARTESIAN_POINT('',(-16.7497981258,1.677747124873,
    16.444977750069));
#2681 = CARTESIAN_POINT('',(-16.75249132408,1.7,16.622449296226));
#2682 = CARTESIAN_POINT('',(-16.75249132408,1.7,16.977571849968));
#2683 = CARTESIAN_POINT('',(-16.74979748404,1.677741823729,
    17.15506449365));
#2684 = CARTESIAN_POINT('',(-16.74441600784,1.633265219381,
    17.330559478511));
#2685 = CARTESIAN_POINT('',(-16.73654390623,1.566020553985,
    17.502007645545));
#2686 = CARTESIAN_POINT('',(-16.7266174374,1.475092460434,
    17.666711625609));
#2687 = CARTESIAN_POINT('',(-16.71170212992,1.320564421862,
    17.872523649488));
#2688 = CARTESIAN_POINT('',(-16.7078075514,1.278866973731,
    17.923124894931));
#2689 = CARTESIAN_POINT('',(-16.70380514049,1.234342474936,
    17.972352563579));
#2690 = CARTESIAN_POINT('',(-16.69973247937,1.186968391588,
    18.020023602187));
#2691 = CARTESIAN_POINT('',(-16.69563250472,1.136729858649,
    18.065936864004));
#2692 = CARTESIAN_POINT('',(-16.68531574578,1.00240847498,
    18.177057176458));
#2693 = CARTESIAN_POINT('',(-16.67911246568,0.91429447686,
    18.239773779286));
#2694 = CARTESIAN_POINT('',(-16.67314008285,0.819521372878,
    18.296928650324));
#2695 = CARTESIAN_POINT('',(-16.66762306122,0.718488152509,
    18.347476581411));
#2696 = CARTESIAN_POINT('',(-16.66278780574,0.611746985944,
    18.390419923146));
#2697 = CARTESIAN_POINT('',(-16.65883668151,0.5,18.424807680927));
#2698 = PCURVE('',#1962,#2699);
#2699 = DEFINITIONAL_REPRESENTATION('',(#2700),#2748);
#2700 = B_SPLINE_CURVE_WITH_KNOTS('',3,(#2701,#2702,#2703,#2704,#2705,
    #2706,#2707,#2708,#2709,#2710,#2711,#2712,#2713,#2714,#2715,#2716,
    #2717,#2718,#2719,#2720,#2721,#2722,#2723,#2724,#2725,#2726,#2727,
    #2728,#2729,#2730,#2731,#2732,#2733,#2734,#2735,#2736,#2737,#2738,
    #2739,#2740,#2741,#2742,#2743,#2744,#2745,#2746,#2747),
  .UNSPECIFIED.,.F.,.F.,(4,1,1,1,1,1,1,1,1,1,1,1,1,1,1,1,1,1,1,1,1,1,1,1
    ,1,1,1,1,1,1,1,1,1,1,1,1,1,1,1,1,1,1,1,1,4),(0.,4.545455152643E-02,
    9.090910305286E-02,0.136363654579,0.181818206106,0.227272757632,
    0.272727309159,0.318181860685,0.363636412211,0.409090963738,
    0.454545515264,0.500000066791,0.545454618317,0.590909169844,
    0.63636372137,0.681818272896,0.727272824423,0.772727375949,
    0.818181927476,0.863636479002,0.909091030529,0.954545582055,
    1.000000133581,1.045454685108,1.090909236634,1.136363788161,
    1.181818339687,1.227272891214,1.27272744274,1.318181994266,
    1.363636545793,1.409091097319,1.454545648846,1.500000200372,
    1.545454751899,1.590909303425,1.636363854951,1.681818406478,
    1.727272958004,1.772727509531,1.818182061057,1.863636612584,
    1.90909116411,1.954545715637,2.000000267163),.QUASI_UNIFORM_KNOTS.);
#2701 = CARTESIAN_POINT('',(-3.534304660192E-02,-16.17519231907));
#2702 = CARTESIAN_POINT('',(-3.792789853487E-02,-16.18643870597));
#2703 = CARTESIAN_POINT('',(-4.300280295783E-02,-16.21122345958));
#2704 = CARTESIAN_POINT('',(-5.030913338516E-02,-16.25475803533));
#2705 = CARTESIAN_POINT('',(-5.728679620929E-02,-16.30413659341));
#2706 = CARTESIAN_POINT('',(-6.391669734629E-02,-16.35882806211));
#2707 = CARTESIAN_POINT('',(-7.018251150043E-02,-16.4182938419));
#2708 = CARTESIAN_POINT('',(-7.606941443961E-02,-16.48196966456));
#2709 = CARTESIAN_POINT('',(-8.157013390257E-02,-16.54932761847));
#2710 = CARTESIAN_POINT('',(-8.669398133421E-02,-16.62005708104));
#2711 = CARTESIAN_POINT('',(-9.144041955971E-02,-16.69375831027));
#2712 = CARTESIAN_POINT('',(-9.581237990016E-02,-16.77008637895));
#2713 = CARTESIAN_POINT('',(-9.981288941672E-02,-16.84871454087));
#2714 = CARTESIAN_POINT('',(-0.103446931929,-16.92937187547));
#2715 = CARTESIAN_POINT('',(-0.106719017063,-17.01180465367));
#2716 = CARTESIAN_POINT('',(-0.109633519462,-17.0957793976));
#2717 = CARTESIAN_POINT('',(-0.112194526749,-17.18107982404));
#2718 = CARTESIAN_POINT('',(-0.114405816039,-17.26750541058));
#2719 = CARTESIAN_POINT('',(-0.116270795952,-17.35486954252));
#2720 = CARTESIAN_POINT('',(-0.117792457957,-17.44299785764));
#2721 = CARTESIAN_POINT('',(-0.118973325366,-17.53172636283));
#2722 = CARTESIAN_POINT('',(-0.119815403235,-17.62090040927));
#2723 = CARTESIAN_POINT('',(-0.120320128176,-17.71037060538));
#2724 = CARTESIAN_POINT('',(-0.120488319159,-17.80000026403));
#2725 = CARTESIAN_POINT('',(-0.120320126199,-17.88962991897));
#2726 = CARTESIAN_POINT('',(-0.119815399332,-17.97910010707));
#2727 = CARTESIAN_POINT('',(-0.118973319602,-18.06827414323));
#2728 = CARTESIAN_POINT('',(-0.117792450386,-18.15700263748));
#2729 = CARTESIAN_POINT('',(-0.1162707866,-18.24513094206));
#2730 = CARTESIAN_POINT('',(-0.114405804902,-18.33249506437));
#2731 = CARTESIAN_POINT('',(-0.112194513797,-18.4189206422));
#2732 = CARTESIAN_POINT('',(-0.109633504654,-18.50422106028));
#2733 = CARTESIAN_POINT('',(-0.106719000375,-18.58819579527));
#2734 = CARTESIAN_POINT('',(-0.103446913415,-18.67062856193));
#2735 = CARTESIAN_POINT('',(-9.981286916675E-02,-18.75128588185));
#2736 = CARTESIAN_POINT('',(-9.581235846248E-02,-18.82991401729));
#2737 = CARTESIAN_POINT('',(-9.144039692098E-02,-18.90624206272));
#2738 = CARTESIAN_POINT('',(-8.669395623369E-02,-18.9799432865));
#2739 = CARTESIAN_POINT('',(-8.157010679818E-02,-19.05067273536));
#2740 = CARTESIAN_POINT('',(-7.606938529776E-02,-19.11803066651));
#2741 = CARTESIAN_POINT('',(-7.01824973587E-02,-19.18170629605));
#2742 = CARTESIAN_POINT('',(-6.391668626723E-02,-19.24117203574));
#2743 = CARTESIAN_POINT('',(-5.728678661625E-02,-19.29586347939));
#2744 = CARTESIAN_POINT('',(-5.030912387547E-02,-19.34524202648));
#2745 = CARTESIAN_POINT('',(-4.300279532723E-02,-19.38877657984));
#2746 = CARTESIAN_POINT('',(-3.792789517113E-02,-19.41356130961));
#2747 = CARTESIAN_POINT('',(-3.534304660192E-02,-19.42480768092));
#2748 = ( GEOMETRIC_REPRESENTATION_CONTEXT(2) 
PARAMETRIC_REPRESENTATION_CONTEXT() REPRESENTATION_CONTEXT('2D SPACE',''
  ) );
#2749 = PCURVE('',#2750,#2755);
#2750 = CYLINDRICAL_SURFACE('',#2751,1.7);
#2751 = AXIS2_PLACEMENT_3D('',#2752,#2753,#2754);
#2752 = CARTESIAN_POINT('',(-30.8,0.,16.8));
#2753 = DIRECTION('',(-1.,-0.,-0.));
#2754 = DIRECTION('',(0.,1.,0.));
#2755 = DEFINITIONAL_REPRESENTATION('',(#2756),#2804);
#2756 = B_SPLINE_CURVE_WITH_KNOTS('',3,(#2757,#2758,#2759,#2760,#2761,
    #2762,#2763,#2764,#2765,#2766,#2767,#2768,#2769,#2770,#2771,#2772,
    #2773,#2774,#2775,#2776,#2777,#2778,#2779,#2780,#2781,#2782,#2783,
    #2784,#2785,#2786,#2787,#2788,#2789,#2790,#2791,#2792,#2793,#2794,
    #2795,#2796,#2797,#2798,#2799,#2800,#2801,#2802,#2803),
  .UNSPECIFIED.,.F.,.F.,(4,1,1,1,1,1,1,1,1,1,1,1,1,1,1,1,1,1,1,1,1,1,1,1
    ,1,1,1,1,1,1,1,1,1,1,1,1,1,1,1,1,1,1,1,1,4),(0.,4.545455152643E-02,
    9.090910305286E-02,0.136363654579,0.181818206106,0.227272757632,
    0.272727309159,0.318181860685,0.363636412211,0.409090963738,
    0.454545515264,0.500000066791,0.545454618317,0.590909169844,
    0.63636372137,0.681818272896,0.727272824423,0.772727375949,
    0.818181927476,0.863636479002,0.909091030529,0.954545582055,
    1.000000133581,1.045454685108,1.090909236634,1.136363788161,
    1.181818339687,1.227272891214,1.27272744274,1.318181994266,
    1.363636545793,1.409091097319,1.454545648846,1.500000200372,
    1.545454751899,1.590909303425,1.636363854951,1.681818406478,
    1.727272958004,1.772727509531,1.818182061057,1.863636612584,
    1.90909116411,1.954545715637,2.000000267163),.QUASI_UNIFORM_KNOTS.);
#2757 = CARTESIAN_POINT('',(-5.01092118157,-14.14116331848));
#2758 = CARTESIAN_POINT('',(-5.033415197069,-14.13987129928));
#2759 = CARTESIAN_POINT('',(-5.078049347471,-14.13704961738));
#2760 = CARTESIAN_POINT('',(-5.143937727301,-14.13221715416));
#2761 = CARTESIAN_POINT('',(-5.208765963933,-14.12689682122));
#2762 = CARTESIAN_POINT('',(-5.272523086987,-14.12120390742));
#2763 = CARTESIAN_POINT('',(-5.335192965952,-14.11525262545));
#2764 = CARTESIAN_POINT('',(-5.396735920378,-14.10915602505));
#2765 = CARTESIAN_POINT('',(-5.457150114308,-14.10301750794));
#2766 = CARTESIAN_POINT('',(-5.516596961863,-14.09691585533));
#2767 = CARTESIAN_POINT('',(-5.575120822419,-14.0909333991));
#2768 = CARTESIAN_POINT('',(-5.632790462032,-14.08514215994));
#2769 = CARTESIAN_POINT('',(-5.689665781994,-14.07960712902));
#2770 = CARTESIAN_POINT('',(-5.74582711591,-14.07438391656));
#2771 = CARTESIAN_POINT('',(-5.801347163483,-14.06952200782));
#2772 = CARTESIAN_POINT('',(-5.856296215666,-14.06506464083));
#2773 = CARTESIAN_POINT('',(-5.910741847132,-14.0610493237));
#2774 = CARTESIAN_POINT('',(-5.964749869177,-14.0575081537));
#2775 = CARTESIAN_POINT('',(-6.018384783571,-14.05446815838));
#2776 = CARTESIAN_POINT('',(-6.071710285084,-14.05195159954));
#2777 = CARTESIAN_POINT('',(-6.124789548635,-14.04997625606));
#2778 = CARTESIAN_POINT('',(-6.177685978131,-14.04855568115));
#2779 = CARTESIAN_POINT('',(-6.230462137583,-14.04769943571));
#2780 = CARTESIAN_POINT('',(-6.283185462423,-14.04741329517));
#2781 = CARTESIAN_POINT('',(-6.33590878551,-14.04769943908));
#2782 = CARTESIAN_POINT('',(-6.388684941528,-14.04855568777));
#2783 = CARTESIAN_POINT('',(-6.441581367058,-14.04997626576));
#2784 = CARTESIAN_POINT('',(-6.494660627038,-14.05195161213));
#2785 = CARTESIAN_POINT('',(-6.547986126,-14.05446817373));
#2786 = CARTESIAN_POINT('',(-6.601621039215,-14.0575081717));
#2787 = CARTESIAN_POINT('',(-6.655629061528,-14.06104934424));
#2788 = CARTESIAN_POINT('',(-6.710074694445,-14.0650646638));
#2789 = CARTESIAN_POINT('',(-6.765023748746,-14.06952203301));
#2790 = CARTESIAN_POINT('',(-6.820543797785,-14.07438394363));
#2791 = CARTESIAN_POINT('',(-6.87670513214,-14.07960715756));
#2792 = CARTESIAN_POINT('',(-6.933580445219,-14.08514218899));
#2793 = CARTESIAN_POINT('',(-6.991250080479,-14.09093342839));
#2794 = CARTESIAN_POINT('',(-7.049773952455,-14.09691588612));
#2795 = CARTESIAN_POINT('',(-7.109220806225,-14.10301753931));
#2796 = CARTESIAN_POINT('',(-7.169635004335,-14.10915605618));
#2797 = CARTESIAN_POINT('',(-7.231177791007,-14.11525263921));
#2798 = CARTESIAN_POINT('',(-7.293847635892,-14.12120391738));
#2799 = CARTESIAN_POINT('',(-7.357604740849,-14.12689682894));
#2800 = CARTESIAN_POINT('',(-7.422432974007,-14.13221716096));
#2801 = CARTESIAN_POINT('',(-7.488321334411,-14.13704962187));
#2802 = CARTESIAN_POINT('',(-7.532955446694,-14.13987130108));
#2803 = CARTESIAN_POINT('',(-7.55544943279,-14.14116331848));
#2804 = ( GEOMETRIC_REPRESENTATION_CONTEXT(2) 
PARAMETRIC_REPRESENTATION_CONTEXT() REPRESENTATION_CONTEXT('2D SPACE',''
  ) );
#2805 = ORIENTED_EDGE('',*,*,#2806,.F.);
#2806 = EDGE_CURVE('',#2463,#2662,#2807,.T.);
#2807 = SURFACE_CURVE('',#2808,(#2812,#2819),.PCURVE_S1.);
#2808 = LINE('',#2809,#2810);
#2809 = CARTESIAN_POINT('',(-16.65883668151,0.5,-1.));
#2810 = VECTOR('',#2811,1.);
#2811 = DIRECTION('',(-0.,-0.,-1.));
#2812 = PCURVE('',#1962,#2813);
#2813 = DEFINITIONAL_REPRESENTATION('',(#2814),#2818);
#2814 = LINE('',#2815,#2816);
#2815 = CARTESIAN_POINT('',(-3.534304660192E-02,0.));
#2816 = VECTOR('',#2817,1.);
#2817 = DIRECTION('',(-0.,1.));
#2818 = ( GEOMETRIC_REPRESENTATION_CONTEXT(2) 
PARAMETRIC_REPRESENTATION_CONTEXT() REPRESENTATION_CONTEXT('2D SPACE',''
  ) );
#2819 = PCURVE('',#2820,#2825);
#2820 = PLANE('',#2821);
#2821 = AXIS2_PLACEMENT_3D('',#2822,#2823,#2824);
#2822 = CARTESIAN_POINT('',(-62.8,0.5,-1.));
#2823 = DIRECTION('',(0.,1.,0.));
#2824 = DIRECTION('',(0.,0.,1.));
#2825 = DEFINITIONAL_REPRESENTATION('',(#2826),#2830);
#2826 = LINE('',#2827,#2828);
#2827 = CARTESIAN_POINT('',(0.,46.141163318483));
#2828 = VECTOR('',#2829,1.);
#2829 = DIRECTION('',(-1.,0.));
#2830 = ( GEOMETRIC_REPRESENTATION_CONTEXT(2) 
PARAMETRIC_REPRESENTATION_CONTEXT() REPRESENTATION_CONTEXT('2D SPACE',''
  ) );
#2831 = ADVANCED_FACE('',(#2832),#2213,.T.);
#2832 = FACE_BOUND('',#2833,.T.);
#2833 = EDGE_LOOP('',(#2834,#2857,#2879,#2880));
#2834 = ORIENTED_EDGE('',*,*,#2835,.F.);
#2835 = EDGE_CURVE('',#2836,#2463,#2838,.T.);
#2836 = VERTEX_POINT('',#2837);
#2837 = CARTESIAN_POINT('',(-10.80625097686,0.5,24.));
#2838 = SURFACE_CURVE('',#2839,(#2843,#2850),.PCURVE_S1.);
#2839 = LINE('',#2840,#2841);
#2840 = CARTESIAN_POINT('',(-46.8,0.5,24.));
#2841 = VECTOR('',#2842,1.);
#2842 = DIRECTION('',(-1.,0.,0.));
#2843 = PCURVE('',#2213,#2844);
#2844 = DEFINITIONAL_REPRESENTATION('',(#2845),#2849);
#2845 = LINE('',#2846,#2847);
#2846 = CARTESIAN_POINT('',(-16.,0.5));
#2847 = VECTOR('',#2848,1.);
#2848 = DIRECTION('',(-1.,0.));
#2849 = ( GEOMETRIC_REPRESENTATION_CONTEXT(2) 
PARAMETRIC_REPRESENTATION_CONTEXT() REPRESENTATION_CONTEXT('2D SPACE',''
  ) );
#2850 = PCURVE('',#2820,#2851);
#2851 = DEFINITIONAL_REPRESENTATION('',(#2852),#2856);
#2852 = LINE('',#2853,#2854);
#2853 = CARTESIAN_POINT('',(25.,16.));
#2854 = VECTOR('',#2855,1.);
#2855 = DIRECTION('',(0.,-1.));
#2856 = ( GEOMETRIC_REPRESENTATION_CONTEXT(2) 
PARAMETRIC_REPRESENTATION_CONTEXT() REPRESENTATION_CONTEXT('2D SPACE',''
  ) );
#2857 = ORIENTED_EDGE('',*,*,#2858,.T.);
#2858 = EDGE_CURVE('',#2836,#2170,#2859,.T.);
#2859 = SURFACE_CURVE('',#2860,(#2865,#2872),.PCURVE_S1.);
#2860 = CIRCLE('',#2861,20.);
#2861 = AXIS2_PLACEMENT_3D('',#2862,#2863,#2864);
#2862 = CARTESIAN_POINT('',(-30.8,0.,24.));
#2863 = DIRECTION('',(0.,0.,1.));
#2864 = DIRECTION('',(1.,0.,0.));
#2865 = PCURVE('',#2213,#2866);
#2866 = DEFINITIONAL_REPRESENTATION('',(#2867),#2871);
#2867 = CIRCLE('',#2868,20.);
#2868 = AXIS2_PLACEMENT_2D('',#2869,#2870);
#2869 = CARTESIAN_POINT('',(0.,-1.371473012632E-15));
#2870 = DIRECTION('',(1.,0.));
#2871 = ( GEOMETRIC_REPRESENTATION_CONTEXT(2) 
PARAMETRIC_REPRESENTATION_CONTEXT() REPRESENTATION_CONTEXT('2D SPACE',''
  ) );
#2872 = PCURVE('',#2185,#2873);
#2873 = DEFINITIONAL_REPRESENTATION('',(#2874),#2878);
#2874 = LINE('',#2875,#2876);
#2875 = CARTESIAN_POINT('',(-0.,-24.));
#2876 = VECTOR('',#2877,1.);
#2877 = DIRECTION('',(-1.,0.));
#2878 = ( GEOMETRIC_REPRESENTATION_CONTEXT(2) 
PARAMETRIC_REPRESENTATION_CONTEXT() REPRESENTATION_CONTEXT('2D SPACE',''
  ) );
#2879 = ORIENTED_EDGE('',*,*,#2197,.F.);
#2880 = ORIENTED_EDGE('',*,*,#2462,.T.);
#2881 = ADVANCED_FACE('',(#2882),#2185,.T.);
#2882 = FACE_BOUND('',#2883,.F.);
#2883 = EDGE_LOOP('',(#2884,#2912,#2933,#2934));
#2884 = ORIENTED_EDGE('',*,*,#2885,.T.);
#2885 = EDGE_CURVE('',#2142,#2886,#2888,.T.);
#2886 = VERTEX_POINT('',#2887);
#2887 = CARTESIAN_POINT('',(-10.80625097686,0.5,21.));
#2888 = SURFACE_CURVE('',#2889,(#2894,#2901),.PCURVE_S1.);
#2889 = CIRCLE('',#2890,20.);
#2890 = AXIS2_PLACEMENT_3D('',#2891,#2892,#2893);
#2891 = CARTESIAN_POINT('',(-30.8,0.,21.));
#2892 = DIRECTION('',(0.,0.,-1.));
#2893 = DIRECTION('',(1.,0.,0.));
#2894 = PCURVE('',#2185,#2895);
#2895 = DEFINITIONAL_REPRESENTATION('',(#2896),#2900);
#2896 = LINE('',#2897,#2898);
#2897 = CARTESIAN_POINT('',(-6.28318530718,-21.));
#2898 = VECTOR('',#2899,1.);
#2899 = DIRECTION('',(1.,-0.));
#2900 = ( GEOMETRIC_REPRESENTATION_CONTEXT(2) 
PARAMETRIC_REPRESENTATION_CONTEXT() REPRESENTATION_CONTEXT('2D SPACE',''
  ) );
#2901 = PCURVE('',#2157,#2902);
#2902 = DEFINITIONAL_REPRESENTATION('',(#2903),#2911);
#2903 = ( BOUNDED_CURVE() B_SPLINE_CURVE(2,(#2904,#2905,#2906,#2907,
#2908,#2909,#2910),.UNSPECIFIED.,.T.,.F.) B_SPLINE_CURVE_WITH_KNOTS((1,2
    ,2,2,2,1),(-2.094395102393,0.,2.094395102393,4.188790204786,
6.28318530718,8.377580409573),.UNSPECIFIED.) CURVE() 
GEOMETRIC_REPRESENTATION_ITEM() RATIONAL_B_SPLINE_CURVE((1.,0.5,1.,0.5,
1.,0.5,1.)) REPRESENTATION_ITEM('') );
#2904 = CARTESIAN_POINT('',(20.,-9.64275951994E-17));
#2905 = CARTESIAN_POINT('',(20.,-34.64101615137));
#2906 = CARTESIAN_POINT('',(-10.,-17.32050807568));
#2907 = CARTESIAN_POINT('',(-40.,-4.995014791789E-15));
#2908 = CARTESIAN_POINT('',(-10.,17.320508075689));
#2909 = CARTESIAN_POINT('',(20.,34.641016151378));
#2910 = CARTESIAN_POINT('',(20.,-9.64275951994E-17));
#2911 = ( GEOMETRIC_REPRESENTATION_CONTEXT(2) 
PARAMETRIC_REPRESENTATION_CONTEXT() REPRESENTATION_CONTEXT('2D SPACE',''
  ) );
#2912 = ORIENTED_EDGE('',*,*,#2913,.F.);
#2913 = EDGE_CURVE('',#2836,#2886,#2914,.T.);
#2914 = SURFACE_CURVE('',#2915,(#2919,#2926),.PCURVE_S1.);
#2915 = LINE('',#2916,#2917);
#2916 = CARTESIAN_POINT('',(-10.80625097686,0.5,0.));
#2917 = VECTOR('',#2918,1.);
#2918 = DIRECTION('',(-0.,-0.,-1.));
#2919 = PCURVE('',#2185,#2920);
#2920 = DEFINITIONAL_REPRESENTATION('',(#2921),#2925);
#2921 = LINE('',#2922,#2923);
#2922 = CARTESIAN_POINT('',(-2.500260489936E-02,0.));
#2923 = VECTOR('',#2924,1.);
#2924 = DIRECTION('',(-0.,1.));
#2925 = ( GEOMETRIC_REPRESENTATION_CONTEXT(2) 
PARAMETRIC_REPRESENTATION_CONTEXT() REPRESENTATION_CONTEXT('2D SPACE',''
  ) );
#2926 = PCURVE('',#2820,#2927);
#2927 = DEFINITIONAL_REPRESENTATION('',(#2928),#2932);
#2928 = LINE('',#2929,#2930);
#2929 = CARTESIAN_POINT('',(1.,51.993749023132));
#2930 = VECTOR('',#2931,1.);
#2931 = DIRECTION('',(-1.,0.));
#2932 = ( GEOMETRIC_REPRESENTATION_CONTEXT(2) 
PARAMETRIC_REPRESENTATION_CONTEXT() REPRESENTATION_CONTEXT('2D SPACE',''
  ) );
#2933 = ORIENTED_EDGE('',*,*,#2858,.T.);
#2934 = ORIENTED_EDGE('',*,*,#2169,.T.);
#2935 = ADVANCED_FACE('',(#2936),#2157,.T.);
#2936 = FACE_BOUND('',#2937,.T.);
#2937 = EDGE_LOOP('',(#2938,#2963,#2987,#3010,#3031,#3032,#3033));
#2938 = ORIENTED_EDGE('',*,*,#2939,.T.);
#2939 = EDGE_CURVE('',#2940,#2942,#2944,.T.);
#2940 = VERTEX_POINT('',#2941);
#2941 = CARTESIAN_POINT('',(-9.8,0.5,21.));
#2942 = VERTEX_POINT('',#2943);
#2943 = CARTESIAN_POINT('',(-9.8,6.557438524302,21.));
#2944 = SURFACE_CURVE('',#2945,(#2949,#2956),.PCURVE_S1.);
#2945 = LINE('',#2946,#2947);
#2946 = CARTESIAN_POINT('',(-9.8,0.5,21.));
#2947 = VECTOR('',#2948,1.);
#2948 = DIRECTION('',(0.,1.,0.));
#2949 = PCURVE('',#2157,#2950);
#2950 = DEFINITIONAL_REPRESENTATION('',(#2951),#2955);
#2951 = LINE('',#2952,#2953);
#2952 = CARTESIAN_POINT('',(21.,0.5));
#2953 = VECTOR('',#2954,1.);
#2954 = DIRECTION('',(0.,1.));
#2955 = ( GEOMETRIC_REPRESENTATION_CONTEXT(2) 
PARAMETRIC_REPRESENTATION_CONTEXT() REPRESENTATION_CONTEXT('2D SPACE',''
  ) );
#2956 = PCURVE('',#2289,#2957);
#2957 = DEFINITIONAL_REPRESENTATION('',(#2958),#2962);
#2958 = LINE('',#2959,#2960);
#2959 = CARTESIAN_POINT('',(23.,-42.5));
#2960 = VECTOR('',#2961,1.);
#2961 = DIRECTION('',(0.,-1.));
#2962 = ( GEOMETRIC_REPRESENTATION_CONTEXT(2) 
PARAMETRIC_REPRESENTATION_CONTEXT() REPRESENTATION_CONTEXT('2D SPACE',''
  ) );
#2963 = ORIENTED_EDGE('',*,*,#2964,.T.);
#2964 = EDGE_CURVE('',#2942,#2965,#2967,.T.);
#2965 = VERTEX_POINT('',#2966);
#2966 = CARTESIAN_POINT('',(-52.43330765278,4.,21.));
#2967 = SURFACE_CURVE('',#2968,(#2973,#2980),.PCURVE_S1.);
#2968 = CIRCLE('',#2969,22.);
#2969 = AXIS2_PLACEMENT_3D('',#2970,#2971,#2972);
#2970 = CARTESIAN_POINT('',(-30.8,0.,21.));
#2971 = DIRECTION('',(0.,0.,1.));
#2972 = DIRECTION('',(1.,0.,0.));
#2973 = PCURVE('',#2157,#2974);
#2974 = DEFINITIONAL_REPRESENTATION('',(#2975),#2979);
#2975 = CIRCLE('',#2976,22.);
#2976 = AXIS2_PLACEMENT_2D('',#2977,#2978);
#2977 = CARTESIAN_POINT('',(3.552713678801E-15,-9.64275951994E-17));
#2978 = DIRECTION('',(1.,0.));
#2979 = ( GEOMETRIC_REPRESENTATION_CONTEXT(2) 
PARAMETRIC_REPRESENTATION_CONTEXT() REPRESENTATION_CONTEXT('2D SPACE',''
  ) );
#2980 = PCURVE('',#2318,#2981);
#2981 = DEFINITIONAL_REPRESENTATION('',(#2982),#2986);
#2982 = LINE('',#2983,#2984);
#2983 = CARTESIAN_POINT('',(-0.,-18.));
#2984 = VECTOR('',#2985,1.);
#2985 = DIRECTION('',(-1.,0.));
#2986 = ( GEOMETRIC_REPRESENTATION_CONTEXT(2) 
PARAMETRIC_REPRESENTATION_CONTEXT() REPRESENTATION_CONTEXT('2D SPACE',''
  ) );
#2987 = ORIENTED_EDGE('',*,*,#2988,.F.);
#2988 = EDGE_CURVE('',#2989,#2965,#2991,.T.);
#2989 = VERTEX_POINT('',#2990);
#2990 = CARTESIAN_POINT('',(-51.8,4.,21.));
#2991 = SURFACE_CURVE('',#2992,(#2996,#3003),.PCURVE_S1.);
#2992 = LINE('',#2993,#2994);
#2993 = CARTESIAN_POINT('',(-45.8,4.,21.));
#2994 = VECTOR('',#2995,1.);
#2995 = DIRECTION('',(-1.,0.,0.));
#2996 = PCURVE('',#2157,#2997);
#2997 = DEFINITIONAL_REPRESENTATION('',(#2998),#3002);
#2998 = LINE('',#2999,#3000);
#2999 = CARTESIAN_POINT('',(-15.,4.));
#3000 = VECTOR('',#3001,1.);
#3001 = DIRECTION('',(-1.,0.));
#3002 = ( GEOMETRIC_REPRESENTATION_CONTEXT(2) 
PARAMETRIC_REPRESENTATION_CONTEXT() REPRESENTATION_CONTEXT('2D SPACE',''
  ) );
#3003 = PCURVE('',#2346,#3004);
#3004 = DEFINITIONAL_REPRESENTATION('',(#3005),#3009);
#3005 = LINE('',#3006,#3007);
#3006 = CARTESIAN_POINT('',(21.,15.));
#3007 = VECTOR('',#3008,1.);
#3008 = DIRECTION('',(0.,-1.));
#3009 = ( GEOMETRIC_REPRESENTATION_CONTEXT(2) 
PARAMETRIC_REPRESENTATION_CONTEXT() REPRESENTATION_CONTEXT('2D SPACE',''
  ) );
#3010 = ORIENTED_EDGE('',*,*,#3011,.F.);
#3011 = EDGE_CURVE('',#2114,#2989,#3012,.T.);
#3012 = SURFACE_CURVE('',#3013,(#3017,#3024),.PCURVE_S1.);
#3013 = LINE('',#3014,#3015);
#3014 = CARTESIAN_POINT('',(-51.8,-2.,21.));
#3015 = VECTOR('',#3016,1.);
#3016 = DIRECTION('',(0.,1.,0.));
#3017 = PCURVE('',#2157,#3018);
#3018 = DEFINITIONAL_REPRESENTATION('',(#3019),#3023);
#3019 = LINE('',#3020,#3021);
#3020 = CARTESIAN_POINT('',(-21.,-2.));
#3021 = VECTOR('',#3022,1.);
#3022 = DIRECTION('',(0.,1.));
#3023 = ( GEOMETRIC_REPRESENTATION_CONTEXT(2) 
PARAMETRIC_REPRESENTATION_CONTEXT() REPRESENTATION_CONTEXT('2D SPACE',''
  ) );
#3024 = PCURVE('',#2129,#3025);
#3025 = DEFINITIONAL_REPRESENTATION('',(#3026),#3030);
#3026 = LINE('',#3027,#3028);
#3027 = CARTESIAN_POINT('',(21.,-2.));
#3028 = VECTOR('',#3029,1.);
#3029 = DIRECTION('',(0.,-1.));
#3030 = ( GEOMETRIC_REPRESENTATION_CONTEXT(2) 
PARAMETRIC_REPRESENTATION_CONTEXT() REPRESENTATION_CONTEXT('2D SPACE',''
  ) );
#3031 = ORIENTED_EDGE('',*,*,#2141,.F.);
#3032 = ORIENTED_EDGE('',*,*,#2885,.T.);
#3033 = ORIENTED_EDGE('',*,*,#3034,.F.);
#3034 = EDGE_CURVE('',#2940,#2886,#3035,.T.);
#3035 = SURFACE_CURVE('',#3036,(#3040,#3047),.PCURVE_S1.);
#3036 = LINE('',#3037,#3038);
#3037 = CARTESIAN_POINT('',(-46.8,0.5,21.));
#3038 = VECTOR('',#3039,1.);
#3039 = DIRECTION('',(-1.,0.,0.));
#3040 = PCURVE('',#2157,#3041);
#3041 = DEFINITIONAL_REPRESENTATION('',(#3042),#3046);
#3042 = LINE('',#3043,#3044);
#3043 = CARTESIAN_POINT('',(-16.,0.5));
#3044 = VECTOR('',#3045,1.);
#3045 = DIRECTION('',(-1.,0.));
#3046 = ( GEOMETRIC_REPRESENTATION_CONTEXT(2) 
PARAMETRIC_REPRESENTATION_CONTEXT() REPRESENTATION_CONTEXT('2D SPACE',''
  ) );
#3047 = PCURVE('',#2820,#3048);
#3048 = DEFINITIONAL_REPRESENTATION('',(#3049),#3053);
#3049 = LINE('',#3050,#3051);
#3050 = CARTESIAN_POINT('',(22.,16.));
#3051 = VECTOR('',#3052,1.);
#3052 = DIRECTION('',(0.,-1.));
#3053 = ( GEOMETRIC_REPRESENTATION_CONTEXT(2) 
PARAMETRIC_REPRESENTATION_CONTEXT() REPRESENTATION_CONTEXT('2D SPACE',''
  ) );
#3054 = ADVANCED_FACE('',(#3055),#2129,.T.);
#3055 = FACE_BOUND('',#3056,.T.);
#3056 = EDGE_LOOP('',(#3057,#3058,#3059,#3082));
#3057 = ORIENTED_EDGE('',*,*,#2113,.F.);
#3058 = ORIENTED_EDGE('',*,*,#3011,.T.);
#3059 = ORIENTED_EDGE('',*,*,#3060,.T.);
#3060 = EDGE_CURVE('',#2989,#3061,#3063,.T.);
#3061 = VERTEX_POINT('',#3062);
#3062 = CARTESIAN_POINT('',(-51.8,4.,24.));
#3063 = SURFACE_CURVE('',#3064,(#3068,#3075),.PCURVE_S1.);
#3064 = LINE('',#3065,#3066);
#3065 = CARTESIAN_POINT('',(-51.8,4.,0.));
#3066 = VECTOR('',#3067,1.);
#3067 = DIRECTION('',(0.,0.,1.));
#3068 = PCURVE('',#2129,#3069);
#3069 = DEFINITIONAL_REPRESENTATION('',(#3070),#3074);
#3070 = LINE('',#3071,#3072);
#3071 = CARTESIAN_POINT('',(0.,-8.));
#3072 = VECTOR('',#3073,1.);
#3073 = DIRECTION('',(1.,0.));
#3074 = ( GEOMETRIC_REPRESENTATION_CONTEXT(2) 
PARAMETRIC_REPRESENTATION_CONTEXT() REPRESENTATION_CONTEXT('2D SPACE',''
  ) );
#3075 = PCURVE('',#2346,#3076);
#3076 = DEFINITIONAL_REPRESENTATION('',(#3077),#3081);
#3077 = LINE('',#3078,#3079);
#3078 = CARTESIAN_POINT('',(0.,9.));
#3079 = VECTOR('',#3080,1.);
#3080 = DIRECTION('',(1.,0.));
#3081 = ( GEOMETRIC_REPRESENTATION_CONTEXT(2) 
PARAMETRIC_REPRESENTATION_CONTEXT() REPRESENTATION_CONTEXT('2D SPACE',''
  ) );
#3082 = ORIENTED_EDGE('',*,*,#3083,.F.);
#3083 = EDGE_CURVE('',#2086,#3061,#3084,.T.);
#3084 = SURFACE_CURVE('',#3085,(#3089,#3096),.PCURVE_S1.);
#3085 = LINE('',#3086,#3087);
#3086 = CARTESIAN_POINT('',(-51.8,-4.,24.));
#3087 = VECTOR('',#3088,1.);
#3088 = DIRECTION('',(0.,1.,0.));
#3089 = PCURVE('',#2129,#3090);
#3090 = DEFINITIONAL_REPRESENTATION('',(#3091),#3095);
#3091 = LINE('',#3092,#3093);
#3092 = CARTESIAN_POINT('',(24.,0.));
#3093 = VECTOR('',#3094,1.);
#3094 = DIRECTION('',(0.,-1.));
#3095 = ( GEOMETRIC_REPRESENTATION_CONTEXT(2) 
PARAMETRIC_REPRESENTATION_CONTEXT() REPRESENTATION_CONTEXT('2D SPACE',''
  ) );
#3096 = PCURVE('',#2101,#3097);
#3097 = DEFINITIONAL_REPRESENTATION('',(#3098),#3102);
#3098 = LINE('',#3099,#3100);
#3099 = CARTESIAN_POINT('',(9.,0.));
#3100 = VECTOR('',#3101,1.);
#3101 = DIRECTION('',(0.,1.));
#3102 = ( GEOMETRIC_REPRESENTATION_CONTEXT(2) 
PARAMETRIC_REPRESENTATION_CONTEXT() REPRESENTATION_CONTEXT('2D SPACE',''
  ) );
#3103 = ADVANCED_FACE('',(#3104),#2101,.T.);
#3104 = FACE_BOUND('',#3105,.T.);
#3105 = EDGE_LOOP('',(#3106,#3129,#3130,#3131));
#3106 = ORIENTED_EDGE('',*,*,#3107,.F.);
#3107 = EDGE_CURVE('',#2058,#3108,#3110,.T.);
#3108 = VERTEX_POINT('',#3109);
#3109 = CARTESIAN_POINT('',(-60.8,4.,24.));
#3110 = SURFACE_CURVE('',#3111,(#3115,#3122),.PCURVE_S1.);
#3111 = LINE('',#3112,#3113);
#3112 = CARTESIAN_POINT('',(-60.8,-4.,24.));
#3113 = VECTOR('',#3114,1.);
#3114 = DIRECTION('',(0.,1.,0.));
#3115 = PCURVE('',#2101,#3116);
#3116 = DEFINITIONAL_REPRESENTATION('',(#3117),#3121);
#3117 = LINE('',#3118,#3119);
#3118 = CARTESIAN_POINT('',(0.,0.));
#3119 = VECTOR('',#3120,1.);
#3120 = DIRECTION('',(0.,1.));
#3121 = ( GEOMETRIC_REPRESENTATION_CONTEXT(2) 
PARAMETRIC_REPRESENTATION_CONTEXT() REPRESENTATION_CONTEXT('2D SPACE',''
  ) );
#3122 = PCURVE('',#2073,#3123);
#3123 = DEFINITIONAL_REPRESENTATION('',(#3124),#3128);
#3124 = LINE('',#3125,#3126);
#3125 = CARTESIAN_POINT('',(24.,0.));
#3126 = VECTOR('',#3127,1.);
#3127 = DIRECTION('',(0.,-1.));
#3128 = ( GEOMETRIC_REPRESENTATION_CONTEXT(2) 
PARAMETRIC_REPRESENTATION_CONTEXT() REPRESENTATION_CONTEXT('2D SPACE',''
  ) );
#3129 = ORIENTED_EDGE('',*,*,#2085,.F.);
#3130 = ORIENTED_EDGE('',*,*,#3083,.T.);
#3131 = ORIENTED_EDGE('',*,*,#3132,.F.);
#3132 = EDGE_CURVE('',#3108,#3061,#3133,.T.);
#3133 = SURFACE_CURVE('',#3134,(#3138,#3145),.PCURVE_S1.);
#3134 = LINE('',#3135,#3136);
#3135 = CARTESIAN_POINT('',(-60.8,4.,24.));
#3136 = VECTOR('',#3137,1.);
#3137 = DIRECTION('',(1.,0.,0.));
#3138 = PCURVE('',#2101,#3139);
#3139 = DEFINITIONAL_REPRESENTATION('',(#3140),#3144);
#3140 = LINE('',#3141,#3142);
#3141 = CARTESIAN_POINT('',(0.,8.));
#3142 = VECTOR('',#3143,1.);
#3143 = DIRECTION('',(1.,0.));
#3144 = ( GEOMETRIC_REPRESENTATION_CONTEXT(2) 
PARAMETRIC_REPRESENTATION_CONTEXT() REPRESENTATION_CONTEXT('2D SPACE',''
  ) );
#3145 = PCURVE('',#2346,#3146);
#3146 = DEFINITIONAL_REPRESENTATION('',(#3147),#3151);
#3147 = LINE('',#3148,#3149);
#3148 = CARTESIAN_POINT('',(24.,0.));
#3149 = VECTOR('',#3150,1.);
#3150 = DIRECTION('',(0.,1.));
#3151 = ( GEOMETRIC_REPRESENTATION_CONTEXT(2) 
PARAMETRIC_REPRESENTATION_CONTEXT() REPRESENTATION_CONTEXT('2D SPACE',''
  ) );
#3152 = ADVANCED_FACE('',(#3153),#2073,.F.);
#3153 = FACE_BOUND('',#3154,.F.);
#3154 = EDGE_LOOP('',(#3155,#3156,#3157,#3180));
#3155 = ORIENTED_EDGE('',*,*,#3107,.F.);
#3156 = ORIENTED_EDGE('',*,*,#2057,.F.);
#3157 = ORIENTED_EDGE('',*,*,#3158,.T.);
#3158 = EDGE_CURVE('',#2030,#3159,#3161,.T.);
#3159 = VERTEX_POINT('',#3160);
#3160 = CARTESIAN_POINT('',(-60.8,4.,0.));
#3161 = SURFACE_CURVE('',#3162,(#3166,#3173),.PCURVE_S1.);
#3162 = LINE('',#3163,#3164);
#3163 = CARTESIAN_POINT('',(-60.8,-4.,0.));
#3164 = VECTOR('',#3165,1.);
#3165 = DIRECTION('',(0.,1.,0.));
#3166 = PCURVE('',#2073,#3167);
#3167 = DEFINITIONAL_REPRESENTATION('',(#3168),#3172);
#3168 = LINE('',#3169,#3170);
#3169 = CARTESIAN_POINT('',(0.,0.));
#3170 = VECTOR('',#3171,1.);
#3171 = DIRECTION('',(0.,-1.));
#3172 = ( GEOMETRIC_REPRESENTATION_CONTEXT(2) 
PARAMETRIC_REPRESENTATION_CONTEXT() REPRESENTATION_CONTEXT('2D SPACE',''
  ) );
#3173 = PCURVE('',#2045,#3174);
#3174 = DEFINITIONAL_REPRESENTATION('',(#3175),#3179);
#3175 = LINE('',#3176,#3177);
#3176 = CARTESIAN_POINT('',(0.,0.));
#3177 = VECTOR('',#3178,1.);
#3178 = DIRECTION('',(0.,1.));
#3179 = ( GEOMETRIC_REPRESENTATION_CONTEXT(2) 
PARAMETRIC_REPRESENTATION_CONTEXT() REPRESENTATION_CONTEXT('2D SPACE',''
  ) );
#3180 = ORIENTED_EDGE('',*,*,#3181,.T.);
#3181 = EDGE_CURVE('',#3159,#3108,#3182,.T.);
#3182 = SURFACE_CURVE('',#3183,(#3187,#3194),.PCURVE_S1.);
#3183 = LINE('',#3184,#3185);
#3184 = CARTESIAN_POINT('',(-60.8,4.,0.));
#3185 = VECTOR('',#3186,1.);
#3186 = DIRECTION('',(0.,0.,1.));
#3187 = PCURVE('',#2073,#3188);
#3188 = DEFINITIONAL_REPRESENTATION('',(#3189),#3193);
#3189 = LINE('',#3190,#3191);
#3190 = CARTESIAN_POINT('',(0.,-8.));
#3191 = VECTOR('',#3192,1.);
#3192 = DIRECTION('',(1.,0.));
#3193 = ( GEOMETRIC_REPRESENTATION_CONTEXT(2) 
PARAMETRIC_REPRESENTATION_CONTEXT() REPRESENTATION_CONTEXT('2D SPACE',''
  ) );
#3194 = PCURVE('',#2346,#3195);
#3195 = DEFINITIONAL_REPRESENTATION('',(#3196),#3200);
#3196 = LINE('',#3197,#3198);
#3197 = CARTESIAN_POINT('',(0.,0.));
#3198 = VECTOR('',#3199,1.);
#3199 = DIRECTION('',(1.,0.));
#3200 = ( GEOMETRIC_REPRESENTATION_CONTEXT(2) 
PARAMETRIC_REPRESENTATION_CONTEXT() REPRESENTATION_CONTEXT('2D SPACE',''
  ) );
#3201 = ADVANCED_FACE('',(#3202),#2045,.F.);
#3202 = FACE_BOUND('',#3203,.F.);
#3203 = EDGE_LOOP('',(#3204,#3205,#3206,#3229));
#3204 = ORIENTED_EDGE('',*,*,#3158,.F.);
#3205 = ORIENTED_EDGE('',*,*,#2029,.F.);
#3206 = ORIENTED_EDGE('',*,*,#3207,.T.);
#3207 = EDGE_CURVE('',#2002,#3208,#3210,.T.);
#3208 = VERTEX_POINT('',#3209);
#3209 = CARTESIAN_POINT('',(-51.8,4.,0.));
#3210 = SURFACE_CURVE('',#3211,(#3215,#3222),.PCURVE_S1.);
#3211 = LINE('',#3212,#3213);
#3212 = CARTESIAN_POINT('',(-51.8,-4.,0.));
#3213 = VECTOR('',#3214,1.);
#3214 = DIRECTION('',(0.,1.,0.));
#3215 = PCURVE('',#2045,#3216);
#3216 = DEFINITIONAL_REPRESENTATION('',(#3217),#3221);
#3217 = LINE('',#3218,#3219);
#3218 = CARTESIAN_POINT('',(9.,0.));
#3219 = VECTOR('',#3220,1.);
#3220 = DIRECTION('',(0.,1.));
#3221 = ( GEOMETRIC_REPRESENTATION_CONTEXT(2) 
PARAMETRIC_REPRESENTATION_CONTEXT() REPRESENTATION_CONTEXT('2D SPACE',''
  ) );
#3222 = PCURVE('',#2017,#3223);
#3223 = DEFINITIONAL_REPRESENTATION('',(#3224),#3228);
#3224 = LINE('',#3225,#3226);
#3225 = CARTESIAN_POINT('',(0.,0.));
#3226 = VECTOR('',#3227,1.);
#3227 = DIRECTION('',(0.,-1.));
#3228 = ( GEOMETRIC_REPRESENTATION_CONTEXT(2) 
PARAMETRIC_REPRESENTATION_CONTEXT() REPRESENTATION_CONTEXT('2D SPACE',''
  ) );
#3229 = ORIENTED_EDGE('',*,*,#3230,.F.);
#3230 = EDGE_CURVE('',#3159,#3208,#3231,.T.);
#3231 = SURFACE_CURVE('',#3232,(#3236,#3243),.PCURVE_S1.);
#3232 = LINE('',#3233,#3234);
#3233 = CARTESIAN_POINT('',(-60.8,4.,0.));
#3234 = VECTOR('',#3235,1.);
#3235 = DIRECTION('',(1.,0.,0.));
#3236 = PCURVE('',#2045,#3237);
#3237 = DEFINITIONAL_REPRESENTATION('',(#3238),#3242);
#3238 = LINE('',#3239,#3240);
#3239 = CARTESIAN_POINT('',(0.,8.));
#3240 = VECTOR('',#3241,1.);
#3241 = DIRECTION('',(1.,0.));
#3242 = ( GEOMETRIC_REPRESENTATION_CONTEXT(2) 
PARAMETRIC_REPRESENTATION_CONTEXT() REPRESENTATION_CONTEXT('2D SPACE',''
  ) );
#3243 = PCURVE('',#2346,#3244);
#3244 = DEFINITIONAL_REPRESENTATION('',(#3245),#3249);
#3245 = LINE('',#3246,#3247);
#3246 = CARTESIAN_POINT('',(0.,0.));
#3247 = VECTOR('',#3248,1.);
#3248 = DIRECTION('',(0.,1.));
#3249 = ( GEOMETRIC_REPRESENTATION_CONTEXT(2) 
PARAMETRIC_REPRESENTATION_CONTEXT() REPRESENTATION_CONTEXT('2D SPACE',''
  ) );
#3250 = ADVANCED_FACE('',(#3251),#2017,.T.);
#3251 = FACE_BOUND('',#3252,.T.);
#3252 = EDGE_LOOP('',(#3253,#3254,#3255,#3276));
#3253 = ORIENTED_EDGE('',*,*,#2001,.F.);
#3254 = ORIENTED_EDGE('',*,*,#3207,.T.);
#3255 = ORIENTED_EDGE('',*,*,#3256,.T.);
#3256 = EDGE_CURVE('',#3208,#2331,#3257,.T.);
#3257 = SURFACE_CURVE('',#3258,(#3262,#3269),.PCURVE_S1.);
#3258 = LINE('',#3259,#3260);
#3259 = CARTESIAN_POINT('',(-51.8,4.,0.));
#3260 = VECTOR('',#3261,1.);
#3261 = DIRECTION('',(0.,0.,1.));
#3262 = PCURVE('',#2017,#3263);
#3263 = DEFINITIONAL_REPRESENTATION('',(#3264),#3268);
#3264 = LINE('',#3265,#3266);
#3265 = CARTESIAN_POINT('',(0.,-8.));
#3266 = VECTOR('',#3267,1.);
#3267 = DIRECTION('',(1.,0.));
#3268 = ( GEOMETRIC_REPRESENTATION_CONTEXT(2) 
PARAMETRIC_REPRESENTATION_CONTEXT() REPRESENTATION_CONTEXT('2D SPACE',''
  ) );
#3269 = PCURVE('',#2346,#3270);
#3270 = DEFINITIONAL_REPRESENTATION('',(#3271),#3275);
#3271 = LINE('',#3272,#3273);
#3272 = CARTESIAN_POINT('',(0.,9.));
#3273 = VECTOR('',#3274,1.);
#3274 = DIRECTION('',(1.,0.));
#3275 = ( GEOMETRIC_REPRESENTATION_CONTEXT(2) 
PARAMETRIC_REPRESENTATION_CONTEXT() REPRESENTATION_CONTEXT('2D SPACE',''
  ) );
#3276 = ORIENTED_EDGE('',*,*,#2358,.F.);
#3277 = ADVANCED_FACE('',(#3278),#2289,.T.);
#3278 = FACE_BOUND('',#3279,.T.);
#3279 = EDGE_LOOP('',(#3280,#3281,#3282,#3303,#3304,#3327,#3355,#3378));
#3280 = ORIENTED_EDGE('',*,*,#2384,.T.);
#3281 = ORIENTED_EDGE('',*,*,#2273,.F.);
#3282 = ORIENTED_EDGE('',*,*,#3283,.F.);
#3283 = EDGE_CURVE('',#2942,#2274,#3284,.T.);
#3284 = SURFACE_CURVE('',#3285,(#3289,#3296),.PCURVE_S1.);
#3285 = LINE('',#3286,#3287);
#3286 = CARTESIAN_POINT('',(-9.8,6.557438524302,3.));
#3287 = VECTOR('',#3288,1.);
#3288 = DIRECTION('',(-0.,-0.,-1.));
#3289 = PCURVE('',#2289,#3290);
#3290 = DEFINITIONAL_REPRESENTATION('',(#3291),#3295);
#3291 = LINE('',#3292,#3293);
#3292 = CARTESIAN_POINT('',(5.,-48.5574385243));
#3293 = VECTOR('',#3294,1.);
#3294 = DIRECTION('',(-1.,0.));
#3295 = ( GEOMETRIC_REPRESENTATION_CONTEXT(2) 
PARAMETRIC_REPRESENTATION_CONTEXT() REPRESENTATION_CONTEXT('2D SPACE',''
  ) );
#3296 = PCURVE('',#2318,#3297);
#3297 = DEFINITIONAL_REPRESENTATION('',(#3298),#3302);
#3298 = LINE('',#3299,#3300);
#3299 = CARTESIAN_POINT('',(-0.302665273954,0.));
#3300 = VECTOR('',#3301,1.);
#3301 = DIRECTION('',(-0.,1.));
#3302 = ( GEOMETRIC_REPRESENTATION_CONTEXT(2) 
PARAMETRIC_REPRESENTATION_CONTEXT() REPRESENTATION_CONTEXT('2D SPACE',''
  ) );
#3303 = ORIENTED_EDGE('',*,*,#2939,.F.);
#3304 = ORIENTED_EDGE('',*,*,#3305,.T.);
#3305 = EDGE_CURVE('',#2940,#3306,#3308,.T.);
#3306 = VERTEX_POINT('',#3307);
#3307 = CARTESIAN_POINT('',(-9.8,0.5,18.424807680927));
#3308 = SURFACE_CURVE('',#3309,(#3313,#3320),.PCURVE_S1.);
#3309 = LINE('',#3310,#3311);
#3310 = CARTESIAN_POINT('',(-9.8,0.5,-1.5));
#3311 = VECTOR('',#3312,1.);
#3312 = DIRECTION('',(0.,0.,-1.));
#3313 = PCURVE('',#2289,#3314);
#3314 = DEFINITIONAL_REPRESENTATION('',(#3315),#3319);
#3315 = LINE('',#3316,#3317);
#3316 = CARTESIAN_POINT('',(0.5,-42.5));
#3317 = VECTOR('',#3318,1.);
#3318 = DIRECTION('',(-1.,0.));
#3319 = ( GEOMETRIC_REPRESENTATION_CONTEXT(2) 
PARAMETRIC_REPRESENTATION_CONTEXT() REPRESENTATION_CONTEXT('2D SPACE',''
  ) );
#3320 = PCURVE('',#2820,#3321);
#3321 = DEFINITIONAL_REPRESENTATION('',(#3322),#3326);
#3322 = LINE('',#3323,#3324);
#3323 = CARTESIAN_POINT('',(-0.5,53.));
#3324 = VECTOR('',#3325,1.);
#3325 = DIRECTION('',(-1.,0.));
#3326 = ( GEOMETRIC_REPRESENTATION_CONTEXT(2) 
PARAMETRIC_REPRESENTATION_CONTEXT() REPRESENTATION_CONTEXT('2D SPACE',''
  ) );
#3327 = ORIENTED_EDGE('',*,*,#3328,.T.);
#3328 = EDGE_CURVE('',#3306,#3329,#3331,.T.);
#3329 = VERTEX_POINT('',#3330);
#3330 = CARTESIAN_POINT('',(-9.8,0.5,15.175192319073));
#3331 = SURFACE_CURVE('',#3332,(#3337,#3348),.PCURVE_S1.);
#3332 = CIRCLE('',#3333,1.7);
#3333 = AXIS2_PLACEMENT_3D('',#3334,#3335,#3336);
#3334 = CARTESIAN_POINT('',(-9.8,0.,16.8));
#3335 = DIRECTION('',(-1.,0.,0.));
#3336 = DIRECTION('',(0.,1.,0.));
#3337 = PCURVE('',#2289,#3338);
#3338 = DEFINITIONAL_REPRESENTATION('',(#3339),#3347);
#3339 = ( BOUNDED_CURVE() B_SPLINE_CURVE(2,(#3340,#3341,#3342,#3343,
#3344,#3345,#3346),.UNSPECIFIED.,.T.,.F.) B_SPLINE_CURVE_WITH_KNOTS((1,2
    ,2,2,2,1),(-2.094395102393,0.,2.094395102393,4.188790204786,
6.28318530718,8.377580409573),.UNSPECIFIED.) CURVE() 
GEOMETRIC_REPRESENTATION_ITEM() RATIONAL_B_SPLINE_CURVE((1.,0.5,1.,0.5,
1.,0.5,1.)) REPRESENTATION_ITEM('') );
#3340 = CARTESIAN_POINT('',(18.8,-43.7));
#3341 = CARTESIAN_POINT('',(15.855513627133,-43.7));
#3342 = CARTESIAN_POINT('',(17.327756813566,-41.15));
#3343 = CARTESIAN_POINT('',(18.8,-38.6));
#3344 = CARTESIAN_POINT('',(20.272243186434,-41.15));
#3345 = CARTESIAN_POINT('',(21.744486372867,-43.7));
#3346 = CARTESIAN_POINT('',(18.8,-43.7));
#3347 = ( GEOMETRIC_REPRESENTATION_CONTEXT(2) 
PARAMETRIC_REPRESENTATION_CONTEXT() REPRESENTATION_CONTEXT('2D SPACE',''
  ) );
#3348 = PCURVE('',#2750,#3349);
#3349 = DEFINITIONAL_REPRESENTATION('',(#3350),#3354);
#3350 = LINE('',#3351,#3352);
#3351 = CARTESIAN_POINT('',(-12.56637061435,-21.));
#3352 = VECTOR('',#3353,1.);
#3353 = DIRECTION('',(1.,-0.));
#3354 = ( GEOMETRIC_REPRESENTATION_CONTEXT(2) 
PARAMETRIC_REPRESENTATION_CONTEXT() REPRESENTATION_CONTEXT('2D SPACE',''
  ) );
#3355 = ORIENTED_EDGE('',*,*,#3356,.T.);
#3356 = EDGE_CURVE('',#3329,#3357,#3359,.T.);
#3357 = VERTEX_POINT('',#3358);
#3358 = CARTESIAN_POINT('',(-9.8,0.5,10.024807680927));
#3359 = SURFACE_CURVE('',#3360,(#3364,#3371),.PCURVE_S1.);
#3360 = LINE('',#3361,#3362);
#3361 = CARTESIAN_POINT('',(-9.8,0.5,-1.5));
#3362 = VECTOR('',#3363,1.);
#3363 = DIRECTION('',(0.,0.,-1.));
#3364 = PCURVE('',#2289,#3365);
#3365 = DEFINITIONAL_REPRESENTATION('',(#3366),#3370);
#3366 = LINE('',#3367,#3368);
#3367 = CARTESIAN_POINT('',(0.5,-42.5));
#3368 = VECTOR('',#3369,1.);
#3369 = DIRECTION('',(-1.,0.));
#3370 = ( GEOMETRIC_REPRESENTATION_CONTEXT(2) 
PARAMETRIC_REPRESENTATION_CONTEXT() REPRESENTATION_CONTEXT('2D SPACE',''
  ) );
#3371 = PCURVE('',#2649,#3372);
#3372 = DEFINITIONAL_REPRESENTATION('',(#3373),#3377);
#3373 = LINE('',#3374,#3375);
#3374 = CARTESIAN_POINT('',(-0.5,53.));
#3375 = VECTOR('',#3376,1.);
#3376 = DIRECTION('',(-1.,0.));
#3377 = ( GEOMETRIC_REPRESENTATION_CONTEXT(2) 
PARAMETRIC_REPRESENTATION_CONTEXT() REPRESENTATION_CONTEXT('2D SPACE',''
  ) );
#3378 = ORIENTED_EDGE('',*,*,#3379,.T.);
#3379 = EDGE_CURVE('',#3357,#2385,#3380,.T.);
#3380 = SURFACE_CURVE('',#3381,(#3386,#3397),.PCURVE_S1.);
#3381 = CIRCLE('',#3382,1.7);
#3382 = AXIS2_PLACEMENT_3D('',#3383,#3384,#3385);
#3383 = CARTESIAN_POINT('',(-9.8,0.,8.4));
#3384 = DIRECTION('',(-1.,0.,0.));
#3385 = DIRECTION('',(0.,1.,0.));
#3386 = PCURVE('',#2289,#3387);
#3387 = DEFINITIONAL_REPRESENTATION('',(#3388),#3396);
#3388 = ( BOUNDED_CURVE() B_SPLINE_CURVE(2,(#3389,#3390,#3391,#3392,
#3393,#3394,#3395),.UNSPECIFIED.,.T.,.F.) B_SPLINE_CURVE_WITH_KNOTS((1,2
    ,2,2,2,1),(-2.094395102393,0.,2.094395102393,4.188790204786,
6.28318530718,8.377580409573),.UNSPECIFIED.) CURVE() 
GEOMETRIC_REPRESENTATION_ITEM() RATIONAL_B_SPLINE_CURVE((1.,0.5,1.,0.5,
1.,0.5,1.)) REPRESENTATION_ITEM('') );
#3389 = CARTESIAN_POINT('',(10.4,-43.7));
#3390 = CARTESIAN_POINT('',(7.455513627133,-43.7));
#3391 = CARTESIAN_POINT('',(8.927756813566,-41.15));
#3392 = CARTESIAN_POINT('',(10.4,-38.6));
#3393 = CARTESIAN_POINT('',(11.872243186434,-41.15));
#3394 = CARTESIAN_POINT('',(13.344486372867,-43.7));
#3395 = CARTESIAN_POINT('',(10.4,-43.7));
#3396 = ( GEOMETRIC_REPRESENTATION_CONTEXT(2) 
PARAMETRIC_REPRESENTATION_CONTEXT() REPRESENTATION_CONTEXT('2D SPACE',''
  ) );
#3397 = PCURVE('',#2447,#3398);
#3398 = DEFINITIONAL_REPRESENTATION('',(#3399),#3403);
#3399 = LINE('',#3400,#3401);
#3400 = CARTESIAN_POINT('',(-12.56637061435,-21.));
#3401 = VECTOR('',#3402,1.);
#3402 = DIRECTION('',(1.,-0.));
#3403 = ( GEOMETRIC_REPRESENTATION_CONTEXT(2) 
PARAMETRIC_REPRESENTATION_CONTEXT() REPRESENTATION_CONTEXT('2D SPACE',''
  ) );
#3404 = ADVANCED_FACE('',(#3405),#2346,.T.);
#3405 = FACE_BOUND('',#3406,.T.);
#3406 = EDGE_LOOP('',(#3407,#3408,#3409,#3410,#3411,#3412,#3413,#3434));
#3407 = ORIENTED_EDGE('',*,*,#3256,.F.);
#3408 = ORIENTED_EDGE('',*,*,#3230,.F.);
#3409 = ORIENTED_EDGE('',*,*,#3181,.T.);
#3410 = ORIENTED_EDGE('',*,*,#3132,.T.);
#3411 = ORIENTED_EDGE('',*,*,#3060,.F.);
#3412 = ORIENTED_EDGE('',*,*,#2988,.T.);
#3413 = ORIENTED_EDGE('',*,*,#3414,.T.);
#3414 = EDGE_CURVE('',#2965,#2302,#3415,.T.);
#3415 = SURFACE_CURVE('',#3416,(#3420,#3427),.PCURVE_S1.);
#3416 = LINE('',#3417,#3418);
#3417 = CARTESIAN_POINT('',(-52.43330765278,4.,3.));
#3418 = VECTOR('',#3419,1.);
#3419 = DIRECTION('',(-0.,-0.,-1.));
#3420 = PCURVE('',#2346,#3421);
#3421 = DEFINITIONAL_REPRESENTATION('',(#3422),#3426);
#3422 = LINE('',#3423,#3424);
#3423 = CARTESIAN_POINT('',(3.,8.366692347216));
#3424 = VECTOR('',#3425,1.);
#3425 = DIRECTION('',(-1.,0.));
#3426 = ( GEOMETRIC_REPRESENTATION_CONTEXT(2) 
PARAMETRIC_REPRESENTATION_CONTEXT() REPRESENTATION_CONTEXT('2D SPACE',''
  ) );
#3427 = PCURVE('',#2318,#3428);
#3428 = DEFINITIONAL_REPRESENTATION('',(#3429),#3433);
#3429 = LINE('',#3430,#3431);
#3430 = CARTESIAN_POINT('',(-2.958757516597,0.));
#3431 = VECTOR('',#3432,1.);
#3432 = DIRECTION('',(-0.,1.));
#3433 = ( GEOMETRIC_REPRESENTATION_CONTEXT(2) 
PARAMETRIC_REPRESENTATION_CONTEXT() REPRESENTATION_CONTEXT('2D SPACE',''
  ) );
#3434 = ORIENTED_EDGE('',*,*,#2330,.F.);
#3435 = ADVANCED_FACE('',(#3436),#2318,.T.);
#3436 = FACE_BOUND('',#3437,.F.);
#3437 = EDGE_LOOP('',(#3438,#3439,#3440,#3441));
#3438 = ORIENTED_EDGE('',*,*,#2301,.F.);
#3439 = ORIENTED_EDGE('',*,*,#3283,.F.);
#3440 = ORIENTED_EDGE('',*,*,#2964,.T.);
#3441 = ORIENTED_EDGE('',*,*,#3414,.T.);
#3442 = ADVANCED_FACE('',(#3443),#2447,.F.);
#3443 = FACE_BOUND('',#3444,.T.);
#3444 = EDGE_LOOP('',(#3445,#3446,#3467,#3468));
#3445 = ORIENTED_EDGE('',*,*,#3379,.F.);
#3446 = ORIENTED_EDGE('',*,*,#3447,.T.);
#3447 = EDGE_CURVE('',#3357,#2494,#3448,.T.);
#3448 = SURFACE_CURVE('',#3449,(#3453,#3460),.PCURVE_S1.);
#3449 = LINE('',#3450,#3451);
#3450 = CARTESIAN_POINT('',(-30.8,0.5,10.024807680927));
#3451 = VECTOR('',#3452,1.);
#3452 = DIRECTION('',(-1.,-0.,-0.));
#3453 = PCURVE('',#2447,#3454);
#3454 = DEFINITIONAL_REPRESENTATION('',(#3455),#3459);
#3455 = LINE('',#3456,#3457);
#3456 = CARTESIAN_POINT('',(-7.55544943279,0.));
#3457 = VECTOR('',#3458,1.);
#3458 = DIRECTION('',(-0.,1.));
#3459 = ( GEOMETRIC_REPRESENTATION_CONTEXT(2) 
PARAMETRIC_REPRESENTATION_CONTEXT() REPRESENTATION_CONTEXT('2D SPACE',''
  ) );
#3460 = PCURVE('',#2649,#3461);
#3461 = DEFINITIONAL_REPRESENTATION('',(#3462),#3466);
#3462 = LINE('',#3463,#3464);
#3463 = CARTESIAN_POINT('',(11.024807680927,32.));
#3464 = VECTOR('',#3465,1.);
#3465 = DIRECTION('',(0.,-1.));
#3466 = ( GEOMETRIC_REPRESENTATION_CONTEXT(2) 
PARAMETRIC_REPRESENTATION_CONTEXT() REPRESENTATION_CONTEXT('2D SPACE',''
  ) );
#3467 = ORIENTED_EDGE('',*,*,#2493,.F.);
#3468 = ORIENTED_EDGE('',*,*,#2433,.F.);
#3469 = ADVANCED_FACE('',(#3470),#2649,.F.);
#3470 = FACE_BOUND('',#3471,.F.);
#3471 = EDGE_LOOP('',(#3472,#3473,#3474,#3475));
#3472 = ORIENTED_EDGE('',*,*,#3356,.T.);
#3473 = ORIENTED_EDGE('',*,*,#3447,.T.);
#3474 = ORIENTED_EDGE('',*,*,#2633,.F.);
#3475 = ORIENTED_EDGE('',*,*,#3476,.F.);
#3476 = EDGE_CURVE('',#3329,#2634,#3477,.T.);
#3477 = SURFACE_CURVE('',#3478,(#3482,#3489),.PCURVE_S1.);
#3478 = LINE('',#3479,#3480);
#3479 = CARTESIAN_POINT('',(-30.8,0.5,15.175192319073));
#3480 = VECTOR('',#3481,1.);
#3481 = DIRECTION('',(-1.,-0.,-0.));
#3482 = PCURVE('',#2649,#3483);
#3483 = DEFINITIONAL_REPRESENTATION('',(#3484),#3488);
#3484 = LINE('',#3485,#3486);
#3485 = CARTESIAN_POINT('',(16.175192319073,32.));
#3486 = VECTOR('',#3487,1.);
#3487 = DIRECTION('',(0.,-1.));
#3488 = ( GEOMETRIC_REPRESENTATION_CONTEXT(2) 
PARAMETRIC_REPRESENTATION_CONTEXT() REPRESENTATION_CONTEXT('2D SPACE',''
  ) );
#3489 = PCURVE('',#2750,#3490);
#3490 = DEFINITIONAL_REPRESENTATION('',(#3491),#3495);
#3491 = LINE('',#3492,#3493);
#3492 = CARTESIAN_POINT('',(-5.01092118157,0.));
#3493 = VECTOR('',#3494,1.);
#3494 = DIRECTION('',(-0.,1.));
#3495 = ( GEOMETRIC_REPRESENTATION_CONTEXT(2) 
PARAMETRIC_REPRESENTATION_CONTEXT() REPRESENTATION_CONTEXT('2D SPACE',''
  ) );
#3496 = ADVANCED_FACE('',(#3497),#2750,.F.);
#3497 = FACE_BOUND('',#3498,.T.);
#3498 = EDGE_LOOP('',(#3499,#3500,#3501,#3502));
#3499 = ORIENTED_EDGE('',*,*,#2661,.F.);
#3500 = ORIENTED_EDGE('',*,*,#3476,.F.);
#3501 = ORIENTED_EDGE('',*,*,#3328,.F.);
#3502 = ORIENTED_EDGE('',*,*,#3503,.T.);
#3503 = EDGE_CURVE('',#3306,#2662,#3504,.T.);
#3504 = SURFACE_CURVE('',#3505,(#3509,#3516),.PCURVE_S1.);
#3505 = LINE('',#3506,#3507);
#3506 = CARTESIAN_POINT('',(-30.8,0.5,18.424807680927));
#3507 = VECTOR('',#3508,1.);
#3508 = DIRECTION('',(-1.,-0.,-0.));
#3509 = PCURVE('',#2750,#3510);
#3510 = DEFINITIONAL_REPRESENTATION('',(#3511),#3515);
#3511 = LINE('',#3512,#3513);
#3512 = CARTESIAN_POINT('',(-7.55544943279,0.));
#3513 = VECTOR('',#3514,1.);
#3514 = DIRECTION('',(-0.,1.));
#3515 = ( GEOMETRIC_REPRESENTATION_CONTEXT(2) 
PARAMETRIC_REPRESENTATION_CONTEXT() REPRESENTATION_CONTEXT('2D SPACE',''
  ) );
#3516 = PCURVE('',#2820,#3517);
#3517 = DEFINITIONAL_REPRESENTATION('',(#3518),#3522);
#3518 = LINE('',#3519,#3520);
#3519 = CARTESIAN_POINT('',(19.424807680927,32.));
#3520 = VECTOR('',#3521,1.);
#3521 = DIRECTION('',(0.,-1.));
#3522 = ( GEOMETRIC_REPRESENTATION_CONTEXT(2) 
PARAMETRIC_REPRESENTATION_CONTEXT() REPRESENTATION_CONTEXT('2D SPACE',''
  ) );
#3523 = ADVANCED_FACE('',(#3524),#2820,.F.);
#3524 = FACE_BOUND('',#3525,.F.);
#3525 = EDGE_LOOP('',(#3526,#3527,#3528,#3529,#3530,#3531));
#3526 = ORIENTED_EDGE('',*,*,#3305,.T.);
#3527 = ORIENTED_EDGE('',*,*,#3503,.T.);
#3528 = ORIENTED_EDGE('',*,*,#2806,.F.);
#3529 = ORIENTED_EDGE('',*,*,#2835,.F.);
#3530 = ORIENTED_EDGE('',*,*,#2913,.T.);
#3531 = ORIENTED_EDGE('',*,*,#3034,.F.);
#3532 = ( GEOMETRIC_REPRESENTATION_CONTEXT(3) 
GLOBAL_UNCERTAINTY_ASSIGNED_CONTEXT((#3536)) 
GLOBAL_UNIT_ASSIGNED_CONTEXT((#3533,#3534,#3535)) REPRESENTATION_CONTEXT
('Context #1','3D Context with UNIT and UNCERTAINTY') );
#3533 = ( LENGTH_UNIT() NAMED_UNIT(*) SI_UNIT(.MILLI.,.METRE.) );
#3534 = ( NAMED_UNIT(*) PLANE_ANGLE_UNIT() SI_UNIT($,.RADIAN.) );
#3535 = ( NAMED_UNIT(*) SI_UNIT($,.STERADIAN.) SOLID_ANGLE_UNIT() );
#3536 = UNCERTAINTY_MEASURE_WITH_UNIT(LENGTH_MEASURE(1.E-07),#3533,
  'distance_accuracy_value','confusion accuracy');
#3537 = CONTEXT_DEPENDENT_SHAPE_REPRESENTATION(#3538,#3540);
#3538 = ( REPRESENTATION_RELATIONSHIP('','',#1763,#10) 
REPRESENTATION_RELATIONSHIP_WITH_TRANSFORMATION(#3539) 
SHAPE_REPRESENTATION_RELATIONSHIP() );
#3539 = ITEM_DEFINED_TRANSFORMATION('','',#11,#19);
#3540 = PRODUCT_DEFINITION_SHAPE('Placement','Placement of an item',
  #3541);
#3541 = NEXT_ASSEMBLY_USAGE_OCCURRENCE('6','','',#5,#1758,$);
#3542 = PRODUCT_RELATED_PRODUCT_CATEGORY('part',$,(#1760));
ENDSEC;
END-ISO-10303-21;
