ISO-10303-21;
HEADER;
FILE_DESCRIPTION(('Open CASCADE Model'),'2;1');
FILE_NAME('Open CASCADE Shape Model','2026-04-13T19:18:33',('Author'),(
    'Open CASCADE'),'Open CASCADE STEP processor 7.8','Open CASCADE 7.8'
  ,'Unknown');
FILE_SCHEMA(('AUTOMOTIVE_DESIGN { 1 0 10303 214 1 1 1 1 }'));
ENDSEC;
DATA;
#1 = APPLICATION_PROTOCOL_DEFINITION('international standard',
  'automotive_design',2000,#2);
#2 = APPLICATION_CONTEXT(
  'core data for automotive mechanical design processes');
#3 = SHAPE_DEFINITION_REPRESENTATION(#4,#10);
#4 = PRODUCT_DEFINITION_SHAPE('','',#5);
#5 = PRODUCT_DEFINITION('design','',#6,#9);
#6 = PRODUCT_DEFINITION_FORMATION('','',#7);
#7 = PRODUCT('Open CASCADE STEP translator 7.8 5',
  'Open CASCADE STEP translator 7.8 5','',(#8));
#8 = PRODUCT_CONTEXT('',#2,'mechanical');
#9 = PRODUCT_DEFINITION_CONTEXT('part definition',#2,'design');
#10 = SHAPE_REPRESENTATION('',(#11,#15,#19),#23);
#11 = AXIS2_PLACEMENT_3D('',#12,#13,#14);
#12 = CARTESIAN_POINT('',(0.,0.,0.));
#13 = DIRECTION('',(0.,0.,1.));
#14 = DIRECTION('',(1.,0.,-0.));
#15 = AXIS2_PLACEMENT_3D('',#16,#17,#18);
#16 = CARTESIAN_POINT('',(0.,0.,0.));
#17 = DIRECTION('',(0.,0.,1.));
#18 = DIRECTION('',(1.,0.,-0.));
#19 = AXIS2_PLACEMENT_3D('',#20,#21,#22);
#20 = CARTESIAN_POINT('',(0.,0.,0.));
#21 = DIRECTION('',(0.,0.,1.));
#22 = DIRECTION('',(1.,0.,-0.));
#23 = ( GEOMETRIC_REPRESENTATION_CONTEXT(3) 
GLOBAL_UNCERTAINTY_ASSIGNED_CONTEXT((#27)) GLOBAL_UNIT_ASSIGNED_CONTEXT(
(#24,#25,#26)) REPRESENTATION_CONTEXT('Context #1',
  '3D Context with UNIT and UNCERTAINTY') );
#24 = ( LENGTH_UNIT() NAMED_UNIT(*) SI_UNIT(.MILLI.,.METRE.) );
#25 = ( NAMED_UNIT(*) PLANE_ANGLE_UNIT() SI_UNIT($,.RADIAN.) );
#26 = ( NAMED_UNIT(*) SI_UNIT($,.STERADIAN.) SOLID_ANGLE_UNIT() );
#27 = UNCERTAINTY_MEASURE_WITH_UNIT(LENGTH_MEASURE(1.E-07),#24,
  'distance_accuracy_value','confusion accuracy');
#28 = PRODUCT_RELATED_PRODUCT_CATEGORY('part',$,(#7));
#29 = SHAPE_DEFINITION_REPRESENTATION(#30,#36);
#30 = PRODUCT_DEFINITION_SHAPE('','',#31);
#31 = PRODUCT_DEFINITION('design','',#32,#35);
#32 = PRODUCT_DEFINITION_FORMATION('','',#33);
#33 = PRODUCT('Open CASCADE STEP translator 7.8 5.1',
  'Open CASCADE STEP translator 7.8 5.1','',(#34));
#34 = PRODUCT_CONTEXT('',#2,'mechanical');
#35 = PRODUCT_DEFINITION_CONTEXT('part definition',#2,'design');
#36 = ADVANCED_BREP_SHAPE_REPRESENTATION('',(#11,#37),#1709);
#37 = MANIFOLD_SOLID_BREP('',#38);
#38 = CLOSED_SHELL('',(#39,#165,#298,#571,#653,#894,#944,#1085,#1112,
    #1396,#1445,#1477,#1506,#1533,#1560,#1587,#1594,#1621,#1648,#1675,
    #1702));
#39 = ADVANCED_FACE('',(#40),#55,.T.);
#40 = FACE_BOUND('',#41,.F.);
#41 = EDGE_LOOP('',(#42,#82,#110,#139));
#42 = ORIENTED_EDGE('',*,*,#43,.F.);
#43 = EDGE_CURVE('',#44,#46,#48,.T.);
#44 = VERTEX_POINT('',#45);
#45 = CARTESIAN_POINT('',(-12.5,-4.769696007085,3.));
#46 = VERTEX_POINT('',#47);
#47 = CARTESIAN_POINT('',(-57.99456457513,-0.5,3.));
#48 = SURFACE_CURVE('',#49,(#54,#66),.PCURVE_S1.);
#49 = CIRCLE('',#50,23.);
#50 = AXIS2_PLACEMENT_3D('',#51,#52,#53);
#51 = CARTESIAN_POINT('',(-35.,0.,3.));
#52 = DIRECTION('',(0.,0.,-1.));
#53 = DIRECTION('',(1.,0.,0.));
#54 = PCURVE('',#55,#60);
#55 = CYLINDRICAL_SURFACE('',#56,23.);
#56 = AXIS2_PLACEMENT_3D('',#57,#58,#59);
#57 = CARTESIAN_POINT('',(-35.,0.,0.));
#58 = DIRECTION('',(-0.,-0.,-1.));
#59 = DIRECTION('',(1.,0.,0.));
#60 = DEFINITIONAL_REPRESENTATION('',(#61),#65);
#61 = LINE('',#62,#63);
#62 = CARTESIAN_POINT('',(-6.28318530718,-3.));
#63 = VECTOR('',#64,1.);
#64 = DIRECTION('',(1.,-0.));
#65 = ( GEOMETRIC_REPRESENTATION_CONTEXT(2) 
PARAMETRIC_REPRESENTATION_CONTEXT() REPRESENTATION_CONTEXT('2D SPACE',''
  ) );
#66 = PCURVE('',#67,#72);
#67 = PLANE('',#68);
#68 = AXIS2_PLACEMENT_3D('',#69,#70,#71);
#69 = CARTESIAN_POINT('',(-35.,1.604946055186E-15,3.));
#70 = DIRECTION('',(0.,0.,1.));
#71 = DIRECTION('',(1.,0.,-0.));
#72 = DEFINITIONAL_REPRESENTATION('',(#73),#81);
#73 = ( BOUNDED_CURVE() B_SPLINE_CURVE(2,(#74,#75,#76,#77,#78,#79,#80),
.UNSPECIFIED.,.T.,.F.) B_SPLINE_CURVE_WITH_KNOTS((1,2,2,2,2,1),(
    -2.094395102393,0.,2.094395102393,4.188790204786,6.28318530718,
8.377580409573),.UNSPECIFIED.) CURVE() GEOMETRIC_REPRESENTATION_ITEM() 
RATIONAL_B_SPLINE_CURVE((1.,0.5,1.,0.5,1.,0.5,1.)) REPRESENTATION_ITEM(
  '') );
#74 = CARTESIAN_POINT('',(23.,-1.604946055186E-15));
#75 = CARTESIAN_POINT('',(23.,-39.83716857408));
#76 = CARTESIAN_POINT('',(-11.5,-19.91858428704));
#77 = CARTESIAN_POINT('',(-46.,-7.238321331264E-15));
#78 = CARTESIAN_POINT('',(-11.5,19.918584287042));
#79 = CARTESIAN_POINT('',(23.,39.837168574084));
#80 = CARTESIAN_POINT('',(23.,-1.604946055186E-15));
#81 = ( GEOMETRIC_REPRESENTATION_CONTEXT(2) 
PARAMETRIC_REPRESENTATION_CONTEXT() REPRESENTATION_CONTEXT('2D SPACE',''
  ) );
#82 = ORIENTED_EDGE('',*,*,#83,.T.);
#83 = EDGE_CURVE('',#44,#84,#86,.T.);
#84 = VERTEX_POINT('',#85);
#85 = CARTESIAN_POINT('',(-12.5,-4.769696007085,0.));
#86 = SURFACE_CURVE('',#87,(#91,#98),.PCURVE_S1.);
#87 = LINE('',#88,#89);
#88 = CARTESIAN_POINT('',(-12.5,-4.769696007085,0.));
#89 = VECTOR('',#90,1.);
#90 = DIRECTION('',(-0.,-0.,-1.));
#91 = PCURVE('',#55,#92);
#92 = DEFINITIONAL_REPRESENTATION('',(#93),#97);
#93 = LINE('',#94,#95);
#94 = CARTESIAN_POINT('',(-6.074291289917,0.));
#95 = VECTOR('',#96,1.);
#96 = DIRECTION('',(-0.,1.));
#97 = ( GEOMETRIC_REPRESENTATION_CONTEXT(2) 
PARAMETRIC_REPRESENTATION_CONTEXT() REPRESENTATION_CONTEXT('2D SPACE',''
  ) );
#98 = PCURVE('',#99,#104);
#99 = PLANE('',#100);
#100 = AXIS2_PLACEMENT_3D('',#101,#102,#103);
#101 = CARTESIAN_POINT('',(-12.5,-45.,-2.));
#102 = DIRECTION('',(1.,0.,0.));
#103 = DIRECTION('',(0.,0.,1.));
#104 = DEFINITIONAL_REPRESENTATION('',(#105),#109);
#105 = LINE('',#106,#107);
#106 = CARTESIAN_POINT('',(2.,-40.23030399291));
#107 = VECTOR('',#108,1.);
#108 = DIRECTION('',(-1.,0.));
#109 = ( GEOMETRIC_REPRESENTATION_CONTEXT(2) 
PARAMETRIC_REPRESENTATION_CONTEXT() REPRESENTATION_CONTEXT('2D SPACE',''
  ) );
#110 = ORIENTED_EDGE('',*,*,#111,.F.);
#111 = EDGE_CURVE('',#112,#84,#114,.T.);
#112 = VERTEX_POINT('',#113);
#113 = CARTESIAN_POINT('',(-57.99456457513,-0.5,0.));
#114 = SURFACE_CURVE('',#115,(#120,#127),.PCURVE_S1.);
#115 = CIRCLE('',#116,23.);
#116 = AXIS2_PLACEMENT_3D('',#117,#118,#119);
#117 = CARTESIAN_POINT('',(-35.,0.,0.));
#118 = DIRECTION('',(0.,0.,1.));
#119 = DIRECTION('',(1.,0.,0.));
#120 = PCURVE('',#55,#121);
#121 = DEFINITIONAL_REPRESENTATION('',(#122),#126);
#122 = LINE('',#123,#124);
#123 = CARTESIAN_POINT('',(-0.,0.));
#124 = VECTOR('',#125,1.);
#125 = DIRECTION('',(-1.,0.));
#126 = ( GEOMETRIC_REPRESENTATION_CONTEXT(2) 
PARAMETRIC_REPRESENTATION_CONTEXT() REPRESENTATION_CONTEXT('2D SPACE',''
  ) );
#127 = PCURVE('',#128,#133);
#128 = PLANE('',#129);
#129 = AXIS2_PLACEMENT_3D('',#130,#131,#132);
#130 = CARTESIAN_POINT('',(-35.,1.914892223345E-15,0.));
#131 = DIRECTION('',(0.,0.,1.));
#132 = DIRECTION('',(1.,0.,-0.));
#133 = DEFINITIONAL_REPRESENTATION('',(#134),#138);
#134 = CIRCLE('',#135,23.);
#135 = AXIS2_PLACEMENT_2D('',#136,#137);
#136 = CARTESIAN_POINT('',(0.,-1.914892223345E-15));
#137 = DIRECTION('',(1.,0.));
#138 = ( GEOMETRIC_REPRESENTATION_CONTEXT(2) 
PARAMETRIC_REPRESENTATION_CONTEXT() REPRESENTATION_CONTEXT('2D SPACE',''
  ) );
#139 = ORIENTED_EDGE('',*,*,#140,.F.);
#140 = EDGE_CURVE('',#46,#112,#141,.T.);
#141 = SURFACE_CURVE('',#142,(#146,#153),.PCURVE_S1.);
#142 = LINE('',#143,#144);
#143 = CARTESIAN_POINT('',(-57.99456457513,-0.5,0.));
#144 = VECTOR('',#145,1.);
#145 = DIRECTION('',(-0.,-0.,-1.));
#146 = PCURVE('',#55,#147);
#147 = DEFINITIONAL_REPRESENTATION('',(#148),#152);
#148 = LINE('',#149,#150);
#149 = CARTESIAN_POINT('',(-3.163333496671,0.));
#150 = VECTOR('',#151,1.);
#151 = DIRECTION('',(-0.,1.));
#152 = ( GEOMETRIC_REPRESENTATION_CONTEXT(2) 
PARAMETRIC_REPRESENTATION_CONTEXT() REPRESENTATION_CONTEXT('2D SPACE',''
  ) );
#153 = PCURVE('',#154,#159);
#154 = PLANE('',#155);
#155 = AXIS2_PLACEMENT_3D('',#156,#157,#158);
#156 = CARTESIAN_POINT('',(-70.,-0.5,-1.));
#157 = DIRECTION('',(0.,1.,0.));
#158 = DIRECTION('',(0.,0.,1.));
#159 = DEFINITIONAL_REPRESENTATION('',(#160),#164);
#160 = LINE('',#161,#162);
#161 = CARTESIAN_POINT('',(1.,12.005435424866));
#162 = VECTOR('',#163,1.);
#163 = DIRECTION('',(-1.,0.));
#164 = ( GEOMETRIC_REPRESENTATION_CONTEXT(2) 
PARAMETRIC_REPRESENTATION_CONTEXT() REPRESENTATION_CONTEXT('2D SPACE',''
  ) );
#165 = ADVANCED_FACE('',(#166),#67,.F.);
#166 = FACE_BOUND('',#167,.F.);
#167 = EDGE_LOOP('',(#168,#199,#220,#221,#244,#272));
#168 = ORIENTED_EDGE('',*,*,#169,.T.);
#169 = EDGE_CURVE('',#170,#172,#174,.T.);
#170 = VERTEX_POINT('',#171);
#171 = CARTESIAN_POINT('',(-59.6779253585,-4.,3.));
#172 = VERTEX_POINT('',#173);
#173 = CARTESIAN_POINT('',(-12.5,-10.89724735885,3.));
#174 = SURFACE_CURVE('',#175,(#180,#187),.PCURVE_S1.);
#175 = CIRCLE('',#176,25.);
#176 = AXIS2_PLACEMENT_3D('',#177,#178,#179);
#177 = CARTESIAN_POINT('',(-35.,0.,3.));
#178 = DIRECTION('',(0.,0.,1.));
#179 = DIRECTION('',(1.,0.,0.));
#180 = PCURVE('',#67,#181);
#181 = DEFINITIONAL_REPRESENTATION('',(#182),#186);
#182 = CIRCLE('',#183,25.);
#183 = AXIS2_PLACEMENT_2D('',#184,#185);
#184 = CARTESIAN_POINT('',(0.,-1.604946055186E-15));
#185 = DIRECTION('',(1.,0.));
#186 = ( GEOMETRIC_REPRESENTATION_CONTEXT(2) 
PARAMETRIC_REPRESENTATION_CONTEXT() REPRESENTATION_CONTEXT('2D SPACE',''
  ) );
#187 = PCURVE('',#188,#193);
#188 = CYLINDRICAL_SURFACE('',#189,25.);
#189 = AXIS2_PLACEMENT_3D('',#190,#191,#192);
#190 = CARTESIAN_POINT('',(-35.,0.,3.));
#191 = DIRECTION('',(-0.,-0.,-1.));
#192 = DIRECTION('',(1.,0.,0.));
#193 = DEFINITIONAL_REPRESENTATION('',(#194),#198);
#194 = LINE('',#195,#196);
#195 = CARTESIAN_POINT('',(-0.,0.));
#196 = VECTOR('',#197,1.);
#197 = DIRECTION('',(-1.,0.));
#198 = ( GEOMETRIC_REPRESENTATION_CONTEXT(2) 
PARAMETRIC_REPRESENTATION_CONTEXT() REPRESENTATION_CONTEXT('2D SPACE',''
  ) );
#199 = ORIENTED_EDGE('',*,*,#200,.T.);
#200 = EDGE_CURVE('',#172,#44,#201,.T.);
#201 = SURFACE_CURVE('',#202,(#206,#213),.PCURVE_S1.);
#202 = LINE('',#203,#204);
#203 = CARTESIAN_POINT('',(-12.5,-22.5,3.));
#204 = VECTOR('',#205,1.);
#205 = DIRECTION('',(0.,1.,0.));
#206 = PCURVE('',#67,#207);
#207 = DEFINITIONAL_REPRESENTATION('',(#208),#212);
#208 = LINE('',#209,#210);
#209 = CARTESIAN_POINT('',(22.5,-22.5));
#210 = VECTOR('',#211,1.);
#211 = DIRECTION('',(0.,1.));
#212 = ( GEOMETRIC_REPRESENTATION_CONTEXT(2) 
PARAMETRIC_REPRESENTATION_CONTEXT() REPRESENTATION_CONTEXT('2D SPACE',''
  ) );
#213 = PCURVE('',#99,#214);
#214 = DEFINITIONAL_REPRESENTATION('',(#215),#219);
#215 = LINE('',#216,#217);
#216 = CARTESIAN_POINT('',(5.,-22.5));
#217 = VECTOR('',#218,1.);
#218 = DIRECTION('',(0.,-1.));
#219 = ( GEOMETRIC_REPRESENTATION_CONTEXT(2) 
PARAMETRIC_REPRESENTATION_CONTEXT() REPRESENTATION_CONTEXT('2D SPACE',''
  ) );
#220 = ORIENTED_EDGE('',*,*,#43,.T.);
#221 = ORIENTED_EDGE('',*,*,#222,.T.);
#222 = EDGE_CURVE('',#46,#223,#225,.T.);
#223 = VERTEX_POINT('',#224);
#224 = CARTESIAN_POINT('',(-59.,-0.5,3.));
#225 = SURFACE_CURVE('',#226,(#230,#237),.PCURVE_S1.);
#226 = LINE('',#227,#228);
#227 = CARTESIAN_POINT('',(-52.5,-0.5,3.));
#228 = VECTOR('',#229,1.);
#229 = DIRECTION('',(-1.,0.,0.));
#230 = PCURVE('',#67,#231);
#231 = DEFINITIONAL_REPRESENTATION('',(#232),#236);
#232 = LINE('',#233,#234);
#233 = CARTESIAN_POINT('',(-17.5,-0.5));
#234 = VECTOR('',#235,1.);
#235 = DIRECTION('',(-1.,0.));
#236 = ( GEOMETRIC_REPRESENTATION_CONTEXT(2) 
PARAMETRIC_REPRESENTATION_CONTEXT() REPRESENTATION_CONTEXT('2D SPACE',''
  ) );
#237 = PCURVE('',#154,#238);
#238 = DEFINITIONAL_REPRESENTATION('',(#239),#243);
#239 = LINE('',#240,#241);
#240 = CARTESIAN_POINT('',(4.,17.5));
#241 = VECTOR('',#242,1.);
#242 = DIRECTION('',(0.,-1.));
#243 = ( GEOMETRIC_REPRESENTATION_CONTEXT(2) 
PARAMETRIC_REPRESENTATION_CONTEXT() REPRESENTATION_CONTEXT('2D SPACE',''
  ) );
#244 = ORIENTED_EDGE('',*,*,#245,.F.);
#245 = EDGE_CURVE('',#246,#223,#248,.T.);
#246 = VERTEX_POINT('',#247);
#247 = CARTESIAN_POINT('',(-59.,-4.,3.));
#248 = SURFACE_CURVE('',#249,(#253,#260),.PCURVE_S1.);
#249 = LINE('',#250,#251);
#250 = CARTESIAN_POINT('',(-59.,-2.,3.));
#251 = VECTOR('',#252,1.);
#252 = DIRECTION('',(0.,1.,0.));
#253 = PCURVE('',#67,#254);
#254 = DEFINITIONAL_REPRESENTATION('',(#255),#259);
#255 = LINE('',#256,#257);
#256 = CARTESIAN_POINT('',(-24.,-2.));
#257 = VECTOR('',#258,1.);
#258 = DIRECTION('',(0.,1.));
#259 = ( GEOMETRIC_REPRESENTATION_CONTEXT(2) 
PARAMETRIC_REPRESENTATION_CONTEXT() REPRESENTATION_CONTEXT('2D SPACE',''
  ) );
#260 = PCURVE('',#261,#266);
#261 = PLANE('',#262);
#262 = AXIS2_PLACEMENT_3D('',#263,#264,#265);
#263 = CARTESIAN_POINT('',(-59.,-4.,0.));
#264 = DIRECTION('',(1.,0.,0.));
#265 = DIRECTION('',(0.,0.,1.));
#266 = DEFINITIONAL_REPRESENTATION('',(#267),#271);
#267 = LINE('',#268,#269);
#268 = CARTESIAN_POINT('',(3.,-2.));
#269 = VECTOR('',#270,1.);
#270 = DIRECTION('',(0.,-1.));
#271 = ( GEOMETRIC_REPRESENTATION_CONTEXT(2) 
PARAMETRIC_REPRESENTATION_CONTEXT() REPRESENTATION_CONTEXT('2D SPACE',''
  ) );
#272 = ORIENTED_EDGE('',*,*,#273,.T.);
#273 = EDGE_CURVE('',#246,#170,#274,.T.);
#274 = SURFACE_CURVE('',#275,(#279,#286),.PCURVE_S1.);
#275 = LINE('',#276,#277);
#276 = CARTESIAN_POINT('',(-51.5,-4.,3.));
#277 = VECTOR('',#278,1.);
#278 = DIRECTION('',(-1.,0.,0.));
#279 = PCURVE('',#67,#280);
#280 = DEFINITIONAL_REPRESENTATION('',(#281),#285);
#281 = LINE('',#282,#283);
#282 = CARTESIAN_POINT('',(-16.5,-4.));
#283 = VECTOR('',#284,1.);
#284 = DIRECTION('',(-1.,0.));
#285 = ( GEOMETRIC_REPRESENTATION_CONTEXT(2) 
PARAMETRIC_REPRESENTATION_CONTEXT() REPRESENTATION_CONTEXT('2D SPACE',''
  ) );
#286 = PCURVE('',#287,#292);
#287 = PLANE('',#288);
#288 = AXIS2_PLACEMENT_3D('',#289,#290,#291);
#289 = CARTESIAN_POINT('',(-68.,-4.,0.));
#290 = DIRECTION('',(0.,1.,0.));
#291 = DIRECTION('',(0.,0.,1.));
#292 = DEFINITIONAL_REPRESENTATION('',(#293),#297);
#293 = LINE('',#294,#295);
#294 = CARTESIAN_POINT('',(3.,16.5));
#295 = VECTOR('',#296,1.);
#296 = DIRECTION('',(0.,-1.));
#297 = ( GEOMETRIC_REPRESENTATION_CONTEXT(2) 
PARAMETRIC_REPRESENTATION_CONTEXT() REPRESENTATION_CONTEXT('2D SPACE',''
  ) );
#298 = ADVANCED_FACE('',(#299),#154,.T.);
#299 = FACE_BOUND('',#300,.T.);
#300 = EDGE_LOOP('',(#301,#302,#303,#326,#354,#382,#410,#438,#466,#494,
    #522,#550));
#301 = ORIENTED_EDGE('',*,*,#140,.F.);
#302 = ORIENTED_EDGE('',*,*,#222,.T.);
#303 = ORIENTED_EDGE('',*,*,#304,.F.);
#304 = EDGE_CURVE('',#305,#223,#307,.T.);
#305 = VERTEX_POINT('',#306);
#306 = CARTESIAN_POINT('',(-59.,-0.5,0.));
#307 = SURFACE_CURVE('',#308,(#312,#319),.PCURVE_S1.);
#308 = LINE('',#309,#310);
#309 = CARTESIAN_POINT('',(-59.,-0.5,-0.5));
#310 = VECTOR('',#311,1.);
#311 = DIRECTION('',(0.,0.,1.));
#312 = PCURVE('',#154,#313);
#313 = DEFINITIONAL_REPRESENTATION('',(#314),#318);
#314 = LINE('',#315,#316);
#315 = CARTESIAN_POINT('',(0.5,11.));
#316 = VECTOR('',#317,1.);
#317 = DIRECTION('',(1.,0.));
#318 = ( GEOMETRIC_REPRESENTATION_CONTEXT(2) 
PARAMETRIC_REPRESENTATION_CONTEXT() REPRESENTATION_CONTEXT('2D SPACE',''
  ) );
#319 = PCURVE('',#261,#320);
#320 = DEFINITIONAL_REPRESENTATION('',(#321),#325);
#321 = LINE('',#322,#323);
#322 = CARTESIAN_POINT('',(-0.5,-3.5));
#323 = VECTOR('',#324,1.);
#324 = DIRECTION('',(1.,0.));
#325 = ( GEOMETRIC_REPRESENTATION_CONTEXT(2) 
PARAMETRIC_REPRESENTATION_CONTEXT() REPRESENTATION_CONTEXT('2D SPACE',''
  ) );
#326 = ORIENTED_EDGE('',*,*,#327,.T.);
#327 = EDGE_CURVE('',#305,#328,#330,.T.);
#328 = VERTEX_POINT('',#329);
#329 = CARTESIAN_POINT('',(-68.,-0.5,0.));
#330 = SURFACE_CURVE('',#331,(#335,#342),.PCURVE_S1.);
#331 = LINE('',#332,#333);
#332 = CARTESIAN_POINT('',(-69.,-0.5,0.));
#333 = VECTOR('',#334,1.);
#334 = DIRECTION('',(-1.,0.,0.));
#335 = PCURVE('',#154,#336);
#336 = DEFINITIONAL_REPRESENTATION('',(#337),#341);
#337 = LINE('',#338,#339);
#338 = CARTESIAN_POINT('',(1.,1.));
#339 = VECTOR('',#340,1.);
#340 = DIRECTION('',(0.,-1.));
#341 = ( GEOMETRIC_REPRESENTATION_CONTEXT(2) 
PARAMETRIC_REPRESENTATION_CONTEXT() REPRESENTATION_CONTEXT('2D SPACE',''
  ) );
#342 = PCURVE('',#343,#348);
#343 = PLANE('',#344);
#344 = AXIS2_PLACEMENT_3D('',#345,#346,#347);
#345 = CARTESIAN_POINT('',(-68.,-4.,0.));
#346 = DIRECTION('',(0.,0.,1.));
#347 = DIRECTION('',(1.,0.,0.));
#348 = DEFINITIONAL_REPRESENTATION('',(#349),#353);
#349 = LINE('',#350,#351);
#350 = CARTESIAN_POINT('',(-1.,3.5));
#351 = VECTOR('',#352,1.);
#352 = DIRECTION('',(-1.,0.));
#353 = ( GEOMETRIC_REPRESENTATION_CONTEXT(2) 
PARAMETRIC_REPRESENTATION_CONTEXT() REPRESENTATION_CONTEXT('2D SPACE',''
  ) );
#354 = ORIENTED_EDGE('',*,*,#355,.T.);
#355 = EDGE_CURVE('',#328,#356,#358,.T.);
#356 = VERTEX_POINT('',#357);
#357 = CARTESIAN_POINT('',(-68.,-0.5,24.));
#358 = SURFACE_CURVE('',#359,(#363,#370),.PCURVE_S1.);
#359 = LINE('',#360,#361);
#360 = CARTESIAN_POINT('',(-68.,-0.5,-0.5));
#361 = VECTOR('',#362,1.);
#362 = DIRECTION('',(0.,0.,1.));
#363 = PCURVE('',#154,#364);
#364 = DEFINITIONAL_REPRESENTATION('',(#365),#369);
#365 = LINE('',#366,#367);
#366 = CARTESIAN_POINT('',(0.5,2.));
#367 = VECTOR('',#368,1.);
#368 = DIRECTION('',(1.,0.));
#369 = ( GEOMETRIC_REPRESENTATION_CONTEXT(2) 
PARAMETRIC_REPRESENTATION_CONTEXT() REPRESENTATION_CONTEXT('2D SPACE',''
  ) );
#370 = PCURVE('',#371,#376);
#371 = PLANE('',#372);
#372 = AXIS2_PLACEMENT_3D('',#373,#374,#375);
#373 = CARTESIAN_POINT('',(-68.,-4.,0.));
#374 = DIRECTION('',(1.,0.,0.));
#375 = DIRECTION('',(0.,0.,1.));
#376 = DEFINITIONAL_REPRESENTATION('',(#377),#381);
#377 = LINE('',#378,#379);
#378 = CARTESIAN_POINT('',(-0.5,-3.5));
#379 = VECTOR('',#380,1.);
#380 = DIRECTION('',(1.,0.));
#381 = ( GEOMETRIC_REPRESENTATION_CONTEXT(2) 
PARAMETRIC_REPRESENTATION_CONTEXT() REPRESENTATION_CONTEXT('2D SPACE',''
  ) );
#382 = ORIENTED_EDGE('',*,*,#383,.F.);
#383 = EDGE_CURVE('',#384,#356,#386,.T.);
#384 = VERTEX_POINT('',#385);
#385 = CARTESIAN_POINT('',(-59.,-0.5,24.));
#386 = SURFACE_CURVE('',#387,(#391,#398),.PCURVE_S1.);
#387 = LINE('',#388,#389);
#388 = CARTESIAN_POINT('',(-69.,-0.5,24.));
#389 = VECTOR('',#390,1.);
#390 = DIRECTION('',(-1.,0.,0.));
#391 = PCURVE('',#154,#392);
#392 = DEFINITIONAL_REPRESENTATION('',(#393),#397);
#393 = LINE('',#394,#395);
#394 = CARTESIAN_POINT('',(25.,1.));
#395 = VECTOR('',#396,1.);
#396 = DIRECTION('',(0.,-1.));
#397 = ( GEOMETRIC_REPRESENTATION_CONTEXT(2) 
PARAMETRIC_REPRESENTATION_CONTEXT() REPRESENTATION_CONTEXT('2D SPACE',''
  ) );
#398 = PCURVE('',#399,#404);
#399 = PLANE('',#400);
#400 = AXIS2_PLACEMENT_3D('',#401,#402,#403);
#401 = CARTESIAN_POINT('',(-68.,-4.,24.));
#402 = DIRECTION('',(0.,0.,1.));
#403 = DIRECTION('',(1.,0.,0.));
#404 = DEFINITIONAL_REPRESENTATION('',(#405),#409);
#405 = LINE('',#406,#407);
#406 = CARTESIAN_POINT('',(-1.,3.5));
#407 = VECTOR('',#408,1.);
#408 = DIRECTION('',(-1.,0.));
#409 = ( GEOMETRIC_REPRESENTATION_CONTEXT(2) 
PARAMETRIC_REPRESENTATION_CONTEXT() REPRESENTATION_CONTEXT('2D SPACE',''
  ) );
#410 = ORIENTED_EDGE('',*,*,#411,.F.);
#411 = EDGE_CURVE('',#412,#384,#414,.T.);
#412 = VERTEX_POINT('',#413);
#413 = CARTESIAN_POINT('',(-59.,-0.5,21.));
#414 = SURFACE_CURVE('',#415,(#419,#426),.PCURVE_S1.);
#415 = LINE('',#416,#417);
#416 = CARTESIAN_POINT('',(-59.,-0.5,-0.5));
#417 = VECTOR('',#418,1.);
#418 = DIRECTION('',(0.,0.,1.));
#419 = PCURVE('',#154,#420);
#420 = DEFINITIONAL_REPRESENTATION('',(#421),#425);
#421 = LINE('',#422,#423);
#422 = CARTESIAN_POINT('',(0.5,11.));
#423 = VECTOR('',#424,1.);
#424 = DIRECTION('',(1.,0.));
#425 = ( GEOMETRIC_REPRESENTATION_CONTEXT(2) 
PARAMETRIC_REPRESENTATION_CONTEXT() REPRESENTATION_CONTEXT('2D SPACE',''
  ) );
#426 = PCURVE('',#427,#432);
#427 = PLANE('',#428);
#428 = AXIS2_PLACEMENT_3D('',#429,#430,#431);
#429 = CARTESIAN_POINT('',(-59.,-4.,0.));
#430 = DIRECTION('',(1.,0.,0.));
#431 = DIRECTION('',(0.,0.,1.));
#432 = DEFINITIONAL_REPRESENTATION('',(#433),#437);
#433 = LINE('',#434,#435);
#434 = CARTESIAN_POINT('',(-0.5,-3.5));
#435 = VECTOR('',#436,1.);
#436 = DIRECTION('',(1.,0.));
#437 = ( GEOMETRIC_REPRESENTATION_CONTEXT(2) 
PARAMETRIC_REPRESENTATION_CONTEXT() REPRESENTATION_CONTEXT('2D SPACE',''
  ) );
#438 = ORIENTED_EDGE('',*,*,#439,.F.);
#439 = EDGE_CURVE('',#440,#412,#442,.T.);
#440 = VERTEX_POINT('',#441);
#441 = CARTESIAN_POINT('',(-57.99456457513,-0.5,21.));
#442 = SURFACE_CURVE('',#443,(#447,#454),.PCURVE_S1.);
#443 = LINE('',#444,#445);
#444 = CARTESIAN_POINT('',(-52.5,-0.5,21.));
#445 = VECTOR('',#446,1.);
#446 = DIRECTION('',(-1.,0.,0.));
#447 = PCURVE('',#154,#448);
#448 = DEFINITIONAL_REPRESENTATION('',(#449),#453);
#449 = LINE('',#450,#451);
#450 = CARTESIAN_POINT('',(22.,17.5));
#451 = VECTOR('',#452,1.);
#452 = DIRECTION('',(0.,-1.));
#453 = ( GEOMETRIC_REPRESENTATION_CONTEXT(2) 
PARAMETRIC_REPRESENTATION_CONTEXT() REPRESENTATION_CONTEXT('2D SPACE',''
  ) );
#454 = PCURVE('',#455,#460);
#455 = PLANE('',#456);
#456 = AXIS2_PLACEMENT_3D('',#457,#458,#459);
#457 = CARTESIAN_POINT('',(-35.,1.604946055186E-15,21.));
#458 = DIRECTION('',(0.,0.,1.));
#459 = DIRECTION('',(1.,0.,-0.));
#460 = DEFINITIONAL_REPRESENTATION('',(#461),#465);
#461 = LINE('',#462,#463);
#462 = CARTESIAN_POINT('',(-17.5,-0.5));
#463 = VECTOR('',#464,1.);
#464 = DIRECTION('',(-1.,0.));
#465 = ( GEOMETRIC_REPRESENTATION_CONTEXT(2) 
PARAMETRIC_REPRESENTATION_CONTEXT() REPRESENTATION_CONTEXT('2D SPACE',''
  ) );
#466 = ORIENTED_EDGE('',*,*,#467,.F.);
#467 = EDGE_CURVE('',#468,#440,#470,.T.);
#468 = VERTEX_POINT('',#469);
#469 = CARTESIAN_POINT('',(-57.99456457513,-0.5,24.));
#470 = SURFACE_CURVE('',#471,(#475,#482),.PCURVE_S1.);
#471 = LINE('',#472,#473);
#472 = CARTESIAN_POINT('',(-57.99456457513,-0.5,0.));
#473 = VECTOR('',#474,1.);
#474 = DIRECTION('',(-0.,-0.,-1.));
#475 = PCURVE('',#154,#476);
#476 = DEFINITIONAL_REPRESENTATION('',(#477),#481);
#477 = LINE('',#478,#479);
#478 = CARTESIAN_POINT('',(1.,12.005435424866));
#479 = VECTOR('',#480,1.);
#480 = DIRECTION('',(-1.,0.));
#481 = ( GEOMETRIC_REPRESENTATION_CONTEXT(2) 
PARAMETRIC_REPRESENTATION_CONTEXT() REPRESENTATION_CONTEXT('2D SPACE',''
  ) );
#482 = PCURVE('',#483,#488);
#483 = CYLINDRICAL_SURFACE('',#484,23.);
#484 = AXIS2_PLACEMENT_3D('',#485,#486,#487);
#485 = CARTESIAN_POINT('',(-35.,0.,0.));
#486 = DIRECTION('',(-0.,-0.,-1.));
#487 = DIRECTION('',(1.,0.,0.));
#488 = DEFINITIONAL_REPRESENTATION('',(#489),#493);
#489 = LINE('',#490,#491);
#490 = CARTESIAN_POINT('',(-3.163333496671,0.));
#491 = VECTOR('',#492,1.);
#492 = DIRECTION('',(-0.,1.));
#493 = ( GEOMETRIC_REPRESENTATION_CONTEXT(2) 
PARAMETRIC_REPRESENTATION_CONTEXT() REPRESENTATION_CONTEXT('2D SPACE',''
  ) );
#494 = ORIENTED_EDGE('',*,*,#495,.F.);
#495 = EDGE_CURVE('',#496,#468,#498,.T.);
#496 = VERTEX_POINT('',#497);
#497 = CARTESIAN_POINT('',(-51.70752001345,-0.5,24.));
#498 = SURFACE_CURVE('',#499,(#503,#510),.PCURVE_S1.);
#499 = LINE('',#500,#501);
#500 = CARTESIAN_POINT('',(-52.5,-0.5,24.));
#501 = VECTOR('',#502,1.);
#502 = DIRECTION('',(-1.,0.,0.));
#503 = PCURVE('',#154,#504);
#504 = DEFINITIONAL_REPRESENTATION('',(#505),#509);
#505 = LINE('',#506,#507);
#506 = CARTESIAN_POINT('',(25.,17.5));
#507 = VECTOR('',#508,1.);
#508 = DIRECTION('',(0.,-1.));
#509 = ( GEOMETRIC_REPRESENTATION_CONTEXT(2) 
PARAMETRIC_REPRESENTATION_CONTEXT() REPRESENTATION_CONTEXT('2D SPACE',''
  ) );
#510 = PCURVE('',#511,#516);
#511 = PLANE('',#512);
#512 = AXIS2_PLACEMENT_3D('',#513,#514,#515);
#513 = CARTESIAN_POINT('',(-35.,1.914892223345E-15,24.));
#514 = DIRECTION('',(0.,0.,1.));
#515 = DIRECTION('',(1.,0.,-0.));
#516 = DEFINITIONAL_REPRESENTATION('',(#517),#521);
#517 = LINE('',#518,#519);
#518 = CARTESIAN_POINT('',(-17.5,-0.5));
#519 = VECTOR('',#520,1.);
#520 = DIRECTION('',(-1.,0.));
#521 = ( GEOMETRIC_REPRESENTATION_CONTEXT(2) 
PARAMETRIC_REPRESENTATION_CONTEXT() REPRESENTATION_CONTEXT('2D SPACE',''
  ) );
#522 = ORIENTED_EDGE('',*,*,#523,.T.);
#523 = EDGE_CURVE('',#496,#524,#526,.T.);
#524 = VERTEX_POINT('',#525);
#525 = CARTESIAN_POINT('',(-51.70752001345,-0.5,0.));
#526 = SURFACE_CURVE('',#527,(#531,#538),.PCURVE_S1.);
#527 = LINE('',#528,#529);
#528 = CARTESIAN_POINT('',(-51.70752001345,-0.5,-1.));
#529 = VECTOR('',#530,1.);
#530 = DIRECTION('',(-0.,-0.,-1.));
#531 = PCURVE('',#154,#532);
#532 = DEFINITIONAL_REPRESENTATION('',(#533),#537);
#533 = LINE('',#534,#535);
#534 = CARTESIAN_POINT('',(0.,18.292479986545));
#535 = VECTOR('',#536,1.);
#536 = DIRECTION('',(-1.,0.));
#537 = ( GEOMETRIC_REPRESENTATION_CONTEXT(2) 
PARAMETRIC_REPRESENTATION_CONTEXT() REPRESENTATION_CONTEXT('2D SPACE',''
  ) );
#538 = PCURVE('',#539,#544);
#539 = CYLINDRICAL_SURFACE('',#540,16.715);
#540 = AXIS2_PLACEMENT_3D('',#541,#542,#543);
#541 = CARTESIAN_POINT('',(-35.,0.,-1.));
#542 = DIRECTION('',(-0.,-0.,-1.));
#543 = DIRECTION('',(1.,0.,0.));
#544 = DEFINITIONAL_REPRESENTATION('',(#545),#549);
#545 = LINE('',#546,#547);
#546 = CARTESIAN_POINT('',(-3.171510368033,0.));
#547 = VECTOR('',#548,1.);
#548 = DIRECTION('',(-0.,1.));
#549 = ( GEOMETRIC_REPRESENTATION_CONTEXT(2) 
PARAMETRIC_REPRESENTATION_CONTEXT() REPRESENTATION_CONTEXT('2D SPACE',''
  ) );
#550 = ORIENTED_EDGE('',*,*,#551,.T.);
#551 = EDGE_CURVE('',#524,#112,#552,.T.);
#552 = SURFACE_CURVE('',#553,(#557,#564),.PCURVE_S1.);
#553 = LINE('',#554,#555);
#554 = CARTESIAN_POINT('',(-52.5,-0.5,0.));
#555 = VECTOR('',#556,1.);
#556 = DIRECTION('',(-1.,0.,0.));
#557 = PCURVE('',#154,#558);
#558 = DEFINITIONAL_REPRESENTATION('',(#559),#563);
#559 = LINE('',#560,#561);
#560 = CARTESIAN_POINT('',(1.,17.5));
#561 = VECTOR('',#562,1.);
#562 = DIRECTION('',(0.,-1.));
#563 = ( GEOMETRIC_REPRESENTATION_CONTEXT(2) 
PARAMETRIC_REPRESENTATION_CONTEXT() REPRESENTATION_CONTEXT('2D SPACE',''
  ) );
#564 = PCURVE('',#128,#565);
#565 = DEFINITIONAL_REPRESENTATION('',(#566),#570);
#566 = LINE('',#567,#568);
#567 = CARTESIAN_POINT('',(-17.5,-0.5));
#568 = VECTOR('',#569,1.);
#569 = DIRECTION('',(-1.,0.));
#570 = ( GEOMETRIC_REPRESENTATION_CONTEXT(2) 
PARAMETRIC_REPRESENTATION_CONTEXT() REPRESENTATION_CONTEXT('2D SPACE',''
  ) );
#571 = ADVANCED_FACE('',(#572),#128,.F.);
#572 = FACE_BOUND('',#573,.F.);
#573 = EDGE_LOOP('',(#574,#575,#576,#599,#627));
#574 = ORIENTED_EDGE('',*,*,#551,.T.);
#575 = ORIENTED_EDGE('',*,*,#111,.T.);
#576 = ORIENTED_EDGE('',*,*,#577,.T.);
#577 = EDGE_CURVE('',#84,#578,#580,.T.);
#578 = VERTEX_POINT('',#579);
#579 = CARTESIAN_POINT('',(-12.5,-0.5,0.));
#580 = SURFACE_CURVE('',#581,(#585,#592),.PCURVE_S1.);
#581 = LINE('',#582,#583);
#582 = CARTESIAN_POINT('',(-12.5,-22.5,0.));
#583 = VECTOR('',#584,1.);
#584 = DIRECTION('',(0.,1.,0.));
#585 = PCURVE('',#128,#586);
#586 = DEFINITIONAL_REPRESENTATION('',(#587),#591);
#587 = LINE('',#588,#589);
#588 = CARTESIAN_POINT('',(22.5,-22.5));
#589 = VECTOR('',#590,1.);
#590 = DIRECTION('',(0.,1.));
#591 = ( GEOMETRIC_REPRESENTATION_CONTEXT(2) 
PARAMETRIC_REPRESENTATION_CONTEXT() REPRESENTATION_CONTEXT('2D SPACE',''
  ) );
#592 = PCURVE('',#99,#593);
#593 = DEFINITIONAL_REPRESENTATION('',(#594),#598);
#594 = LINE('',#595,#596);
#595 = CARTESIAN_POINT('',(2.,-22.5));
#596 = VECTOR('',#597,1.);
#597 = DIRECTION('',(0.,-1.));
#598 = ( GEOMETRIC_REPRESENTATION_CONTEXT(2) 
PARAMETRIC_REPRESENTATION_CONTEXT() REPRESENTATION_CONTEXT('2D SPACE',''
  ) );
#599 = ORIENTED_EDGE('',*,*,#600,.T.);
#600 = EDGE_CURVE('',#578,#601,#603,.T.);
#601 = VERTEX_POINT('',#602);
#602 = CARTESIAN_POINT('',(-18.29247998654,-0.5,0.));
#603 = SURFACE_CURVE('',#604,(#608,#615),.PCURVE_S1.);
#604 = LINE('',#605,#606);
#605 = CARTESIAN_POINT('',(-52.5,-0.5,0.));
#606 = VECTOR('',#607,1.);
#607 = DIRECTION('',(-1.,0.,0.));
#608 = PCURVE('',#128,#609);
#609 = DEFINITIONAL_REPRESENTATION('',(#610),#614);
#610 = LINE('',#611,#612);
#611 = CARTESIAN_POINT('',(-17.5,-0.5));
#612 = VECTOR('',#613,1.);
#613 = DIRECTION('',(-1.,0.));
#614 = ( GEOMETRIC_REPRESENTATION_CONTEXT(2) 
PARAMETRIC_REPRESENTATION_CONTEXT() REPRESENTATION_CONTEXT('2D SPACE',''
  ) );
#615 = PCURVE('',#616,#621);
#616 = PLANE('',#617);
#617 = AXIS2_PLACEMENT_3D('',#618,#619,#620);
#618 = CARTESIAN_POINT('',(-70.,-0.5,-1.));
#619 = DIRECTION('',(0.,1.,0.));
#620 = DIRECTION('',(0.,0.,1.));
#621 = DEFINITIONAL_REPRESENTATION('',(#622),#626);
#622 = LINE('',#623,#624);
#623 = CARTESIAN_POINT('',(1.,17.5));
#624 = VECTOR('',#625,1.);
#625 = DIRECTION('',(0.,-1.));
#626 = ( GEOMETRIC_REPRESENTATION_CONTEXT(2) 
PARAMETRIC_REPRESENTATION_CONTEXT() REPRESENTATION_CONTEXT('2D SPACE',''
  ) );
#627 = ORIENTED_EDGE('',*,*,#628,.T.);
#628 = EDGE_CURVE('',#601,#524,#629,.T.);
#629 = SURFACE_CURVE('',#630,(#635,#646),.PCURVE_S1.);
#630 = CIRCLE('',#631,16.715);
#631 = AXIS2_PLACEMENT_3D('',#632,#633,#634);
#632 = CARTESIAN_POINT('',(-35.,0.,0.));
#633 = DIRECTION('',(0.,0.,-1.));
#634 = DIRECTION('',(1.,0.,0.));
#635 = PCURVE('',#128,#636);
#636 = DEFINITIONAL_REPRESENTATION('',(#637),#645);
#637 = ( BOUNDED_CURVE() B_SPLINE_CURVE(2,(#638,#639,#640,#641,#642,#643
,#644),.UNSPECIFIED.,.T.,.F.) B_SPLINE_CURVE_WITH_KNOTS((1,2,2,2,2,1),(
    -2.094395102393,0.,2.094395102393,4.188790204786,6.28318530718,
8.377580409573),.UNSPECIFIED.) CURVE() GEOMETRIC_REPRESENTATION_ITEM() 
RATIONAL_B_SPLINE_CURVE((1.,0.5,1.,0.5,1.,0.5,1.)) REPRESENTATION_ITEM(
  '') );
#638 = CARTESIAN_POINT('',(16.715,-1.914892223345E-15));
#639 = CARTESIAN_POINT('',(16.715,-28.95122924851));
#640 = CARTESIAN_POINT('',(-8.3575,-14.47561462425));
#641 = CARTESIAN_POINT('',(-33.43,-6.008886472894E-15));
#642 = CARTESIAN_POINT('',(-8.3575,14.475614624257));
#643 = CARTESIAN_POINT('',(16.715,28.951229248514));
#644 = CARTESIAN_POINT('',(16.715,-1.914892223345E-15));
#645 = ( GEOMETRIC_REPRESENTATION_CONTEXT(2) 
PARAMETRIC_REPRESENTATION_CONTEXT() REPRESENTATION_CONTEXT('2D SPACE',''
  ) );
#646 = PCURVE('',#539,#647);
#647 = DEFINITIONAL_REPRESENTATION('',(#648),#652);
#648 = LINE('',#649,#650);
#649 = CARTESIAN_POINT('',(-6.28318530718,-1.));
#650 = VECTOR('',#651,1.);
#651 = DIRECTION('',(1.,-0.));
#652 = ( GEOMETRIC_REPRESENTATION_CONTEXT(2) 
PARAMETRIC_REPRESENTATION_CONTEXT() REPRESENTATION_CONTEXT('2D SPACE',''
  ) );
#653 = ADVANCED_FACE('',(#654),#99,.T.);
#654 = FACE_BOUND('',#655,.T.);
#655 = EDGE_LOOP('',(#656,#657,#658,#659,#682,#715,#743,#776,#804,#827,
    #850,#873));
#656 = ORIENTED_EDGE('',*,*,#200,.T.);
#657 = ORIENTED_EDGE('',*,*,#83,.T.);
#658 = ORIENTED_EDGE('',*,*,#577,.T.);
#659 = ORIENTED_EDGE('',*,*,#660,.F.);
#660 = EDGE_CURVE('',#661,#578,#663,.T.);
#661 = VERTEX_POINT('',#662);
#662 = CARTESIAN_POINT('',(-12.5,-0.5,6.775192319073));
#663 = SURFACE_CURVE('',#664,(#668,#675),.PCURVE_S1.);
#664 = LINE('',#665,#666);
#665 = CARTESIAN_POINT('',(-12.5,-0.5,-1.5));
#666 = VECTOR('',#667,1.);
#667 = DIRECTION('',(0.,0.,-1.));
#668 = PCURVE('',#99,#669);
#669 = DEFINITIONAL_REPRESENTATION('',(#670),#674);
#670 = LINE('',#671,#672);
#671 = CARTESIAN_POINT('',(0.5,-44.5));
#672 = VECTOR('',#673,1.);
#673 = DIRECTION('',(-1.,0.));
#674 = ( GEOMETRIC_REPRESENTATION_CONTEXT(2) 
PARAMETRIC_REPRESENTATION_CONTEXT() REPRESENTATION_CONTEXT('2D SPACE',''
  ) );
#675 = PCURVE('',#616,#676);
#676 = DEFINITIONAL_REPRESENTATION('',(#677),#681);
#677 = LINE('',#678,#679);
#678 = CARTESIAN_POINT('',(-0.5,57.5));
#679 = VECTOR('',#680,1.);
#680 = DIRECTION('',(-1.,0.));
#681 = ( GEOMETRIC_REPRESENTATION_CONTEXT(2) 
PARAMETRIC_REPRESENTATION_CONTEXT() REPRESENTATION_CONTEXT('2D SPACE',''
  ) );
#682 = ORIENTED_EDGE('',*,*,#683,.T.);
#683 = EDGE_CURVE('',#661,#684,#686,.T.);
#684 = VERTEX_POINT('',#685);
#685 = CARTESIAN_POINT('',(-12.5,-0.5,10.024807680927));
#686 = SURFACE_CURVE('',#687,(#692,#703),.PCURVE_S1.);
#687 = CIRCLE('',#688,1.7);
#688 = AXIS2_PLACEMENT_3D('',#689,#690,#691);
#689 = CARTESIAN_POINT('',(-12.5,0.,8.4));
#690 = DIRECTION('',(-1.,0.,0.));
#691 = DIRECTION('',(0.,1.,0.));
#692 = PCURVE('',#99,#693);
#693 = DEFINITIONAL_REPRESENTATION('',(#694),#702);
#694 = ( BOUNDED_CURVE() B_SPLINE_CURVE(2,(#695,#696,#697,#698,#699,#700
,#701),.UNSPECIFIED.,.T.,.F.) B_SPLINE_CURVE_WITH_KNOTS((1,2,2,2,2,1),(
    -2.094395102393,0.,2.094395102393,4.188790204786,6.28318530718,
8.377580409573),.UNSPECIFIED.) CURVE() GEOMETRIC_REPRESENTATION_ITEM() 
RATIONAL_B_SPLINE_CURVE((1.,0.5,1.,0.5,1.,0.5,1.)) REPRESENTATION_ITEM(
  '') );
#695 = CARTESIAN_POINT('',(10.4,-46.7));
#696 = CARTESIAN_POINT('',(7.455513627133,-46.7));
#697 = CARTESIAN_POINT('',(8.927756813566,-44.15));
#698 = CARTESIAN_POINT('',(10.4,-41.6));
#699 = CARTESIAN_POINT('',(11.872243186434,-44.15));
#700 = CARTESIAN_POINT('',(13.344486372867,-46.7));
#701 = CARTESIAN_POINT('',(10.4,-46.7));
#702 = ( GEOMETRIC_REPRESENTATION_CONTEXT(2) 
PARAMETRIC_REPRESENTATION_CONTEXT() REPRESENTATION_CONTEXT('2D SPACE',''
  ) );
#703 = PCURVE('',#704,#709);
#704 = CYLINDRICAL_SURFACE('',#705,1.7);
#705 = AXIS2_PLACEMENT_3D('',#706,#707,#708);
#706 = CARTESIAN_POINT('',(-35.,0.,8.4));
#707 = DIRECTION('',(-1.,-0.,-0.));
#708 = DIRECTION('',(0.,1.,0.));
#709 = DEFINITIONAL_REPRESENTATION('',(#710),#714);
#710 = LINE('',#711,#712);
#711 = CARTESIAN_POINT('',(-6.28318530718,-22.5));
#712 = VECTOR('',#713,1.);
#713 = DIRECTION('',(1.,-0.));
#714 = ( GEOMETRIC_REPRESENTATION_CONTEXT(2) 
PARAMETRIC_REPRESENTATION_CONTEXT() REPRESENTATION_CONTEXT('2D SPACE',''
  ) );
#715 = ORIENTED_EDGE('',*,*,#716,.F.);
#716 = EDGE_CURVE('',#717,#684,#719,.T.);
#717 = VERTEX_POINT('',#718);
#718 = CARTESIAN_POINT('',(-12.5,-0.5,15.175192319073));
#719 = SURFACE_CURVE('',#720,(#724,#731),.PCURVE_S1.);
#720 = LINE('',#721,#722);
#721 = CARTESIAN_POINT('',(-12.5,-0.5,-1.5));
#722 = VECTOR('',#723,1.);
#723 = DIRECTION('',(0.,0.,-1.));
#724 = PCURVE('',#99,#725);
#725 = DEFINITIONAL_REPRESENTATION('',(#726),#730);
#726 = LINE('',#727,#728);
#727 = CARTESIAN_POINT('',(0.5,-44.5));
#728 = VECTOR('',#729,1.);
#729 = DIRECTION('',(-1.,0.));
#730 = ( GEOMETRIC_REPRESENTATION_CONTEXT(2) 
PARAMETRIC_REPRESENTATION_CONTEXT() REPRESENTATION_CONTEXT('2D SPACE',''
  ) );
#731 = PCURVE('',#732,#737);
#732 = PLANE('',#733);
#733 = AXIS2_PLACEMENT_3D('',#734,#735,#736);
#734 = CARTESIAN_POINT('',(-70.,-0.5,-1.));
#735 = DIRECTION('',(0.,1.,0.));
#736 = DIRECTION('',(0.,0.,1.));
#737 = DEFINITIONAL_REPRESENTATION('',(#738),#742);
#738 = LINE('',#739,#740);
#739 = CARTESIAN_POINT('',(-0.5,57.5));
#740 = VECTOR('',#741,1.);
#741 = DIRECTION('',(-1.,0.));
#742 = ( GEOMETRIC_REPRESENTATION_CONTEXT(2) 
PARAMETRIC_REPRESENTATION_CONTEXT() REPRESENTATION_CONTEXT('2D SPACE',''
  ) );
#743 = ORIENTED_EDGE('',*,*,#744,.T.);
#744 = EDGE_CURVE('',#717,#745,#747,.T.);
#745 = VERTEX_POINT('',#746);
#746 = CARTESIAN_POINT('',(-12.5,-0.5,18.424807680927));
#747 = SURFACE_CURVE('',#748,(#753,#764),.PCURVE_S1.);
#748 = CIRCLE('',#749,1.7);
#749 = AXIS2_PLACEMENT_3D('',#750,#751,#752);
#750 = CARTESIAN_POINT('',(-12.5,0.,16.8));
#751 = DIRECTION('',(-1.,0.,0.));
#752 = DIRECTION('',(0.,1.,0.));
#753 = PCURVE('',#99,#754);
#754 = DEFINITIONAL_REPRESENTATION('',(#755),#763);
#755 = ( BOUNDED_CURVE() B_SPLINE_CURVE(2,(#756,#757,#758,#759,#760,#761
,#762),.UNSPECIFIED.,.T.,.F.) B_SPLINE_CURVE_WITH_KNOTS((1,2,2,2,2,1),(
    -2.094395102393,0.,2.094395102393,4.188790204786,6.28318530718,
8.377580409573),.UNSPECIFIED.) CURVE() GEOMETRIC_REPRESENTATION_ITEM() 
RATIONAL_B_SPLINE_CURVE((1.,0.5,1.,0.5,1.,0.5,1.)) REPRESENTATION_ITEM(
  '') );
#756 = CARTESIAN_POINT('',(18.8,-46.7));
#757 = CARTESIAN_POINT('',(15.855513627133,-46.7));
#758 = CARTESIAN_POINT('',(17.327756813566,-44.15));
#759 = CARTESIAN_POINT('',(18.8,-41.6));
#760 = CARTESIAN_POINT('',(20.272243186434,-44.15));
#761 = CARTESIAN_POINT('',(21.744486372867,-46.7));
#762 = CARTESIAN_POINT('',(18.8,-46.7));
#763 = ( GEOMETRIC_REPRESENTATION_CONTEXT(2) 
PARAMETRIC_REPRESENTATION_CONTEXT() REPRESENTATION_CONTEXT('2D SPACE',''
  ) );
#764 = PCURVE('',#765,#770);
#765 = CYLINDRICAL_SURFACE('',#766,1.7);
#766 = AXIS2_PLACEMENT_3D('',#767,#768,#769);
#767 = CARTESIAN_POINT('',(-35.,0.,16.8));
#768 = DIRECTION('',(-1.,-0.,-0.));
#769 = DIRECTION('',(0.,1.,0.));
#770 = DEFINITIONAL_REPRESENTATION('',(#771),#775);
#771 = LINE('',#772,#773);
#772 = CARTESIAN_POINT('',(-6.28318530718,-22.5));
#773 = VECTOR('',#774,1.);
#774 = DIRECTION('',(1.,-0.));
#775 = ( GEOMETRIC_REPRESENTATION_CONTEXT(2) 
PARAMETRIC_REPRESENTATION_CONTEXT() REPRESENTATION_CONTEXT('2D SPACE',''
  ) );
#776 = ORIENTED_EDGE('',*,*,#777,.F.);
#777 = EDGE_CURVE('',#778,#745,#780,.T.);
#778 = VERTEX_POINT('',#779);
#779 = CARTESIAN_POINT('',(-12.5,-0.5,24.));
#780 = SURFACE_CURVE('',#781,(#785,#792),.PCURVE_S1.);
#781 = LINE('',#782,#783);
#782 = CARTESIAN_POINT('',(-12.5,-0.5,-1.5));
#783 = VECTOR('',#784,1.);
#784 = DIRECTION('',(0.,0.,-1.));
#785 = PCURVE('',#99,#786);
#786 = DEFINITIONAL_REPRESENTATION('',(#787),#791);
#787 = LINE('',#788,#789);
#788 = CARTESIAN_POINT('',(0.5,-44.5));
#789 = VECTOR('',#790,1.);
#790 = DIRECTION('',(-1.,0.));
#791 = ( GEOMETRIC_REPRESENTATION_CONTEXT(2) 
PARAMETRIC_REPRESENTATION_CONTEXT() REPRESENTATION_CONTEXT('2D SPACE',''
  ) );
#792 = PCURVE('',#793,#798);
#793 = PLANE('',#794);
#794 = AXIS2_PLACEMENT_3D('',#795,#796,#797);
#795 = CARTESIAN_POINT('',(-70.,-0.5,-1.));
#796 = DIRECTION('',(0.,1.,0.));
#797 = DIRECTION('',(0.,0.,1.));
#798 = DEFINITIONAL_REPRESENTATION('',(#799),#803);
#799 = LINE('',#800,#801);
#800 = CARTESIAN_POINT('',(-0.5,57.5));
#801 = VECTOR('',#802,1.);
#802 = DIRECTION('',(-1.,0.));
#803 = ( GEOMETRIC_REPRESENTATION_CONTEXT(2) 
PARAMETRIC_REPRESENTATION_CONTEXT() REPRESENTATION_CONTEXT('2D SPACE',''
  ) );
#804 = ORIENTED_EDGE('',*,*,#805,.F.);
#805 = EDGE_CURVE('',#806,#778,#808,.T.);
#806 = VERTEX_POINT('',#807);
#807 = CARTESIAN_POINT('',(-12.5,-4.769696007085,24.));
#808 = SURFACE_CURVE('',#809,(#813,#820),.PCURVE_S1.);
#809 = LINE('',#810,#811);
#810 = CARTESIAN_POINT('',(-12.5,-22.5,24.));
#811 = VECTOR('',#812,1.);
#812 = DIRECTION('',(0.,1.,0.));
#813 = PCURVE('',#99,#814);
#814 = DEFINITIONAL_REPRESENTATION('',(#815),#819);
#815 = LINE('',#816,#817);
#816 = CARTESIAN_POINT('',(26.,-22.5));
#817 = VECTOR('',#818,1.);
#818 = DIRECTION('',(0.,-1.));
#819 = ( GEOMETRIC_REPRESENTATION_CONTEXT(2) 
PARAMETRIC_REPRESENTATION_CONTEXT() REPRESENTATION_CONTEXT('2D SPACE',''
  ) );
#820 = PCURVE('',#511,#821);
#821 = DEFINITIONAL_REPRESENTATION('',(#822),#826);
#822 = LINE('',#823,#824);
#823 = CARTESIAN_POINT('',(22.5,-22.5));
#824 = VECTOR('',#825,1.);
#825 = DIRECTION('',(0.,1.));
#826 = ( GEOMETRIC_REPRESENTATION_CONTEXT(2) 
PARAMETRIC_REPRESENTATION_CONTEXT() REPRESENTATION_CONTEXT('2D SPACE',''
  ) );
#827 = ORIENTED_EDGE('',*,*,#828,.T.);
#828 = EDGE_CURVE('',#806,#829,#831,.T.);
#829 = VERTEX_POINT('',#830);
#830 = CARTESIAN_POINT('',(-12.5,-4.769696007085,21.));
#831 = SURFACE_CURVE('',#832,(#836,#843),.PCURVE_S1.);
#832 = LINE('',#833,#834);
#833 = CARTESIAN_POINT('',(-12.5,-4.769696007085,0.));
#834 = VECTOR('',#835,1.);
#835 = DIRECTION('',(-0.,-0.,-1.));
#836 = PCURVE('',#99,#837);
#837 = DEFINITIONAL_REPRESENTATION('',(#838),#842);
#838 = LINE('',#839,#840);
#839 = CARTESIAN_POINT('',(2.,-40.23030399291));
#840 = VECTOR('',#841,1.);
#841 = DIRECTION('',(-1.,0.));
#842 = ( GEOMETRIC_REPRESENTATION_CONTEXT(2) 
PARAMETRIC_REPRESENTATION_CONTEXT() REPRESENTATION_CONTEXT('2D SPACE',''
  ) );
#843 = PCURVE('',#483,#844);
#844 = DEFINITIONAL_REPRESENTATION('',(#845),#849);
#845 = LINE('',#846,#847);
#846 = CARTESIAN_POINT('',(-6.074291289917,0.));
#847 = VECTOR('',#848,1.);
#848 = DIRECTION('',(-0.,1.));
#849 = ( GEOMETRIC_REPRESENTATION_CONTEXT(2) 
PARAMETRIC_REPRESENTATION_CONTEXT() REPRESENTATION_CONTEXT('2D SPACE',''
  ) );
#850 = ORIENTED_EDGE('',*,*,#851,.F.);
#851 = EDGE_CURVE('',#852,#829,#854,.T.);
#852 = VERTEX_POINT('',#853);
#853 = CARTESIAN_POINT('',(-12.5,-10.89724735885,21.));
#854 = SURFACE_CURVE('',#855,(#859,#866),.PCURVE_S1.);
#855 = LINE('',#856,#857);
#856 = CARTESIAN_POINT('',(-12.5,-22.5,21.));
#857 = VECTOR('',#858,1.);
#858 = DIRECTION('',(0.,1.,0.));
#859 = PCURVE('',#99,#860);
#860 = DEFINITIONAL_REPRESENTATION('',(#861),#865);
#861 = LINE('',#862,#863);
#862 = CARTESIAN_POINT('',(23.,-22.5));
#863 = VECTOR('',#864,1.);
#864 = DIRECTION('',(0.,-1.));
#865 = ( GEOMETRIC_REPRESENTATION_CONTEXT(2) 
PARAMETRIC_REPRESENTATION_CONTEXT() REPRESENTATION_CONTEXT('2D SPACE',''
  ) );
#866 = PCURVE('',#455,#867);
#867 = DEFINITIONAL_REPRESENTATION('',(#868),#872);
#868 = LINE('',#869,#870);
#869 = CARTESIAN_POINT('',(22.5,-22.5));
#870 = VECTOR('',#871,1.);
#871 = DIRECTION('',(0.,1.));
#872 = ( GEOMETRIC_REPRESENTATION_CONTEXT(2) 
PARAMETRIC_REPRESENTATION_CONTEXT() REPRESENTATION_CONTEXT('2D SPACE',''
  ) );
#873 = ORIENTED_EDGE('',*,*,#874,.T.);
#874 = EDGE_CURVE('',#852,#172,#875,.T.);
#875 = SURFACE_CURVE('',#876,(#880,#887),.PCURVE_S1.);
#876 = LINE('',#877,#878);
#877 = CARTESIAN_POINT('',(-12.5,-10.89724735885,3.));
#878 = VECTOR('',#879,1.);
#879 = DIRECTION('',(-0.,-0.,-1.));
#880 = PCURVE('',#99,#881);
#881 = DEFINITIONAL_REPRESENTATION('',(#882),#886);
#882 = LINE('',#883,#884);
#883 = CARTESIAN_POINT('',(5.,-34.10275264114));
#884 = VECTOR('',#885,1.);
#885 = DIRECTION('',(-1.,0.));
#886 = ( GEOMETRIC_REPRESENTATION_CONTEXT(2) 
PARAMETRIC_REPRESENTATION_CONTEXT() REPRESENTATION_CONTEXT('2D SPACE',''
  ) );
#887 = PCURVE('',#188,#888);
#888 = DEFINITIONAL_REPRESENTATION('',(#889),#893);
#889 = LINE('',#890,#891);
#890 = CARTESIAN_POINT('',(-5.832158495383,0.));
#891 = VECTOR('',#892,1.);
#892 = DIRECTION('',(-0.,1.));
#893 = ( GEOMETRIC_REPRESENTATION_CONTEXT(2) 
PARAMETRIC_REPRESENTATION_CONTEXT() REPRESENTATION_CONTEXT('2D SPACE',''
  ) );
#894 = ADVANCED_FACE('',(#895),#188,.T.);
#895 = FACE_BOUND('',#896,.F.);
#896 = EDGE_LOOP('',(#897,#921,#922,#923));
#897 = ORIENTED_EDGE('',*,*,#898,.T.);
#898 = EDGE_CURVE('',#899,#852,#901,.T.);
#899 = VERTEX_POINT('',#900);
#900 = CARTESIAN_POINT('',(-59.6779253585,-4.,21.));
#901 = SURFACE_CURVE('',#902,(#907,#914),.PCURVE_S1.);
#902 = CIRCLE('',#903,25.);
#903 = AXIS2_PLACEMENT_3D('',#904,#905,#906);
#904 = CARTESIAN_POINT('',(-35.,0.,21.));
#905 = DIRECTION('',(0.,0.,1.));
#906 = DIRECTION('',(1.,0.,0.));
#907 = PCURVE('',#188,#908);
#908 = DEFINITIONAL_REPRESENTATION('',(#909),#913);
#909 = LINE('',#910,#911);
#910 = CARTESIAN_POINT('',(-0.,-18.));
#911 = VECTOR('',#912,1.);
#912 = DIRECTION('',(-1.,0.));
#913 = ( GEOMETRIC_REPRESENTATION_CONTEXT(2) 
PARAMETRIC_REPRESENTATION_CONTEXT() REPRESENTATION_CONTEXT('2D SPACE',''
  ) );
#914 = PCURVE('',#455,#915);
#915 = DEFINITIONAL_REPRESENTATION('',(#916),#920);
#916 = CIRCLE('',#917,25.);
#917 = AXIS2_PLACEMENT_2D('',#918,#919);
#918 = CARTESIAN_POINT('',(0.,-1.604946055186E-15));
#919 = DIRECTION('',(1.,0.));
#920 = ( GEOMETRIC_REPRESENTATION_CONTEXT(2) 
PARAMETRIC_REPRESENTATION_CONTEXT() REPRESENTATION_CONTEXT('2D SPACE',''
  ) );
#921 = ORIENTED_EDGE('',*,*,#874,.T.);
#922 = ORIENTED_EDGE('',*,*,#169,.F.);
#923 = ORIENTED_EDGE('',*,*,#924,.F.);
#924 = EDGE_CURVE('',#899,#170,#925,.T.);
#925 = SURFACE_CURVE('',#926,(#930,#937),.PCURVE_S1.);
#926 = LINE('',#927,#928);
#927 = CARTESIAN_POINT('',(-59.6779253585,-4.,3.));
#928 = VECTOR('',#929,1.);
#929 = DIRECTION('',(-0.,-0.,-1.));
#930 = PCURVE('',#188,#931);
#931 = DEFINITIONAL_REPRESENTATION('',(#932),#936);
#932 = LINE('',#933,#934);
#933 = CARTESIAN_POINT('',(-3.302283306542,0.));
#934 = VECTOR('',#935,1.);
#935 = DIRECTION('',(-0.,1.));
#936 = ( GEOMETRIC_REPRESENTATION_CONTEXT(2) 
PARAMETRIC_REPRESENTATION_CONTEXT() REPRESENTATION_CONTEXT('2D SPACE',''
  ) );
#937 = PCURVE('',#287,#938);
#938 = DEFINITIONAL_REPRESENTATION('',(#939),#943);
#939 = LINE('',#940,#941);
#940 = CARTESIAN_POINT('',(3.,8.322074641494));
#941 = VECTOR('',#942,1.);
#942 = DIRECTION('',(-1.,0.));
#943 = ( GEOMETRIC_REPRESENTATION_CONTEXT(2) 
PARAMETRIC_REPRESENTATION_CONTEXT() REPRESENTATION_CONTEXT('2D SPACE',''
  ) );
#944 = ADVANCED_FACE('',(#945),#287,.F.);
#945 = FACE_BOUND('',#946,.F.);
#946 = EDGE_LOOP('',(#947,#970,#993,#1016,#1039,#1062,#1083,#1084));
#947 = ORIENTED_EDGE('',*,*,#948,.F.);
#948 = EDGE_CURVE('',#949,#246,#951,.T.);
#949 = VERTEX_POINT('',#950);
#950 = CARTESIAN_POINT('',(-59.,-4.,0.));
#951 = SURFACE_CURVE('',#952,(#956,#963),.PCURVE_S1.);
#952 = LINE('',#953,#954);
#953 = CARTESIAN_POINT('',(-59.,-4.,0.));
#954 = VECTOR('',#955,1.);
#955 = DIRECTION('',(0.,0.,1.));
#956 = PCURVE('',#287,#957);
#957 = DEFINITIONAL_REPRESENTATION('',(#958),#962);
#958 = LINE('',#959,#960);
#959 = CARTESIAN_POINT('',(0.,9.));
#960 = VECTOR('',#961,1.);
#961 = DIRECTION('',(1.,0.));
#962 = ( GEOMETRIC_REPRESENTATION_CONTEXT(2) 
PARAMETRIC_REPRESENTATION_CONTEXT() REPRESENTATION_CONTEXT('2D SPACE',''
  ) );
#963 = PCURVE('',#261,#964);
#964 = DEFINITIONAL_REPRESENTATION('',(#965),#969);
#965 = LINE('',#966,#967);
#966 = CARTESIAN_POINT('',(0.,0.));
#967 = VECTOR('',#968,1.);
#968 = DIRECTION('',(1.,0.));
#969 = ( GEOMETRIC_REPRESENTATION_CONTEXT(2) 
PARAMETRIC_REPRESENTATION_CONTEXT() REPRESENTATION_CONTEXT('2D SPACE',''
  ) );
#970 = ORIENTED_EDGE('',*,*,#971,.F.);
#971 = EDGE_CURVE('',#972,#949,#974,.T.);
#972 = VERTEX_POINT('',#973);
#973 = CARTESIAN_POINT('',(-68.,-4.,0.));
#974 = SURFACE_CURVE('',#975,(#979,#986),.PCURVE_S1.);
#975 = LINE('',#976,#977);
#976 = CARTESIAN_POINT('',(-68.,-4.,0.));
#977 = VECTOR('',#978,1.);
#978 = DIRECTION('',(1.,0.,0.));
#979 = PCURVE('',#287,#980);
#980 = DEFINITIONAL_REPRESENTATION('',(#981),#985);
#981 = LINE('',#982,#983);
#982 = CARTESIAN_POINT('',(0.,0.));
#983 = VECTOR('',#984,1.);
#984 = DIRECTION('',(0.,1.));
#985 = ( GEOMETRIC_REPRESENTATION_CONTEXT(2) 
PARAMETRIC_REPRESENTATION_CONTEXT() REPRESENTATION_CONTEXT('2D SPACE',''
  ) );
#986 = PCURVE('',#343,#987);
#987 = DEFINITIONAL_REPRESENTATION('',(#988),#992);
#988 = LINE('',#989,#990);
#989 = CARTESIAN_POINT('',(0.,0.));
#990 = VECTOR('',#991,1.);
#991 = DIRECTION('',(1.,0.));
#992 = ( GEOMETRIC_REPRESENTATION_CONTEXT(2) 
PARAMETRIC_REPRESENTATION_CONTEXT() REPRESENTATION_CONTEXT('2D SPACE',''
  ) );
#993 = ORIENTED_EDGE('',*,*,#994,.T.);
#994 = EDGE_CURVE('',#972,#995,#997,.T.);
#995 = VERTEX_POINT('',#996);
#996 = CARTESIAN_POINT('',(-68.,-4.,24.));
#997 = SURFACE_CURVE('',#998,(#1002,#1009),.PCURVE_S1.);
#998 = LINE('',#999,#1000);
#999 = CARTESIAN_POINT('',(-68.,-4.,0.));
#1000 = VECTOR('',#1001,1.);
#1001 = DIRECTION('',(0.,0.,1.));
#1002 = PCURVE('',#287,#1003);
#1003 = DEFINITIONAL_REPRESENTATION('',(#1004),#1008);
#1004 = LINE('',#1005,#1006);
#1005 = CARTESIAN_POINT('',(0.,0.));
#1006 = VECTOR('',#1007,1.);
#1007 = DIRECTION('',(1.,0.));
#1008 = ( GEOMETRIC_REPRESENTATION_CONTEXT(2) 
PARAMETRIC_REPRESENTATION_CONTEXT() REPRESENTATION_CONTEXT('2D SPACE',''
  ) );
#1009 = PCURVE('',#371,#1010);
#1010 = DEFINITIONAL_REPRESENTATION('',(#1011),#1015);
#1011 = LINE('',#1012,#1013);
#1012 = CARTESIAN_POINT('',(0.,0.));
#1013 = VECTOR('',#1014,1.);
#1014 = DIRECTION('',(1.,0.));
#1015 = ( GEOMETRIC_REPRESENTATION_CONTEXT(2) 
PARAMETRIC_REPRESENTATION_CONTEXT() REPRESENTATION_CONTEXT('2D SPACE',''
  ) );
#1016 = ORIENTED_EDGE('',*,*,#1017,.T.);
#1017 = EDGE_CURVE('',#995,#1018,#1020,.T.);
#1018 = VERTEX_POINT('',#1019);
#1019 = CARTESIAN_POINT('',(-59.,-4.,24.));
#1020 = SURFACE_CURVE('',#1021,(#1025,#1032),.PCURVE_S1.);
#1021 = LINE('',#1022,#1023);
#1022 = CARTESIAN_POINT('',(-68.,-4.,24.));
#1023 = VECTOR('',#1024,1.);
#1024 = DIRECTION('',(1.,0.,0.));
#1025 = PCURVE('',#287,#1026);
#1026 = DEFINITIONAL_REPRESENTATION('',(#1027),#1031);
#1027 = LINE('',#1028,#1029);
#1028 = CARTESIAN_POINT('',(24.,0.));
#1029 = VECTOR('',#1030,1.);
#1030 = DIRECTION('',(0.,1.));
#1031 = ( GEOMETRIC_REPRESENTATION_CONTEXT(2) 
PARAMETRIC_REPRESENTATION_CONTEXT() REPRESENTATION_CONTEXT('2D SPACE',''
  ) );
#1032 = PCURVE('',#399,#1033);
#1033 = DEFINITIONAL_REPRESENTATION('',(#1034),#1038);
#1034 = LINE('',#1035,#1036);
#1035 = CARTESIAN_POINT('',(0.,0.));
#1036 = VECTOR('',#1037,1.);
#1037 = DIRECTION('',(1.,0.));
#1038 = ( GEOMETRIC_REPRESENTATION_CONTEXT(2) 
PARAMETRIC_REPRESENTATION_CONTEXT() REPRESENTATION_CONTEXT('2D SPACE',''
  ) );
#1039 = ORIENTED_EDGE('',*,*,#1040,.F.);
#1040 = EDGE_CURVE('',#1041,#1018,#1043,.T.);
#1041 = VERTEX_POINT('',#1042);
#1042 = CARTESIAN_POINT('',(-59.,-4.,21.));
#1043 = SURFACE_CURVE('',#1044,(#1048,#1055),.PCURVE_S1.);
#1044 = LINE('',#1045,#1046);
#1045 = CARTESIAN_POINT('',(-59.,-4.,0.));
#1046 = VECTOR('',#1047,1.);
#1047 = DIRECTION('',(0.,0.,1.));
#1048 = PCURVE('',#287,#1049);
#1049 = DEFINITIONAL_REPRESENTATION('',(#1050),#1054);
#1050 = LINE('',#1051,#1052);
#1051 = CARTESIAN_POINT('',(0.,9.));
#1052 = VECTOR('',#1053,1.);
#1053 = DIRECTION('',(1.,0.));
#1054 = ( GEOMETRIC_REPRESENTATION_CONTEXT(2) 
PARAMETRIC_REPRESENTATION_CONTEXT() REPRESENTATION_CONTEXT('2D SPACE',''
  ) );
#1055 = PCURVE('',#427,#1056);
#1056 = DEFINITIONAL_REPRESENTATION('',(#1057),#1061);
#1057 = LINE('',#1058,#1059);
#1058 = CARTESIAN_POINT('',(0.,0.));
#1059 = VECTOR('',#1060,1.);
#1060 = DIRECTION('',(1.,0.));
#1061 = ( GEOMETRIC_REPRESENTATION_CONTEXT(2) 
PARAMETRIC_REPRESENTATION_CONTEXT() REPRESENTATION_CONTEXT('2D SPACE',''
  ) );
#1062 = ORIENTED_EDGE('',*,*,#1063,.T.);
#1063 = EDGE_CURVE('',#1041,#899,#1064,.T.);
#1064 = SURFACE_CURVE('',#1065,(#1069,#1076),.PCURVE_S1.);
#1065 = LINE('',#1066,#1067);
#1066 = CARTESIAN_POINT('',(-51.5,-4.,21.));
#1067 = VECTOR('',#1068,1.);
#1068 = DIRECTION('',(-1.,0.,0.));
#1069 = PCURVE('',#287,#1070);
#1070 = DEFINITIONAL_REPRESENTATION('',(#1071),#1075);
#1071 = LINE('',#1072,#1073);
#1072 = CARTESIAN_POINT('',(21.,16.5));
#1073 = VECTOR('',#1074,1.);
#1074 = DIRECTION('',(0.,-1.));
#1075 = ( GEOMETRIC_REPRESENTATION_CONTEXT(2) 
PARAMETRIC_REPRESENTATION_CONTEXT() REPRESENTATION_CONTEXT('2D SPACE',''
  ) );
#1076 = PCURVE('',#455,#1077);
#1077 = DEFINITIONAL_REPRESENTATION('',(#1078),#1082);
#1078 = LINE('',#1079,#1080);
#1079 = CARTESIAN_POINT('',(-16.5,-4.));
#1080 = VECTOR('',#1081,1.);
#1081 = DIRECTION('',(-1.,0.));
#1082 = ( GEOMETRIC_REPRESENTATION_CONTEXT(2) 
PARAMETRIC_REPRESENTATION_CONTEXT() REPRESENTATION_CONTEXT('2D SPACE',''
  ) );
#1083 = ORIENTED_EDGE('',*,*,#924,.T.);
#1084 = ORIENTED_EDGE('',*,*,#273,.F.);
#1085 = ADVANCED_FACE('',(#1086),#261,.T.);
#1086 = FACE_BOUND('',#1087,.T.);
#1087 = EDGE_LOOP('',(#1088,#1089,#1110,#1111));
#1088 = ORIENTED_EDGE('',*,*,#948,.F.);
#1089 = ORIENTED_EDGE('',*,*,#1090,.T.);
#1090 = EDGE_CURVE('',#949,#305,#1091,.T.);
#1091 = SURFACE_CURVE('',#1092,(#1096,#1103),.PCURVE_S1.);
#1092 = LINE('',#1093,#1094);
#1093 = CARTESIAN_POINT('',(-59.,-4.,0.));
#1094 = VECTOR('',#1095,1.);
#1095 = DIRECTION('',(0.,1.,0.));
#1096 = PCURVE('',#261,#1097);
#1097 = DEFINITIONAL_REPRESENTATION('',(#1098),#1102);
#1098 = LINE('',#1099,#1100);
#1099 = CARTESIAN_POINT('',(0.,0.));
#1100 = VECTOR('',#1101,1.);
#1101 = DIRECTION('',(0.,-1.));
#1102 = ( GEOMETRIC_REPRESENTATION_CONTEXT(2) 
PARAMETRIC_REPRESENTATION_CONTEXT() REPRESENTATION_CONTEXT('2D SPACE',''
  ) );
#1103 = PCURVE('',#343,#1104);
#1104 = DEFINITIONAL_REPRESENTATION('',(#1105),#1109);
#1105 = LINE('',#1106,#1107);
#1106 = CARTESIAN_POINT('',(9.,0.));
#1107 = VECTOR('',#1108,1.);
#1108 = DIRECTION('',(0.,1.));
#1109 = ( GEOMETRIC_REPRESENTATION_CONTEXT(2) 
PARAMETRIC_REPRESENTATION_CONTEXT() REPRESENTATION_CONTEXT('2D SPACE',''
  ) );
#1110 = ORIENTED_EDGE('',*,*,#304,.T.);
#1111 = ORIENTED_EDGE('',*,*,#245,.F.);
#1112 = ADVANCED_FACE('',(#1113),#539,.F.);
#1113 = FACE_BOUND('',#1114,.T.);
#1114 = EDGE_LOOP('',(#1115,#1143,#1166,#1258,#1281,#1373,#1394,#1395));
#1115 = ORIENTED_EDGE('',*,*,#1116,.F.);
#1116 = EDGE_CURVE('',#1117,#496,#1119,.T.);
#1117 = VERTEX_POINT('',#1118);
#1118 = CARTESIAN_POINT('',(-18.29247998654,-0.5,24.));
#1119 = SURFACE_CURVE('',#1120,(#1125,#1132),.PCURVE_S1.);
#1120 = CIRCLE('',#1121,16.715);
#1121 = AXIS2_PLACEMENT_3D('',#1122,#1123,#1124);
#1122 = CARTESIAN_POINT('',(-35.,0.,24.));
#1123 = DIRECTION('',(0.,0.,-1.));
#1124 = DIRECTION('',(1.,0.,0.));
#1125 = PCURVE('',#539,#1126);
#1126 = DEFINITIONAL_REPRESENTATION('',(#1127),#1131);
#1127 = LINE('',#1128,#1129);
#1128 = CARTESIAN_POINT('',(-6.28318530718,-25.));
#1129 = VECTOR('',#1130,1.);
#1130 = DIRECTION('',(1.,-0.));
#1131 = ( GEOMETRIC_REPRESENTATION_CONTEXT(2) 
PARAMETRIC_REPRESENTATION_CONTEXT() REPRESENTATION_CONTEXT('2D SPACE',''
  ) );
#1132 = PCURVE('',#511,#1133);
#1133 = DEFINITIONAL_REPRESENTATION('',(#1134),#1142);
#1134 = ( BOUNDED_CURVE() B_SPLINE_CURVE(2,(#1135,#1136,#1137,#1138,
#1139,#1140,#1141),.UNSPECIFIED.,.T.,.F.) B_SPLINE_CURVE_WITH_KNOTS((1,2
    ,2,2,2,1),(-2.094395102393,0.,2.094395102393,4.188790204786,
6.28318530718,8.377580409573),.UNSPECIFIED.) CURVE() 
GEOMETRIC_REPRESENTATION_ITEM() RATIONAL_B_SPLINE_CURVE((1.,0.5,1.,0.5,
1.,0.5,1.)) REPRESENTATION_ITEM('') );
#1135 = CARTESIAN_POINT('',(16.715,-1.914892223345E-15));
#1136 = CARTESIAN_POINT('',(16.715,-28.95122924851));
#1137 = CARTESIAN_POINT('',(-8.3575,-14.47561462425));
#1138 = CARTESIAN_POINT('',(-33.43,-6.008886472894E-15));
#1139 = CARTESIAN_POINT('',(-8.3575,14.475614624257));
#1140 = CARTESIAN_POINT('',(16.715,28.951229248514));
#1141 = CARTESIAN_POINT('',(16.715,-1.914892223345E-15));
#1142 = ( GEOMETRIC_REPRESENTATION_CONTEXT(2) 
PARAMETRIC_REPRESENTATION_CONTEXT() REPRESENTATION_CONTEXT('2D SPACE',''
  ) );
#1143 = ORIENTED_EDGE('',*,*,#1144,.T.);
#1144 = EDGE_CURVE('',#1117,#1145,#1147,.T.);
#1145 = VERTEX_POINT('',#1146);
#1146 = CARTESIAN_POINT('',(-18.29247998654,-0.5,18.424807680927));
#1147 = SURFACE_CURVE('',#1148,(#1152,#1159),.PCURVE_S1.);
#1148 = LINE('',#1149,#1150);
#1149 = CARTESIAN_POINT('',(-18.29247998654,-0.5,-1.));
#1150 = VECTOR('',#1151,1.);
#1151 = DIRECTION('',(-0.,-0.,-1.));
#1152 = PCURVE('',#539,#1153);
#1153 = DEFINITIONAL_REPRESENTATION('',(#1154),#1158);
#1154 = LINE('',#1155,#1156);
#1155 = CARTESIAN_POINT('',(-6.253267592736,0.));
#1156 = VECTOR('',#1157,1.);
#1157 = DIRECTION('',(-0.,1.));
#1158 = ( GEOMETRIC_REPRESENTATION_CONTEXT(2) 
PARAMETRIC_REPRESENTATION_CONTEXT() REPRESENTATION_CONTEXT('2D SPACE',''
  ) );
#1159 = PCURVE('',#793,#1160);
#1160 = DEFINITIONAL_REPRESENTATION('',(#1161),#1165);
#1161 = LINE('',#1162,#1163);
#1162 = CARTESIAN_POINT('',(0.,51.707520013455));
#1163 = VECTOR('',#1164,1.);
#1164 = DIRECTION('',(-1.,0.));
#1165 = ( GEOMETRIC_REPRESENTATION_CONTEXT(2) 
PARAMETRIC_REPRESENTATION_CONTEXT() REPRESENTATION_CONTEXT('2D SPACE',''
  ) );
#1166 = ORIENTED_EDGE('',*,*,#1167,.T.);
#1167 = EDGE_CURVE('',#1145,#1168,#1170,.T.);
#1168 = VERTEX_POINT('',#1169);
#1169 = CARTESIAN_POINT('',(-18.29247998654,-0.5,15.175192319073));
#1170 = SURFACE_CURVE('',#1171,(#1198,#1228),.PCURVE_S1.);
#1171 = B_SPLINE_CURVE_WITH_KNOTS('',5,(#1172,#1173,#1174,#1175,#1176,
    #1177,#1178,#1179,#1180,#1181,#1182,#1183,#1184,#1185,#1186,#1187,
    #1188,#1189,#1190,#1191,#1192,#1193,#1194,#1195,#1196,#1197),
  .UNSPECIFIED.,.F.,.F.,(6,4,4,4,4,4,6),(0.,0.138930835384,
    0.299793559422,0.499999952813,0.700239716304,0.861099286717,1.),
  .UNSPECIFIED.);
#1172 = CARTESIAN_POINT('',(-18.29247998654,-0.5,18.424807680927));
#1173 = CARTESIAN_POINT('',(-18.29649345776,-0.634110301569,
    18.383538088488));
#1174 = CARTESIAN_POINT('',(-18.30162957637,-0.760723691917,
    18.329428333682));
#1175 = CARTESIAN_POINT('',(-18.30754538148,-0.878426540444,
    18.264377749102));
#1176 = CARTESIAN_POINT('',(-18.3138362017,-0.986257130408,
    18.190432006052));
#1177 = CARTESIAN_POINT('',(-18.32750156096,-1.19658310355,
    18.016406567033));
#1178 = CARTESIAN_POINT('',(-18.3349110394,-1.295866794479,
    17.913781802041));
#1179 = CARTESIAN_POINT('',(-18.34194654502,-1.38173008746,
    17.804334727415));
#1180 = CARTESIAN_POINT('',(-18.34830065226,-1.454574759748,
    17.689831665354));
#1181 = CARTESIAN_POINT('',(-18.36059638833,-1.58969564849,
    17.424588944946));
#1182 = CARTESIAN_POINT('',(-18.36606091359,-1.645080682939,
    17.271737047478));
#1183 = CARTESIAN_POINT('',(-18.36980154066,-1.681689030997,
    17.115584957356));
#1184 = CARTESIAN_POINT('',(-18.3716740169,-1.7,16.95780608905));
#1185 = CARTESIAN_POINT('',(-18.3716740169,-1.7,16.642167608069));
#1186 = CARTESIAN_POINT('',(-18.36980091612,-1.681682926251,
    16.484362459973));
#1187 = CARTESIAN_POINT('',(-18.36605904419,-1.645062383004,
    16.328184894897));
#1188 = CARTESIAN_POINT('',(-18.36059274526,-1.589658727149,
    16.175309168276));
#1189 = CARTESIAN_POINT('',(-18.34829435432,-1.454503046899,
    15.910051210338));
#1190 = CARTESIAN_POINT('',(-18.34193978323,-1.381649321743,
    15.795554190556));
#1191 = CARTESIAN_POINT('',(-18.3349039996,-1.295777216342,
    15.686113938028));
#1192 = CARTESIAN_POINT('',(-18.32749447104,-1.196485058317,
    15.583496936307));
#1193 = CARTESIAN_POINT('',(-18.31383074371,-0.986163550996,
    15.409503853666));
#1194 = CARTESIAN_POINT('',(-18.30754153268,-0.878349956795,
    15.335579918122));
#1195 = CARTESIAN_POINT('',(-18.30162734309,-0.760668688448,
    15.270548139377));
#1196 = CARTESIAN_POINT('',(-18.29649258315,-0.634081076443,
    15.216452918101));
#1197 = CARTESIAN_POINT('',(-18.29247998654,-0.5,15.175192319073));
#1198 = PCURVE('',#539,#1199);
#1199 = DEFINITIONAL_REPRESENTATION('',(#1200),#1227);
#1200 = B_SPLINE_CURVE_WITH_KNOTS('',5,(#1201,#1202,#1203,#1204,#1205,
    #1206,#1207,#1208,#1209,#1210,#1211,#1212,#1213,#1214,#1215,#1216,
    #1217,#1218,#1219,#1220,#1221,#1222,#1223,#1224,#1225,#1226),
  .UNSPECIFIED.,.F.,.F.,(6,4,4,4,4,4,6),(0.,0.138930835384,
    0.299793559422,0.499999952813,0.700239716304,0.861099286717,1.),
  .UNSPECIFIED.);
#1201 = CARTESIAN_POINT('',(-6.253267592736,-19.42480768092));
#1202 = CARTESIAN_POINT('',(-6.24524065029,-19.38353808848));
#1203 = CARTESIAN_POINT('',(-6.237660015813,-19.32942833368));
#1204 = CARTESIAN_POINT('',(-6.230609735242,-19.2643777491));
#1205 = CARTESIAN_POINT('',(-6.224147776436,-19.19043200605));
#1206 = CARTESIAN_POINT('',(-6.211538177845,-19.01640656703));
#1207 = CARTESIAN_POINT('',(-6.205582136288,-18.91378180204));
#1208 = CARTESIAN_POINT('',(-6.200428119803,-18.80433472741));
#1209 = CARTESIAN_POINT('',(-6.196053562487,-18.68983166535));
#1210 = CARTESIAN_POINT('',(-6.187936351639,-18.42458894494));
#1211 = CARTESIAN_POINT('',(-6.184606859723,-18.27173704747));
#1212 = CARTESIAN_POINT('',(-6.182405280513,-18.11558495735));
#1213 = CARTESIAN_POINT('',(-6.181304092492,-17.95780608905));
#1214 = CARTESIAN_POINT('',(-6.181304092492,-17.64216760806));
#1215 = CARTESIAN_POINT('',(-6.182405647639,-17.48436245997));
#1216 = CARTESIAN_POINT('',(-6.184607960263,-17.32818489489));
#1217 = CARTESIAN_POINT('',(-6.187938571177,-17.17530916827));
#1218 = CARTESIAN_POINT('',(-6.196057869308,-16.91005121033));
#1219 = CARTESIAN_POINT('',(-6.200432968573,-16.79555419055));
#1220 = CARTESIAN_POINT('',(-6.20558751183,-16.68611393802));
#1221 = CARTESIAN_POINT('',(-6.211544058708,-16.5834969363));
#1222 = CARTESIAN_POINT('',(-6.224153384356,-16.40950385366));
#1223 = CARTESIAN_POINT('',(-6.23061432253,-16.33557991812));
#1224 = CARTESIAN_POINT('',(-6.237663308998,-16.27054813937));
#1225 = CARTESIAN_POINT('',(-6.245242399509,-16.2164529181));
#1226 = CARTESIAN_POINT('',(-6.253267592736,-16.17519231907));
#1227 = ( GEOMETRIC_REPRESENTATION_CONTEXT(2) 
PARAMETRIC_REPRESENTATION_CONTEXT() REPRESENTATION_CONTEXT('2D SPACE',''
  ) );
#1228 = PCURVE('',#765,#1229);
#1229 = DEFINITIONAL_REPRESENTATION('',(#1230),#1257);
#1230 = B_SPLINE_CURVE_WITH_KNOTS('',5,(#1231,#1232,#1233,#1234,#1235,
    #1236,#1237,#1238,#1239,#1240,#1241,#1242,#1243,#1244,#1245,#1246,
    #1247,#1248,#1249,#1250,#1251,#1252,#1253,#1254,#1255,#1256),
  .UNSPECIFIED.,.F.,.F.,(6,4,4,4,4,4,6),(0.,0.138930835384,
    0.299793559422,0.499999952813,0.700239716304,0.861099286717,1.),
  .UNSPECIFIED.);
#1231 = CARTESIAN_POINT('',(-1.86932852798,-16.70752001345));
#1232 = CARTESIAN_POINT('',(-1.951867712859,-16.70350654223));
#1233 = CARTESIAN_POINT('',(-2.032413977087,-16.69837042362));
#1234 = CARTESIAN_POINT('',(-2.111012272385,-16.69245461852));
#1235 = CARTESIAN_POINT('',(-2.187611100335,-16.68616379829));
#1236 = CARTESIAN_POINT('',(-2.348191652191,-16.67249843903));
#1237 = CARTESIAN_POINT('',(-2.431672663162,-16.66508896059));
#1238 = CARTESIAN_POINT('',(-2.512957197406,-16.65805345498));
#1239 = CARTESIAN_POINT('',(-2.592422756959,-16.65169934774));
#1240 = CARTESIAN_POINT('',(-2.767526636463,-16.63940361166));
#1241 = CARTESIAN_POINT('',(-2.862432290315,-16.6339390864));
#1242 = CARTESIAN_POINT('',(-2.955955055416,-16.63019845933));
#1243 = CARTESIAN_POINT('',(-3.048765542384,-16.62832598309));
#1244 = CARTESIAN_POINT('',(-3.234435237078,-16.62832598309));
#1245 = CARTESIAN_POINT('',(-3.327261182034,-16.63019908387));
#1246 = CARTESIAN_POINT('',(-3.420799768326,-16.6339409558));
#1247 = CARTESIAN_POINT('',(-3.515721932048,-16.63940725474));
#1248 = CARTESIAN_POINT('',(-3.69084308848,-16.65170564567));
#1249 = CARTESIAN_POINT('',(-3.770308513877,-16.65806021676));
#1250 = CARTESIAN_POINT('',(-3.851593088785,-16.66509600039));
#1251 = CARTESIAN_POINT('',(-3.935074275527,-16.67250552895));
#1252 = CARTESIAN_POINT('',(-4.09564067056,-16.68616925628));
#1253 = CARTESIAN_POINT('',(-4.17222417882,-16.69245846731));
#1254 = CARTESIAN_POINT('',(-4.250806325047,-16.6983726569));
#1255 = CARTESIAN_POINT('',(-4.331335581143,-16.70350741684));
#1256 = CARTESIAN_POINT('',(-4.4138567792,-16.70752001345));
#1257 = ( GEOMETRIC_REPRESENTATION_CONTEXT(2) 
PARAMETRIC_REPRESENTATION_CONTEXT() REPRESENTATION_CONTEXT('2D SPACE',''
  ) );
#1258 = ORIENTED_EDGE('',*,*,#1259,.T.);
#1259 = EDGE_CURVE('',#1168,#1260,#1262,.T.);
#1260 = VERTEX_POINT('',#1261);
#1261 = CARTESIAN_POINT('',(-18.29247998654,-0.5,10.024807680927));
#1262 = SURFACE_CURVE('',#1263,(#1267,#1274),.PCURVE_S1.);
#1263 = LINE('',#1264,#1265);
#1264 = CARTESIAN_POINT('',(-18.29247998654,-0.5,-1.));
#1265 = VECTOR('',#1266,1.);
#1266 = DIRECTION('',(-0.,-0.,-1.));
#1267 = PCURVE('',#539,#1268);
#1268 = DEFINITIONAL_REPRESENTATION('',(#1269),#1273);
#1269 = LINE('',#1270,#1271);
#1270 = CARTESIAN_POINT('',(-6.253267592736,0.));
#1271 = VECTOR('',#1272,1.);
#1272 = DIRECTION('',(-0.,1.));
#1273 = ( GEOMETRIC_REPRESENTATION_CONTEXT(2) 
PARAMETRIC_REPRESENTATION_CONTEXT() REPRESENTATION_CONTEXT('2D SPACE',''
  ) );
#1274 = PCURVE('',#732,#1275);
#1275 = DEFINITIONAL_REPRESENTATION('',(#1276),#1280);
#1276 = LINE('',#1277,#1278);
#1277 = CARTESIAN_POINT('',(0.,51.707520013455));
#1278 = VECTOR('',#1279,1.);
#1279 = DIRECTION('',(-1.,0.));
#1280 = ( GEOMETRIC_REPRESENTATION_CONTEXT(2) 
PARAMETRIC_REPRESENTATION_CONTEXT() REPRESENTATION_CONTEXT('2D SPACE',''
  ) );
#1281 = ORIENTED_EDGE('',*,*,#1282,.T.);
#1282 = EDGE_CURVE('',#1260,#1283,#1285,.T.);
#1283 = VERTEX_POINT('',#1284);
#1284 = CARTESIAN_POINT('',(-18.29247998654,-0.5,6.775192319073));
#1285 = SURFACE_CURVE('',#1286,(#1313,#1343),.PCURVE_S1.);
#1286 = B_SPLINE_CURVE_WITH_KNOTS('',5,(#1287,#1288,#1289,#1290,#1291,
    #1292,#1293,#1294,#1295,#1296,#1297,#1298,#1299,#1300,#1301,#1302,
    #1303,#1304,#1305,#1306,#1307,#1308,#1309,#1310,#1311,#1312),
  .UNSPECIFIED.,.F.,.F.,(6,4,4,4,4,4,6),(0.,0.138930827481,0.29979354237
    ,0.499999947747,0.700239723242,0.861099294831,1.),.UNSPECIFIED.);
#1287 = CARTESIAN_POINT('',(-18.29247998654,-0.5,10.024807680927));
#1288 = CARTESIAN_POINT('',(-18.29649345776,-0.63411030157,
    9.983538088487));
#1289 = CARTESIAN_POINT('',(-18.30162957637,-0.760723691915,
    9.929428333682));
#1290 = CARTESIAN_POINT('',(-18.30754538148,-0.878426540443,
    9.864377749103));
#1291 = CARTESIAN_POINT('',(-18.3138362017,-0.986257130409,
    9.790432006051));
#1292 = CARTESIAN_POINT('',(-18.32750156096,-1.19658310355,
    9.616406567033));
#1293 = CARTESIAN_POINT('',(-18.3349110394,-1.295866794479,
    9.513781802041));
#1294 = CARTESIAN_POINT('',(-18.34194654502,-1.38173008746,
    9.404334727415));
#1295 = CARTESIAN_POINT('',(-18.34830065226,-1.454574759748,
    9.289831665354));
#1296 = CARTESIAN_POINT('',(-18.36059638912,-1.589695657237,
    9.024588927776));
#1297 = CARTESIAN_POINT('',(-18.36606091227,-1.645080668563,
    8.871737091603));
#1298 = CARTESIAN_POINT('',(-18.36980154136,-1.681689038598,
    8.715584912476));
#1299 = CARTESIAN_POINT('',(-18.3716740169,-1.7,8.557806107215));
#1300 = CARTESIAN_POINT('',(-18.3716740169,-1.7,8.242167589889));
#1301 = CARTESIAN_POINT('',(-18.36980091683,-1.681682933859,
    8.08436250489));
#1302 = CARTESIAN_POINT('',(-18.36605904287,-1.645062368615,
    7.928184850736));
#1303 = CARTESIAN_POINT('',(-18.36059274605,-1.589658735904,
    7.775309185459));
#1304 = CARTESIAN_POINT('',(-18.34829435397,-1.454503043035,
    7.510051202755));
#1305 = CARTESIAN_POINT('',(-18.34193978423,-1.381649334561,
    7.395554208408));
#1306 = CARTESIAN_POINT('',(-18.33490399849,-1.295777200756,
    7.286113921277));
#1307 = CARTESIAN_POINT('',(-18.32749447152,-1.196485065745,
    7.183496942452));
#1308 = CARTESIAN_POINT('',(-18.31383074371,-0.986163550987,
    7.009503853658));
#1309 = CARTESIAN_POINT('',(-18.30754153268,-0.878349956801,
    6.93557991813));
#1310 = CARTESIAN_POINT('',(-18.30162734309,-0.76066868846,
    6.870548139378));
#1311 = CARTESIAN_POINT('',(-18.29649258315,-0.63408107643,
    6.816452918098));
#1312 = CARTESIAN_POINT('',(-18.29247998654,-0.5,6.775192319073));
#1313 = PCURVE('',#539,#1314);
#1314 = DEFINITIONAL_REPRESENTATION('',(#1315),#1342);
#1315 = B_SPLINE_CURVE_WITH_KNOTS('',5,(#1316,#1317,#1318,#1319,#1320,
    #1321,#1322,#1323,#1324,#1325,#1326,#1327,#1328,#1329,#1330,#1331,
    #1332,#1333,#1334,#1335,#1336,#1337,#1338,#1339,#1340,#1341),
  .UNSPECIFIED.,.F.,.F.,(6,4,4,4,4,4,6),(0.,0.138930827481,0.29979354237
    ,0.499999947747,0.700239723242,0.861099294831,1.),.UNSPECIFIED.);
#1316 = CARTESIAN_POINT('',(-6.253267592736,-11.02480768092));
#1317 = CARTESIAN_POINT('',(-6.245240650289,-10.98353808848));
#1318 = CARTESIAN_POINT('',(-6.237660015813,-10.92942833368));
#1319 = CARTESIAN_POINT('',(-6.230609735242,-10.8643777491));
#1320 = CARTESIAN_POINT('',(-6.224147776436,-10.79043200605));
#1321 = CARTESIAN_POINT('',(-6.211538177845,-10.61640656703));
#1322 = CARTESIAN_POINT('',(-6.205582136288,-10.51378180204));
#1323 = CARTESIAN_POINT('',(-6.200428119803,-10.40433472741));
#1324 = CARTESIAN_POINT('',(-6.196053562487,-10.28983166535));
#1325 = CARTESIAN_POINT('',(-6.187936351114,-10.02458892777));
#1326 = CARTESIAN_POINT('',(-6.184606860587,-9.871737091603));
#1327 = CARTESIAN_POINT('',(-6.182405280056,-9.715584912476));
#1328 = CARTESIAN_POINT('',(-6.181304092492,-9.557806107215));
#1329 = CARTESIAN_POINT('',(-6.181304092492,-9.242167589889));
#1330 = CARTESIAN_POINT('',(-6.182405647181,-9.08436250489));
#1331 = CARTESIAN_POINT('',(-6.184607961127,-8.928184850736));
#1332 = CARTESIAN_POINT('',(-6.187938570651,-8.775309185459));
#1333 = CARTESIAN_POINT('',(-6.19605786954,-8.510051202755));
#1334 = CARTESIAN_POINT('',(-6.200432967804,-8.395554208408));
#1335 = CARTESIAN_POINT('',(-6.205587512765,-8.286113921277));
#1336 = CARTESIAN_POINT('',(-6.211544058263,-8.183496942452));
#1337 = CARTESIAN_POINT('',(-6.224153384357,-8.009503853658));
#1338 = CARTESIAN_POINT('',(-6.23061432253,-7.93557991813));
#1339 = CARTESIAN_POINT('',(-6.237663308997,-7.870548139378));
#1340 = CARTESIAN_POINT('',(-6.24524239951,-7.816452918098));
#1341 = CARTESIAN_POINT('',(-6.253267592736,-7.775192319073));
#1342 = ( GEOMETRIC_REPRESENTATION_CONTEXT(2) 
PARAMETRIC_REPRESENTATION_CONTEXT() REPRESENTATION_CONTEXT('2D SPACE',''
  ) );
#1343 = PCURVE('',#704,#1344);
#1344 = DEFINITIONAL_REPRESENTATION('',(#1345),#1372);
#1345 = B_SPLINE_CURVE_WITH_KNOTS('',5,(#1346,#1347,#1348,#1349,#1350,
    #1351,#1352,#1353,#1354,#1355,#1356,#1357,#1358,#1359,#1360,#1361,
    #1362,#1363,#1364,#1365,#1366,#1367,#1368,#1369,#1370,#1371),
  .UNSPECIFIED.,.F.,.F.,(6,4,4,4,4,4,6),(0.,0.138930827481,0.29979354237
    ,0.499999947747,0.700239723242,0.861099294831,1.),.UNSPECIFIED.);
#1346 = CARTESIAN_POINT('',(-1.86932852798,-16.70752001345));
#1347 = CARTESIAN_POINT('',(-1.95186771286,-16.70350654223));
#1348 = CARTESIAN_POINT('',(-2.032413977086,-16.69837042362));
#1349 = CARTESIAN_POINT('',(-2.111012272384,-16.69245461852));
#1350 = CARTESIAN_POINT('',(-2.187611100336,-16.68616379829));
#1351 = CARTESIAN_POINT('',(-2.348191652191,-16.67249843903));
#1352 = CARTESIAN_POINT('',(-2.431672663162,-16.66508896059));
#1353 = CARTESIAN_POINT('',(-2.512957197406,-16.65805345498));
#1354 = CARTESIAN_POINT('',(-2.592422756959,-16.65169934774));
#1355 = CARTESIAN_POINT('',(-2.767526647798,-16.63940361087));
#1356 = CARTESIAN_POINT('',(-2.86243226243,-16.63393908772));
#1357 = CARTESIAN_POINT('',(-2.95595508279,-16.63019845863));
#1358 = CARTESIAN_POINT('',(-3.048765531699,-16.62832598309));
#1359 = CARTESIAN_POINT('',(-3.234435247773,-16.62832598309));
#1360 = CARTESIAN_POINT('',(-3.327261154637,-16.63019908317));
#1361 = CARTESIAN_POINT('',(-3.420799796235,-16.63394095712));
#1362 = CARTESIAN_POINT('',(-3.515721920704,-16.63940725394));
#1363 = CARTESIAN_POINT('',(-3.690843093486,-16.65170564602));
#1364 = CARTESIAN_POINT('',(-3.770308500729,-16.65806021576));
#1365 = CARTESIAN_POINT('',(-3.851593102455,-16.6650960015));
#1366 = CARTESIAN_POINT('',(-3.935074269856,-16.67250552847));
#1367 = CARTESIAN_POINT('',(-4.095640670567,-16.68616925628));
#1368 = CARTESIAN_POINT('',(-4.172224178814,-16.69245846731));
#1369 = CARTESIAN_POINT('',(-4.250806325041,-16.6983726569));
#1370 = CARTESIAN_POINT('',(-4.33133558115,-16.70350741684));
#1371 = CARTESIAN_POINT('',(-4.4138567792,-16.70752001345));
#1372 = ( GEOMETRIC_REPRESENTATION_CONTEXT(2) 
PARAMETRIC_REPRESENTATION_CONTEXT() REPRESENTATION_CONTEXT('2D SPACE',''
  ) );
#1373 = ORIENTED_EDGE('',*,*,#1374,.T.);
#1374 = EDGE_CURVE('',#1283,#601,#1375,.T.);
#1375 = SURFACE_CURVE('',#1376,(#1380,#1387),.PCURVE_S1.);
#1376 = LINE('',#1377,#1378);
#1377 = CARTESIAN_POINT('',(-18.29247998654,-0.5,-1.));
#1378 = VECTOR('',#1379,1.);
#1379 = DIRECTION('',(-0.,-0.,-1.));
#1380 = PCURVE('',#539,#1381);
#1381 = DEFINITIONAL_REPRESENTATION('',(#1382),#1386);
#1382 = LINE('',#1383,#1384);
#1383 = CARTESIAN_POINT('',(-6.253267592736,0.));
#1384 = VECTOR('',#1385,1.);
#1385 = DIRECTION('',(-0.,1.));
#1386 = ( GEOMETRIC_REPRESENTATION_CONTEXT(2) 
PARAMETRIC_REPRESENTATION_CONTEXT() REPRESENTATION_CONTEXT('2D SPACE',''
  ) );
#1387 = PCURVE('',#616,#1388);
#1388 = DEFINITIONAL_REPRESENTATION('',(#1389),#1393);
#1389 = LINE('',#1390,#1391);
#1390 = CARTESIAN_POINT('',(0.,51.707520013455));
#1391 = VECTOR('',#1392,1.);
#1392 = DIRECTION('',(-1.,0.));
#1393 = ( GEOMETRIC_REPRESENTATION_CONTEXT(2) 
PARAMETRIC_REPRESENTATION_CONTEXT() REPRESENTATION_CONTEXT('2D SPACE',''
  ) );
#1394 = ORIENTED_EDGE('',*,*,#628,.T.);
#1395 = ORIENTED_EDGE('',*,*,#523,.F.);
#1396 = ADVANCED_FACE('',(#1397),#511,.T.);
#1397 = FACE_BOUND('',#1398,.T.);
#1398 = EDGE_LOOP('',(#1399,#1400,#1422,#1423,#1444));
#1399 = ORIENTED_EDGE('',*,*,#495,.T.);
#1400 = ORIENTED_EDGE('',*,*,#1401,.T.);
#1401 = EDGE_CURVE('',#468,#806,#1402,.T.);
#1402 = SURFACE_CURVE('',#1403,(#1408,#1415),.PCURVE_S1.);
#1403 = CIRCLE('',#1404,23.);
#1404 = AXIS2_PLACEMENT_3D('',#1405,#1406,#1407);
#1405 = CARTESIAN_POINT('',(-35.,0.,24.));
#1406 = DIRECTION('',(0.,0.,1.));
#1407 = DIRECTION('',(1.,0.,0.));
#1408 = PCURVE('',#511,#1409);
#1409 = DEFINITIONAL_REPRESENTATION('',(#1410),#1414);
#1410 = CIRCLE('',#1411,23.);
#1411 = AXIS2_PLACEMENT_2D('',#1412,#1413);
#1412 = CARTESIAN_POINT('',(0.,-1.914892223345E-15));
#1413 = DIRECTION('',(1.,0.));
#1414 = ( GEOMETRIC_REPRESENTATION_CONTEXT(2) 
PARAMETRIC_REPRESENTATION_CONTEXT() REPRESENTATION_CONTEXT('2D SPACE',''
  ) );
#1415 = PCURVE('',#483,#1416);
#1416 = DEFINITIONAL_REPRESENTATION('',(#1417),#1421);
#1417 = LINE('',#1418,#1419);
#1418 = CARTESIAN_POINT('',(-0.,-24.));
#1419 = VECTOR('',#1420,1.);
#1420 = DIRECTION('',(-1.,0.));
#1421 = ( GEOMETRIC_REPRESENTATION_CONTEXT(2) 
PARAMETRIC_REPRESENTATION_CONTEXT() REPRESENTATION_CONTEXT('2D SPACE',''
  ) );
#1422 = ORIENTED_EDGE('',*,*,#805,.T.);
#1423 = ORIENTED_EDGE('',*,*,#1424,.T.);
#1424 = EDGE_CURVE('',#778,#1117,#1425,.T.);
#1425 = SURFACE_CURVE('',#1426,(#1430,#1437),.PCURVE_S1.);
#1426 = LINE('',#1427,#1428);
#1427 = CARTESIAN_POINT('',(-52.5,-0.5,24.));
#1428 = VECTOR('',#1429,1.);
#1429 = DIRECTION('',(-1.,0.,0.));
#1430 = PCURVE('',#511,#1431);
#1431 = DEFINITIONAL_REPRESENTATION('',(#1432),#1436);
#1432 = LINE('',#1433,#1434);
#1433 = CARTESIAN_POINT('',(-17.5,-0.5));
#1434 = VECTOR('',#1435,1.);
#1435 = DIRECTION('',(-1.,0.));
#1436 = ( GEOMETRIC_REPRESENTATION_CONTEXT(2) 
PARAMETRIC_REPRESENTATION_CONTEXT() REPRESENTATION_CONTEXT('2D SPACE',''
  ) );
#1437 = PCURVE('',#793,#1438);
#1438 = DEFINITIONAL_REPRESENTATION('',(#1439),#1443);
#1439 = LINE('',#1440,#1441);
#1440 = CARTESIAN_POINT('',(25.,17.5));
#1441 = VECTOR('',#1442,1.);
#1442 = DIRECTION('',(0.,-1.));
#1443 = ( GEOMETRIC_REPRESENTATION_CONTEXT(2) 
PARAMETRIC_REPRESENTATION_CONTEXT() REPRESENTATION_CONTEXT('2D SPACE',''
  ) );
#1444 = ORIENTED_EDGE('',*,*,#1116,.T.);
#1445 = ADVANCED_FACE('',(#1446),#483,.T.);
#1446 = FACE_BOUND('',#1447,.F.);
#1447 = EDGE_LOOP('',(#1448,#1449,#1450,#1476));
#1448 = ORIENTED_EDGE('',*,*,#1401,.T.);
#1449 = ORIENTED_EDGE('',*,*,#828,.T.);
#1450 = ORIENTED_EDGE('',*,*,#1451,.T.);
#1451 = EDGE_CURVE('',#829,#440,#1452,.T.);
#1452 = SURFACE_CURVE('',#1453,(#1458,#1465),.PCURVE_S1.);
#1453 = CIRCLE('',#1454,23.);
#1454 = AXIS2_PLACEMENT_3D('',#1455,#1456,#1457);
#1455 = CARTESIAN_POINT('',(-35.,0.,21.));
#1456 = DIRECTION('',(0.,0.,-1.));
#1457 = DIRECTION('',(1.,0.,0.));
#1458 = PCURVE('',#483,#1459);
#1459 = DEFINITIONAL_REPRESENTATION('',(#1460),#1464);
#1460 = LINE('',#1461,#1462);
#1461 = CARTESIAN_POINT('',(-6.28318530718,-21.));
#1462 = VECTOR('',#1463,1.);
#1463 = DIRECTION('',(1.,-0.));
#1464 = ( GEOMETRIC_REPRESENTATION_CONTEXT(2) 
PARAMETRIC_REPRESENTATION_CONTEXT() REPRESENTATION_CONTEXT('2D SPACE',''
  ) );
#1465 = PCURVE('',#455,#1466);
#1466 = DEFINITIONAL_REPRESENTATION('',(#1467),#1475);
#1467 = ( BOUNDED_CURVE() B_SPLINE_CURVE(2,(#1468,#1469,#1470,#1471,
#1472,#1473,#1474),.UNSPECIFIED.,.T.,.F.) B_SPLINE_CURVE_WITH_KNOTS((1,2
    ,2,2,2,1),(-2.094395102393,0.,2.094395102393,4.188790204786,
6.28318530718,8.377580409573),.UNSPECIFIED.) CURVE() 
GEOMETRIC_REPRESENTATION_ITEM() RATIONAL_B_SPLINE_CURVE((1.,0.5,1.,0.5,
1.,0.5,1.)) REPRESENTATION_ITEM('') );
#1468 = CARTESIAN_POINT('',(23.,-1.604946055186E-15));
#1469 = CARTESIAN_POINT('',(23.,-39.83716857408));
#1470 = CARTESIAN_POINT('',(-11.5,-19.91858428704));
#1471 = CARTESIAN_POINT('',(-46.,-7.238321331264E-15));
#1472 = CARTESIAN_POINT('',(-11.5,19.918584287042));
#1473 = CARTESIAN_POINT('',(23.,39.837168574084));
#1474 = CARTESIAN_POINT('',(23.,-1.604946055186E-15));
#1475 = ( GEOMETRIC_REPRESENTATION_CONTEXT(2) 
PARAMETRIC_REPRESENTATION_CONTEXT() REPRESENTATION_CONTEXT('2D SPACE',''
  ) );
#1476 = ORIENTED_EDGE('',*,*,#467,.F.);
#1477 = ADVANCED_FACE('',(#1478),#455,.T.);
#1478 = FACE_BOUND('',#1479,.T.);
#1479 = EDGE_LOOP('',(#1480,#1481,#1482,#1483,#1484,#1505));
#1480 = ORIENTED_EDGE('',*,*,#898,.T.);
#1481 = ORIENTED_EDGE('',*,*,#851,.T.);
#1482 = ORIENTED_EDGE('',*,*,#1451,.T.);
#1483 = ORIENTED_EDGE('',*,*,#439,.T.);
#1484 = ORIENTED_EDGE('',*,*,#1485,.F.);
#1485 = EDGE_CURVE('',#1041,#412,#1486,.T.);
#1486 = SURFACE_CURVE('',#1487,(#1491,#1498),.PCURVE_S1.);
#1487 = LINE('',#1488,#1489);
#1488 = CARTESIAN_POINT('',(-59.,-2.,21.));
#1489 = VECTOR('',#1490,1.);
#1490 = DIRECTION('',(0.,1.,0.));
#1491 = PCURVE('',#455,#1492);
#1492 = DEFINITIONAL_REPRESENTATION('',(#1493),#1497);
#1493 = LINE('',#1494,#1495);
#1494 = CARTESIAN_POINT('',(-24.,-2.));
#1495 = VECTOR('',#1496,1.);
#1496 = DIRECTION('',(0.,1.));
#1497 = ( GEOMETRIC_REPRESENTATION_CONTEXT(2) 
PARAMETRIC_REPRESENTATION_CONTEXT() REPRESENTATION_CONTEXT('2D SPACE',''
  ) );
#1498 = PCURVE('',#427,#1499);
#1499 = DEFINITIONAL_REPRESENTATION('',(#1500),#1504);
#1500 = LINE('',#1501,#1502);
#1501 = CARTESIAN_POINT('',(21.,-2.));
#1502 = VECTOR('',#1503,1.);
#1503 = DIRECTION('',(0.,-1.));
#1504 = ( GEOMETRIC_REPRESENTATION_CONTEXT(2) 
PARAMETRIC_REPRESENTATION_CONTEXT() REPRESENTATION_CONTEXT('2D SPACE',''
  ) );
#1505 = ORIENTED_EDGE('',*,*,#1063,.T.);
#1506 = ADVANCED_FACE('',(#1507),#427,.T.);
#1507 = FACE_BOUND('',#1508,.T.);
#1508 = EDGE_LOOP('',(#1509,#1510,#1511,#1512));
#1509 = ORIENTED_EDGE('',*,*,#1040,.F.);
#1510 = ORIENTED_EDGE('',*,*,#1485,.T.);
#1511 = ORIENTED_EDGE('',*,*,#411,.T.);
#1512 = ORIENTED_EDGE('',*,*,#1513,.F.);
#1513 = EDGE_CURVE('',#1018,#384,#1514,.T.);
#1514 = SURFACE_CURVE('',#1515,(#1519,#1526),.PCURVE_S1.);
#1515 = LINE('',#1516,#1517);
#1516 = CARTESIAN_POINT('',(-59.,-4.,24.));
#1517 = VECTOR('',#1518,1.);
#1518 = DIRECTION('',(0.,1.,0.));
#1519 = PCURVE('',#427,#1520);
#1520 = DEFINITIONAL_REPRESENTATION('',(#1521),#1525);
#1521 = LINE('',#1522,#1523);
#1522 = CARTESIAN_POINT('',(24.,0.));
#1523 = VECTOR('',#1524,1.);
#1524 = DIRECTION('',(0.,-1.));
#1525 = ( GEOMETRIC_REPRESENTATION_CONTEXT(2) 
PARAMETRIC_REPRESENTATION_CONTEXT() REPRESENTATION_CONTEXT('2D SPACE',''
  ) );
#1526 = PCURVE('',#399,#1527);
#1527 = DEFINITIONAL_REPRESENTATION('',(#1528),#1532);
#1528 = LINE('',#1529,#1530);
#1529 = CARTESIAN_POINT('',(9.,0.));
#1530 = VECTOR('',#1531,1.);
#1531 = DIRECTION('',(0.,1.));
#1532 = ( GEOMETRIC_REPRESENTATION_CONTEXT(2) 
PARAMETRIC_REPRESENTATION_CONTEXT() REPRESENTATION_CONTEXT('2D SPACE',''
  ) );
#1533 = ADVANCED_FACE('',(#1534),#399,.T.);
#1534 = FACE_BOUND('',#1535,.T.);
#1535 = EDGE_LOOP('',(#1536,#1557,#1558,#1559));
#1536 = ORIENTED_EDGE('',*,*,#1537,.F.);
#1537 = EDGE_CURVE('',#995,#356,#1538,.T.);
#1538 = SURFACE_CURVE('',#1539,(#1543,#1550),.PCURVE_S1.);
#1539 = LINE('',#1540,#1541);
#1540 = CARTESIAN_POINT('',(-68.,-4.,24.));
#1541 = VECTOR('',#1542,1.);
#1542 = DIRECTION('',(0.,1.,0.));
#1543 = PCURVE('',#399,#1544);
#1544 = DEFINITIONAL_REPRESENTATION('',(#1545),#1549);
#1545 = LINE('',#1546,#1547);
#1546 = CARTESIAN_POINT('',(0.,0.));
#1547 = VECTOR('',#1548,1.);
#1548 = DIRECTION('',(0.,1.));
#1549 = ( GEOMETRIC_REPRESENTATION_CONTEXT(2) 
PARAMETRIC_REPRESENTATION_CONTEXT() REPRESENTATION_CONTEXT('2D SPACE',''
  ) );
#1550 = PCURVE('',#371,#1551);
#1551 = DEFINITIONAL_REPRESENTATION('',(#1552),#1556);
#1552 = LINE('',#1553,#1554);
#1553 = CARTESIAN_POINT('',(24.,0.));
#1554 = VECTOR('',#1555,1.);
#1555 = DIRECTION('',(0.,-1.));
#1556 = ( GEOMETRIC_REPRESENTATION_CONTEXT(2) 
PARAMETRIC_REPRESENTATION_CONTEXT() REPRESENTATION_CONTEXT('2D SPACE',''
  ) );
#1557 = ORIENTED_EDGE('',*,*,#1017,.T.);
#1558 = ORIENTED_EDGE('',*,*,#1513,.T.);
#1559 = ORIENTED_EDGE('',*,*,#383,.T.);
#1560 = ADVANCED_FACE('',(#1561),#371,.F.);
#1561 = FACE_BOUND('',#1562,.F.);
#1562 = EDGE_LOOP('',(#1563,#1564,#1565,#1586));
#1563 = ORIENTED_EDGE('',*,*,#1537,.F.);
#1564 = ORIENTED_EDGE('',*,*,#994,.F.);
#1565 = ORIENTED_EDGE('',*,*,#1566,.T.);
#1566 = EDGE_CURVE('',#972,#328,#1567,.T.);
#1567 = SURFACE_CURVE('',#1568,(#1572,#1579),.PCURVE_S1.);
#1568 = LINE('',#1569,#1570);
#1569 = CARTESIAN_POINT('',(-68.,-4.,0.));
#1570 = VECTOR('',#1571,1.);
#1571 = DIRECTION('',(0.,1.,0.));
#1572 = PCURVE('',#371,#1573);
#1573 = DEFINITIONAL_REPRESENTATION('',(#1574),#1578);
#1574 = LINE('',#1575,#1576);
#1575 = CARTESIAN_POINT('',(0.,0.));
#1576 = VECTOR('',#1577,1.);
#1577 = DIRECTION('',(0.,-1.));
#1578 = ( GEOMETRIC_REPRESENTATION_CONTEXT(2) 
PARAMETRIC_REPRESENTATION_CONTEXT() REPRESENTATION_CONTEXT('2D SPACE',''
  ) );
#1579 = PCURVE('',#343,#1580);
#1580 = DEFINITIONAL_REPRESENTATION('',(#1581),#1585);
#1581 = LINE('',#1582,#1583);
#1582 = CARTESIAN_POINT('',(0.,0.));
#1583 = VECTOR('',#1584,1.);
#1584 = DIRECTION('',(0.,1.));
#1585 = ( GEOMETRIC_REPRESENTATION_CONTEXT(2) 
PARAMETRIC_REPRESENTATION_CONTEXT() REPRESENTATION_CONTEXT('2D SPACE',''
  ) );
#1586 = ORIENTED_EDGE('',*,*,#355,.T.);
#1587 = ADVANCED_FACE('',(#1588),#343,.F.);
#1588 = FACE_BOUND('',#1589,.F.);
#1589 = EDGE_LOOP('',(#1590,#1591,#1592,#1593));
#1590 = ORIENTED_EDGE('',*,*,#1566,.F.);
#1591 = ORIENTED_EDGE('',*,*,#971,.T.);
#1592 = ORIENTED_EDGE('',*,*,#1090,.T.);
#1593 = ORIENTED_EDGE('',*,*,#327,.T.);
#1594 = ADVANCED_FACE('',(#1595),#616,.T.);
#1595 = FACE_BOUND('',#1596,.T.);
#1596 = EDGE_LOOP('',(#1597,#1618,#1619,#1620));
#1597 = ORIENTED_EDGE('',*,*,#1598,.F.);
#1598 = EDGE_CURVE('',#661,#1283,#1599,.T.);
#1599 = SURFACE_CURVE('',#1600,(#1604,#1611),.PCURVE_S1.);
#1600 = LINE('',#1601,#1602);
#1601 = CARTESIAN_POINT('',(-35.,-0.5,6.775192319073));
#1602 = VECTOR('',#1603,1.);
#1603 = DIRECTION('',(-1.,-0.,-0.));
#1604 = PCURVE('',#616,#1605);
#1605 = DEFINITIONAL_REPRESENTATION('',(#1606),#1610);
#1606 = LINE('',#1607,#1608);
#1607 = CARTESIAN_POINT('',(7.775192319073,35.));
#1608 = VECTOR('',#1609,1.);
#1609 = DIRECTION('',(0.,-1.));
#1610 = ( GEOMETRIC_REPRESENTATION_CONTEXT(2) 
PARAMETRIC_REPRESENTATION_CONTEXT() REPRESENTATION_CONTEXT('2D SPACE',''
  ) );
#1611 = PCURVE('',#704,#1612);
#1612 = DEFINITIONAL_REPRESENTATION('',(#1613),#1617);
#1613 = LINE('',#1614,#1615);
#1614 = CARTESIAN_POINT('',(-4.4138567792,0.));
#1615 = VECTOR('',#1616,1.);
#1616 = DIRECTION('',(-0.,1.));
#1617 = ( GEOMETRIC_REPRESENTATION_CONTEXT(2) 
PARAMETRIC_REPRESENTATION_CONTEXT() REPRESENTATION_CONTEXT('2D SPACE',''
  ) );
#1618 = ORIENTED_EDGE('',*,*,#660,.T.);
#1619 = ORIENTED_EDGE('',*,*,#600,.T.);
#1620 = ORIENTED_EDGE('',*,*,#1374,.F.);
#1621 = ADVANCED_FACE('',(#1622),#793,.T.);
#1622 = FACE_BOUND('',#1623,.T.);
#1623 = EDGE_LOOP('',(#1624,#1625,#1646,#1647));
#1624 = ORIENTED_EDGE('',*,*,#777,.T.);
#1625 = ORIENTED_EDGE('',*,*,#1626,.T.);
#1626 = EDGE_CURVE('',#745,#1145,#1627,.T.);
#1627 = SURFACE_CURVE('',#1628,(#1632,#1639),.PCURVE_S1.);
#1628 = LINE('',#1629,#1630);
#1629 = CARTESIAN_POINT('',(-35.,-0.5,18.424807680927));
#1630 = VECTOR('',#1631,1.);
#1631 = DIRECTION('',(-1.,-0.,-0.));
#1632 = PCURVE('',#793,#1633);
#1633 = DEFINITIONAL_REPRESENTATION('',(#1634),#1638);
#1634 = LINE('',#1635,#1636);
#1635 = CARTESIAN_POINT('',(19.424807680927,35.));
#1636 = VECTOR('',#1637,1.);
#1637 = DIRECTION('',(0.,-1.));
#1638 = ( GEOMETRIC_REPRESENTATION_CONTEXT(2) 
PARAMETRIC_REPRESENTATION_CONTEXT() REPRESENTATION_CONTEXT('2D SPACE',''
  ) );
#1639 = PCURVE('',#765,#1640);
#1640 = DEFINITIONAL_REPRESENTATION('',(#1641),#1645);
#1641 = LINE('',#1642,#1643);
#1642 = CARTESIAN_POINT('',(-1.86932852798,0.));
#1643 = VECTOR('',#1644,1.);
#1644 = DIRECTION('',(-0.,1.));
#1645 = ( GEOMETRIC_REPRESENTATION_CONTEXT(2) 
PARAMETRIC_REPRESENTATION_CONTEXT() REPRESENTATION_CONTEXT('2D SPACE',''
  ) );
#1646 = ORIENTED_EDGE('',*,*,#1144,.F.);
#1647 = ORIENTED_EDGE('',*,*,#1424,.F.);
#1648 = ADVANCED_FACE('',(#1649),#765,.F.);
#1649 = FACE_BOUND('',#1650,.T.);
#1650 = EDGE_LOOP('',(#1651,#1652,#1673,#1674));
#1651 = ORIENTED_EDGE('',*,*,#744,.F.);
#1652 = ORIENTED_EDGE('',*,*,#1653,.T.);
#1653 = EDGE_CURVE('',#717,#1168,#1654,.T.);
#1654 = SURFACE_CURVE('',#1655,(#1659,#1666),.PCURVE_S1.);
#1655 = LINE('',#1656,#1657);
#1656 = CARTESIAN_POINT('',(-35.,-0.5,15.175192319073));
#1657 = VECTOR('',#1658,1.);
#1658 = DIRECTION('',(-1.,-0.,-0.));
#1659 = PCURVE('',#765,#1660);
#1660 = DEFINITIONAL_REPRESENTATION('',(#1661),#1665);
#1661 = LINE('',#1662,#1663);
#1662 = CARTESIAN_POINT('',(-4.4138567792,0.));
#1663 = VECTOR('',#1664,1.);
#1664 = DIRECTION('',(-0.,1.));
#1665 = ( GEOMETRIC_REPRESENTATION_CONTEXT(2) 
PARAMETRIC_REPRESENTATION_CONTEXT() REPRESENTATION_CONTEXT('2D SPACE',''
  ) );
#1666 = PCURVE('',#732,#1667);
#1667 = DEFINITIONAL_REPRESENTATION('',(#1668),#1672);
#1668 = LINE('',#1669,#1670);
#1669 = CARTESIAN_POINT('',(16.175192319073,35.));
#1670 = VECTOR('',#1671,1.);
#1671 = DIRECTION('',(0.,-1.));
#1672 = ( GEOMETRIC_REPRESENTATION_CONTEXT(2) 
PARAMETRIC_REPRESENTATION_CONTEXT() REPRESENTATION_CONTEXT('2D SPACE',''
  ) );
#1673 = ORIENTED_EDGE('',*,*,#1167,.F.);
#1674 = ORIENTED_EDGE('',*,*,#1626,.F.);
#1675 = ADVANCED_FACE('',(#1676),#732,.T.);
#1676 = FACE_BOUND('',#1677,.T.);
#1677 = EDGE_LOOP('',(#1678,#1679,#1700,#1701));
#1678 = ORIENTED_EDGE('',*,*,#716,.T.);
#1679 = ORIENTED_EDGE('',*,*,#1680,.T.);
#1680 = EDGE_CURVE('',#684,#1260,#1681,.T.);
#1681 = SURFACE_CURVE('',#1682,(#1686,#1693),.PCURVE_S1.);
#1682 = LINE('',#1683,#1684);
#1683 = CARTESIAN_POINT('',(-35.,-0.5,10.024807680927));
#1684 = VECTOR('',#1685,1.);
#1685 = DIRECTION('',(-1.,-0.,-0.));
#1686 = PCURVE('',#732,#1687);
#1687 = DEFINITIONAL_REPRESENTATION('',(#1688),#1692);
#1688 = LINE('',#1689,#1690);
#1689 = CARTESIAN_POINT('',(11.024807680927,35.));
#1690 = VECTOR('',#1691,1.);
#1691 = DIRECTION('',(0.,-1.));
#1692 = ( GEOMETRIC_REPRESENTATION_CONTEXT(2) 
PARAMETRIC_REPRESENTATION_CONTEXT() REPRESENTATION_CONTEXT('2D SPACE',''
  ) );
#1693 = PCURVE('',#704,#1694);
#1694 = DEFINITIONAL_REPRESENTATION('',(#1695),#1699);
#1695 = LINE('',#1696,#1697);
#1696 = CARTESIAN_POINT('',(-1.86932852798,0.));
#1697 = VECTOR('',#1698,1.);
#1698 = DIRECTION('',(-0.,1.));
#1699 = ( GEOMETRIC_REPRESENTATION_CONTEXT(2) 
PARAMETRIC_REPRESENTATION_CONTEXT() REPRESENTATION_CONTEXT('2D SPACE',''
  ) );
#1700 = ORIENTED_EDGE('',*,*,#1259,.F.);
#1701 = ORIENTED_EDGE('',*,*,#1653,.F.);
#1702 = ADVANCED_FACE('',(#1703),#704,.F.);
#1703 = FACE_BOUND('',#1704,.T.);
#1704 = EDGE_LOOP('',(#1705,#1706,#1707,#1708));
#1705 = ORIENTED_EDGE('',*,*,#1680,.F.);
#1706 = ORIENTED_EDGE('',*,*,#683,.F.);
#1707 = ORIENTED_EDGE('',*,*,#1598,.T.);
#1708 = ORIENTED_EDGE('',*,*,#1282,.F.);
#1709 = ( GEOMETRIC_REPRESENTATION_CONTEXT(3) 
GLOBAL_UNCERTAINTY_ASSIGNED_CONTEXT((#1713)) 
GLOBAL_UNIT_ASSIGNED_CONTEXT((#1710,#1711,#1712)) REPRESENTATION_CONTEXT
('Context #1','3D Context with UNIT and UNCERTAINTY') );
#1710 = ( LENGTH_UNIT() NAMED_UNIT(*) SI_UNIT(.MILLI.,.METRE.) );
#1711 = ( NAMED_UNIT(*) PLANE_ANGLE_UNIT() SI_UNIT($,.RADIAN.) );
#1712 = ( NAMED_UNIT(*) SI_UNIT($,.STERADIAN.) SOLID_ANGLE_UNIT() );
#1713 = UNCERTAINTY_MEASURE_WITH_UNIT(LENGTH_MEASURE(1.E-07),#1710,
  'distance_accuracy_value','confusion accuracy');
#1714 = CONTEXT_DEPENDENT_SHAPE_REPRESENTATION(#1715,#1717);
#1715 = ( REPRESENTATION_RELATIONSHIP('','',#36,#10) 
REPRESENTATION_RELATIONSHIP_WITH_TRANSFORMATION(#1716) 
SHAPE_REPRESENTATION_RELATIONSHIP() );
#1716 = ITEM_DEFINED_TRANSFORMATION('','',#11,#15);
#1717 = PRODUCT_DEFINITION_SHAPE('Placement','Placement of an item',
  #1718);
#1718 = NEXT_ASSEMBLY_USAGE_OCCURRENCE('9','','',#5,#31,$);
#1719 = PRODUCT_RELATED_PRODUCT_CATEGORY('part',$,(#33));
#1720 = SHAPE_DEFINITION_REPRESENTATION(#1721,#1727);
#1721 = PRODUCT_DEFINITION_SHAPE('','',#1722);
#1722 = PRODUCT_DEFINITION('design','',#1723,#1726);
#1723 = PRODUCT_DEFINITION_FORMATION('','',#1724);
#1724 = PRODUCT('Open CASCADE STEP translator 7.8 5.2',
  'Open CASCADE STEP translator 7.8 5.2','',(#1725));
#1725 = PRODUCT_CONTEXT('',#2,'mechanical');
#1726 = PRODUCT_DEFINITION_CONTEXT('part definition',#2,'design');
#1727 = ADVANCED_BREP_SHAPE_REPRESENTATION('',(#11,#1728),#3496);
#1728 = MANIFOLD_SOLID_BREP('',#1729);
#1729 = CLOSED_SHELL('',(#1730,#1856,#1965,#2238,#2344,#2585,#2634,#2992
    ,#3041,#3073,#3147,#3196,#3245,#3294,#3343,#3370,#3401,#3408,#3435,
    #3462,#3489));
#1730 = ADVANCED_FACE('',(#1731),#1746,.T.);
#1731 = FACE_BOUND('',#1732,.F.);
#1732 = EDGE_LOOP('',(#1733,#1769,#1797,#1830));
#1733 = ORIENTED_EDGE('',*,*,#1734,.F.);
#1734 = EDGE_CURVE('',#1735,#1737,#1739,.T.);
#1735 = VERTEX_POINT('',#1736);
#1736 = CARTESIAN_POINT('',(-12.5,4.769696007085,0.));
#1737 = VERTEX_POINT('',#1738);
#1738 = CARTESIAN_POINT('',(-57.99456457513,0.5,0.));
#1739 = SURFACE_CURVE('',#1740,(#1745,#1757),.PCURVE_S1.);
#1740 = CIRCLE('',#1741,23.);
#1741 = AXIS2_PLACEMENT_3D('',#1742,#1743,#1744);
#1742 = CARTESIAN_POINT('',(-35.,0.,0.));
#1743 = DIRECTION('',(0.,0.,1.));
#1744 = DIRECTION('',(1.,0.,0.));
#1745 = PCURVE('',#1746,#1751);
#1746 = CYLINDRICAL_SURFACE('',#1747,23.);
#1747 = AXIS2_PLACEMENT_3D('',#1748,#1749,#1750);
#1748 = CARTESIAN_POINT('',(-35.,0.,0.));
#1749 = DIRECTION('',(-0.,-0.,-1.));
#1750 = DIRECTION('',(1.,0.,0.));
#1751 = DEFINITIONAL_REPRESENTATION('',(#1752),#1756);
#1752 = LINE('',#1753,#1754);
#1753 = CARTESIAN_POINT('',(-0.,0.));
#1754 = VECTOR('',#1755,1.);
#1755 = DIRECTION('',(-1.,0.));
#1756 = ( GEOMETRIC_REPRESENTATION_CONTEXT(2) 
PARAMETRIC_REPRESENTATION_CONTEXT() REPRESENTATION_CONTEXT('2D SPACE',''
  ) );
#1757 = PCURVE('',#1758,#1763);
#1758 = PLANE('',#1759);
#1759 = AXIS2_PLACEMENT_3D('',#1760,#1761,#1762);
#1760 = CARTESIAN_POINT('',(-35.,1.914892223345E-15,0.));
#1761 = DIRECTION('',(0.,0.,1.));
#1762 = DIRECTION('',(1.,0.,-0.));
#1763 = DEFINITIONAL_REPRESENTATION('',(#1764),#1768);
#1764 = CIRCLE('',#1765,23.);
#1765 = AXIS2_PLACEMENT_2D('',#1766,#1767);
#1766 = CARTESIAN_POINT('',(0.,-1.914892223345E-15));
#1767 = DIRECTION('',(1.,0.));
#1768 = ( GEOMETRIC_REPRESENTATION_CONTEXT(2) 
PARAMETRIC_REPRESENTATION_CONTEXT() REPRESENTATION_CONTEXT('2D SPACE',''
  ) );
#1769 = ORIENTED_EDGE('',*,*,#1770,.F.);
#1770 = EDGE_CURVE('',#1771,#1735,#1773,.T.);
#1771 = VERTEX_POINT('',#1772);
#1772 = CARTESIAN_POINT('',(-12.5,4.769696007085,3.));
#1773 = SURFACE_CURVE('',#1774,(#1778,#1785),.PCURVE_S1.);
#1774 = LINE('',#1775,#1776);
#1775 = CARTESIAN_POINT('',(-12.5,4.769696007085,0.));
#1776 = VECTOR('',#1777,1.);
#1777 = DIRECTION('',(-0.,-0.,-1.));
#1778 = PCURVE('',#1746,#1779);
#1779 = DEFINITIONAL_REPRESENTATION('',(#1780),#1784);
#1780 = LINE('',#1781,#1782);
#1781 = CARTESIAN_POINT('',(-0.208894017263,0.));
#1782 = VECTOR('',#1783,1.);
#1783 = DIRECTION('',(-0.,1.));
#1784 = ( GEOMETRIC_REPRESENTATION_CONTEXT(2) 
PARAMETRIC_REPRESENTATION_CONTEXT() REPRESENTATION_CONTEXT('2D SPACE',''
  ) );
#1785 = PCURVE('',#1786,#1791);
#1786 = PLANE('',#1787);
#1787 = AXIS2_PLACEMENT_3D('',#1788,#1789,#1790);
#1788 = CARTESIAN_POINT('',(-12.5,-45.,-2.));
#1789 = DIRECTION('',(1.,0.,0.));
#1790 = DIRECTION('',(0.,0.,1.));
#1791 = DEFINITIONAL_REPRESENTATION('',(#1792),#1796);
#1792 = LINE('',#1793,#1794);
#1793 = CARTESIAN_POINT('',(2.,-49.76969600708));
#1794 = VECTOR('',#1795,1.);
#1795 = DIRECTION('',(-1.,0.));
#1796 = ( GEOMETRIC_REPRESENTATION_CONTEXT(2) 
PARAMETRIC_REPRESENTATION_CONTEXT() REPRESENTATION_CONTEXT('2D SPACE',''
  ) );
#1797 = ORIENTED_EDGE('',*,*,#1798,.F.);
#1798 = EDGE_CURVE('',#1799,#1771,#1801,.T.);
#1799 = VERTEX_POINT('',#1800);
#1800 = CARTESIAN_POINT('',(-57.99456457513,0.5,3.));
#1801 = SURFACE_CURVE('',#1802,(#1807,#1814),.PCURVE_S1.);
#1802 = CIRCLE('',#1803,23.);
#1803 = AXIS2_PLACEMENT_3D('',#1804,#1805,#1806);
#1804 = CARTESIAN_POINT('',(-35.,0.,3.));
#1805 = DIRECTION('',(0.,0.,-1.));
#1806 = DIRECTION('',(1.,0.,0.));
#1807 = PCURVE('',#1746,#1808);
#1808 = DEFINITIONAL_REPRESENTATION('',(#1809),#1813);
#1809 = LINE('',#1810,#1811);
#1810 = CARTESIAN_POINT('',(-6.28318530718,-3.));
#1811 = VECTOR('',#1812,1.);
#1812 = DIRECTION('',(1.,-0.));
#1813 = ( GEOMETRIC_REPRESENTATION_CONTEXT(2) 
PARAMETRIC_REPRESENTATION_CONTEXT() REPRESENTATION_CONTEXT('2D SPACE',''
  ) );
#1814 = PCURVE('',#1815,#1820);
#1815 = PLANE('',#1816);
#1816 = AXIS2_PLACEMENT_3D('',#1817,#1818,#1819);
#1817 = CARTESIAN_POINT('',(-35.,1.604946055186E-15,3.));
#1818 = DIRECTION('',(0.,0.,1.));
#1819 = DIRECTION('',(1.,0.,-0.));
#1820 = DEFINITIONAL_REPRESENTATION('',(#1821),#1829);
#1821 = ( BOUNDED_CURVE() B_SPLINE_CURVE(2,(#1822,#1823,#1824,#1825,
#1826,#1827,#1828),.UNSPECIFIED.,.T.,.F.) B_SPLINE_CURVE_WITH_KNOTS((1,2
    ,2,2,2,1),(-2.094395102393,0.,2.094395102393,4.188790204786,
6.28318530718,8.377580409573),.UNSPECIFIED.) CURVE() 
GEOMETRIC_REPRESENTATION_ITEM() RATIONAL_B_SPLINE_CURVE((1.,0.5,1.,0.5,
1.,0.5,1.)) REPRESENTATION_ITEM('') );
#1822 = CARTESIAN_POINT('',(23.,-1.604946055186E-15));
#1823 = CARTESIAN_POINT('',(23.,-39.83716857408));
#1824 = CARTESIAN_POINT('',(-11.5,-19.91858428704));
#1825 = CARTESIAN_POINT('',(-46.,-7.238321331264E-15));
#1826 = CARTESIAN_POINT('',(-11.5,19.918584287042));
#1827 = CARTESIAN_POINT('',(23.,39.837168574084));
#1828 = CARTESIAN_POINT('',(23.,-1.604946055186E-15));
#1829 = ( GEOMETRIC_REPRESENTATION_CONTEXT(2) 
PARAMETRIC_REPRESENTATION_CONTEXT() REPRESENTATION_CONTEXT('2D SPACE',''
  ) );
#1830 = ORIENTED_EDGE('',*,*,#1831,.T.);
#1831 = EDGE_CURVE('',#1799,#1737,#1832,.T.);
#1832 = SURFACE_CURVE('',#1833,(#1837,#1844),.PCURVE_S1.);
#1833 = LINE('',#1834,#1835);
#1834 = CARTESIAN_POINT('',(-57.99456457513,0.5,0.));
#1835 = VECTOR('',#1836,1.);
#1836 = DIRECTION('',(-0.,-0.,-1.));
#1837 = PCURVE('',#1746,#1838);
#1838 = DEFINITIONAL_REPRESENTATION('',(#1839),#1843);
#1839 = LINE('',#1840,#1841);
#1840 = CARTESIAN_POINT('',(-3.119851810509,0.));
#1841 = VECTOR('',#1842,1.);
#1842 = DIRECTION('',(-0.,1.));
#1843 = ( GEOMETRIC_REPRESENTATION_CONTEXT(2) 
PARAMETRIC_REPRESENTATION_CONTEXT() REPRESENTATION_CONTEXT('2D SPACE',''
  ) );
#1844 = PCURVE('',#1845,#1850);
#1845 = PLANE('',#1846);
#1846 = AXIS2_PLACEMENT_3D('',#1847,#1848,#1849);
#1847 = CARTESIAN_POINT('',(-70.,0.5,-1.));
#1848 = DIRECTION('',(0.,1.,0.));
#1849 = DIRECTION('',(0.,0.,1.));
#1850 = DEFINITIONAL_REPRESENTATION('',(#1851),#1855);
#1851 = LINE('',#1852,#1853);
#1852 = CARTESIAN_POINT('',(1.,12.005435424866));
#1853 = VECTOR('',#1854,1.);
#1854 = DIRECTION('',(-1.,0.));
#1855 = ( GEOMETRIC_REPRESENTATION_CONTEXT(2) 
PARAMETRIC_REPRESENTATION_CONTEXT() REPRESENTATION_CONTEXT('2D SPACE',''
  ) );
#1856 = ADVANCED_FACE('',(#1857),#1758,.F.);
#1857 = FACE_BOUND('',#1858,.F.);
#1858 = EDGE_LOOP('',(#1859,#1889,#1910,#1911,#1934));
#1859 = ORIENTED_EDGE('',*,*,#1860,.F.);
#1860 = EDGE_CURVE('',#1861,#1863,#1865,.T.);
#1861 = VERTEX_POINT('',#1862);
#1862 = CARTESIAN_POINT('',(-12.5,0.5,0.));
#1863 = VERTEX_POINT('',#1864);
#1864 = CARTESIAN_POINT('',(-18.29247998654,0.5,0.));
#1865 = SURFACE_CURVE('',#1866,(#1870,#1877),.PCURVE_S1.);
#1866 = LINE('',#1867,#1868);
#1867 = CARTESIAN_POINT('',(-52.5,0.5,0.));
#1868 = VECTOR('',#1869,1.);
#1869 = DIRECTION('',(-1.,0.,0.));
#1870 = PCURVE('',#1758,#1871);
#1871 = DEFINITIONAL_REPRESENTATION('',(#1872),#1876);
#1872 = LINE('',#1873,#1874);
#1873 = CARTESIAN_POINT('',(-17.5,0.5));
#1874 = VECTOR('',#1875,1.);
#1875 = DIRECTION('',(-1.,0.));
#1876 = ( GEOMETRIC_REPRESENTATION_CONTEXT(2) 
PARAMETRIC_REPRESENTATION_CONTEXT() REPRESENTATION_CONTEXT('2D SPACE',''
  ) );
#1877 = PCURVE('',#1878,#1883);
#1878 = PLANE('',#1879);
#1879 = AXIS2_PLACEMENT_3D('',#1880,#1881,#1882);
#1880 = CARTESIAN_POINT('',(-70.,0.5,-1.));
#1881 = DIRECTION('',(0.,1.,0.));
#1882 = DIRECTION('',(0.,0.,1.));
#1883 = DEFINITIONAL_REPRESENTATION('',(#1884),#1888);
#1884 = LINE('',#1885,#1886);
#1885 = CARTESIAN_POINT('',(1.,17.5));
#1886 = VECTOR('',#1887,1.);
#1887 = DIRECTION('',(0.,-1.));
#1888 = ( GEOMETRIC_REPRESENTATION_CONTEXT(2) 
PARAMETRIC_REPRESENTATION_CONTEXT() REPRESENTATION_CONTEXT('2D SPACE',''
  ) );
#1889 = ORIENTED_EDGE('',*,*,#1890,.T.);
#1890 = EDGE_CURVE('',#1861,#1735,#1891,.T.);
#1891 = SURFACE_CURVE('',#1892,(#1896,#1903),.PCURVE_S1.);
#1892 = LINE('',#1893,#1894);
#1893 = CARTESIAN_POINT('',(-12.5,-22.5,0.));
#1894 = VECTOR('',#1895,1.);
#1895 = DIRECTION('',(0.,1.,0.));
#1896 = PCURVE('',#1758,#1897);
#1897 = DEFINITIONAL_REPRESENTATION('',(#1898),#1902);
#1898 = LINE('',#1899,#1900);
#1899 = CARTESIAN_POINT('',(22.5,-22.5));
#1900 = VECTOR('',#1901,1.);
#1901 = DIRECTION('',(0.,1.));
#1902 = ( GEOMETRIC_REPRESENTATION_CONTEXT(2) 
PARAMETRIC_REPRESENTATION_CONTEXT() REPRESENTATION_CONTEXT('2D SPACE',''
  ) );
#1903 = PCURVE('',#1786,#1904);
#1904 = DEFINITIONAL_REPRESENTATION('',(#1905),#1909);
#1905 = LINE('',#1906,#1907);
#1906 = CARTESIAN_POINT('',(2.,-22.5));
#1907 = VECTOR('',#1908,1.);
#1908 = DIRECTION('',(0.,-1.));
#1909 = ( GEOMETRIC_REPRESENTATION_CONTEXT(2) 
PARAMETRIC_REPRESENTATION_CONTEXT() REPRESENTATION_CONTEXT('2D SPACE',''
  ) );
#1910 = ORIENTED_EDGE('',*,*,#1734,.T.);
#1911 = ORIENTED_EDGE('',*,*,#1912,.F.);
#1912 = EDGE_CURVE('',#1913,#1737,#1915,.T.);
#1913 = VERTEX_POINT('',#1914);
#1914 = CARTESIAN_POINT('',(-51.70752001345,0.5,0.));
#1915 = SURFACE_CURVE('',#1916,(#1920,#1927),.PCURVE_S1.);
#1916 = LINE('',#1917,#1918);
#1917 = CARTESIAN_POINT('',(-52.5,0.5,0.));
#1918 = VECTOR('',#1919,1.);
#1919 = DIRECTION('',(-1.,0.,0.));
#1920 = PCURVE('',#1758,#1921);
#1921 = DEFINITIONAL_REPRESENTATION('',(#1922),#1926);
#1922 = LINE('',#1923,#1924);
#1923 = CARTESIAN_POINT('',(-17.5,0.5));
#1924 = VECTOR('',#1925,1.);
#1925 = DIRECTION('',(-1.,0.));
#1926 = ( GEOMETRIC_REPRESENTATION_CONTEXT(2) 
PARAMETRIC_REPRESENTATION_CONTEXT() REPRESENTATION_CONTEXT('2D SPACE',''
  ) );
#1927 = PCURVE('',#1845,#1928);
#1928 = DEFINITIONAL_REPRESENTATION('',(#1929),#1933);
#1929 = LINE('',#1930,#1931);
#1930 = CARTESIAN_POINT('',(1.,17.5));
#1931 = VECTOR('',#1932,1.);
#1932 = DIRECTION('',(0.,-1.));
#1933 = ( GEOMETRIC_REPRESENTATION_CONTEXT(2) 
PARAMETRIC_REPRESENTATION_CONTEXT() REPRESENTATION_CONTEXT('2D SPACE',''
  ) );
#1934 = ORIENTED_EDGE('',*,*,#1935,.T.);
#1935 = EDGE_CURVE('',#1913,#1863,#1936,.T.);
#1936 = SURFACE_CURVE('',#1937,(#1942,#1953),.PCURVE_S1.);
#1937 = CIRCLE('',#1938,16.715);
#1938 = AXIS2_PLACEMENT_3D('',#1939,#1940,#1941);
#1939 = CARTESIAN_POINT('',(-35.,0.,0.));
#1940 = DIRECTION('',(0.,0.,-1.));
#1941 = DIRECTION('',(1.,0.,0.));
#1942 = PCURVE('',#1758,#1943);
#1943 = DEFINITIONAL_REPRESENTATION('',(#1944),#1952);
#1944 = ( BOUNDED_CURVE() B_SPLINE_CURVE(2,(#1945,#1946,#1947,#1948,
#1949,#1950,#1951),.UNSPECIFIED.,.T.,.F.) B_SPLINE_CURVE_WITH_KNOTS((1,2
    ,2,2,2,1),(-2.094395102393,0.,2.094395102393,4.188790204786,
6.28318530718,8.377580409573),.UNSPECIFIED.) CURVE() 
GEOMETRIC_REPRESENTATION_ITEM() RATIONAL_B_SPLINE_CURVE((1.,0.5,1.,0.5,
1.,0.5,1.)) REPRESENTATION_ITEM('') );
#1945 = CARTESIAN_POINT('',(16.715,-1.914892223345E-15));
#1946 = CARTESIAN_POINT('',(16.715,-28.95122924851));
#1947 = CARTESIAN_POINT('',(-8.3575,-14.47561462425));
#1948 = CARTESIAN_POINT('',(-33.43,-6.008886472894E-15));
#1949 = CARTESIAN_POINT('',(-8.3575,14.475614624257));
#1950 = CARTESIAN_POINT('',(16.715,28.951229248514));
#1951 = CARTESIAN_POINT('',(16.715,-1.914892223345E-15));
#1952 = ( GEOMETRIC_REPRESENTATION_CONTEXT(2) 
PARAMETRIC_REPRESENTATION_CONTEXT() REPRESENTATION_CONTEXT('2D SPACE',''
  ) );
#1953 = PCURVE('',#1954,#1959);
#1954 = CYLINDRICAL_SURFACE('',#1955,16.715);
#1955 = AXIS2_PLACEMENT_3D('',#1956,#1957,#1958);
#1956 = CARTESIAN_POINT('',(-35.,0.,-1.));
#1957 = DIRECTION('',(-0.,-0.,-1.));
#1958 = DIRECTION('',(1.,0.,0.));
#1959 = DEFINITIONAL_REPRESENTATION('',(#1960),#1964);
#1960 = LINE('',#1961,#1962);
#1961 = CARTESIAN_POINT('',(-6.28318530718,-1.));
#1962 = VECTOR('',#1963,1.);
#1963 = DIRECTION('',(1.,-0.));
#1964 = ( GEOMETRIC_REPRESENTATION_CONTEXT(2) 
PARAMETRIC_REPRESENTATION_CONTEXT() REPRESENTATION_CONTEXT('2D SPACE',''
  ) );
#1965 = ADVANCED_FACE('',(#1966),#1845,.F.);
#1966 = FACE_BOUND('',#1967,.F.);
#1967 = EDGE_LOOP('',(#1968,#1969,#1992,#2020,#2048,#2076,#2104,#2132,
    #2160,#2188,#2216,#2237));
#1968 = ORIENTED_EDGE('',*,*,#1831,.F.);
#1969 = ORIENTED_EDGE('',*,*,#1970,.T.);
#1970 = EDGE_CURVE('',#1799,#1971,#1973,.T.);
#1971 = VERTEX_POINT('',#1972);
#1972 = CARTESIAN_POINT('',(-59.,0.5,3.));
#1973 = SURFACE_CURVE('',#1974,(#1978,#1985),.PCURVE_S1.);
#1974 = LINE('',#1975,#1976);
#1975 = CARTESIAN_POINT('',(-52.5,0.5,3.));
#1976 = VECTOR('',#1977,1.);
#1977 = DIRECTION('',(-1.,0.,0.));
#1978 = PCURVE('',#1845,#1979);
#1979 = DEFINITIONAL_REPRESENTATION('',(#1980),#1984);
#1980 = LINE('',#1981,#1982);
#1981 = CARTESIAN_POINT('',(4.,17.5));
#1982 = VECTOR('',#1983,1.);
#1983 = DIRECTION('',(0.,-1.));
#1984 = ( GEOMETRIC_REPRESENTATION_CONTEXT(2) 
PARAMETRIC_REPRESENTATION_CONTEXT() REPRESENTATION_CONTEXT('2D SPACE',''
  ) );
#1985 = PCURVE('',#1815,#1986);
#1986 = DEFINITIONAL_REPRESENTATION('',(#1987),#1991);
#1987 = LINE('',#1988,#1989);
#1988 = CARTESIAN_POINT('',(-17.5,0.5));
#1989 = VECTOR('',#1990,1.);
#1990 = DIRECTION('',(-1.,0.));
#1991 = ( GEOMETRIC_REPRESENTATION_CONTEXT(2) 
PARAMETRIC_REPRESENTATION_CONTEXT() REPRESENTATION_CONTEXT('2D SPACE',''
  ) );
#1992 = ORIENTED_EDGE('',*,*,#1993,.F.);
#1993 = EDGE_CURVE('',#1994,#1971,#1996,.T.);
#1994 = VERTEX_POINT('',#1995);
#1995 = CARTESIAN_POINT('',(-59.,0.5,0.));
#1996 = SURFACE_CURVE('',#1997,(#2001,#2008),.PCURVE_S1.);
#1997 = LINE('',#1998,#1999);
#1998 = CARTESIAN_POINT('',(-59.,0.5,-0.5));
#1999 = VECTOR('',#2000,1.);
#2000 = DIRECTION('',(0.,0.,1.));
#2001 = PCURVE('',#1845,#2002);
#2002 = DEFINITIONAL_REPRESENTATION('',(#2003),#2007);
#2003 = LINE('',#2004,#2005);
#2004 = CARTESIAN_POINT('',(0.5,11.));
#2005 = VECTOR('',#2006,1.);
#2006 = DIRECTION('',(1.,0.));
#2007 = ( GEOMETRIC_REPRESENTATION_CONTEXT(2) 
PARAMETRIC_REPRESENTATION_CONTEXT() REPRESENTATION_CONTEXT('2D SPACE',''
  ) );
#2008 = PCURVE('',#2009,#2014);
#2009 = PLANE('',#2010);
#2010 = AXIS2_PLACEMENT_3D('',#2011,#2012,#2013);
#2011 = CARTESIAN_POINT('',(-59.,-4.,0.));
#2012 = DIRECTION('',(1.,0.,0.));
#2013 = DIRECTION('',(0.,0.,1.));
#2014 = DEFINITIONAL_REPRESENTATION('',(#2015),#2019);
#2015 = LINE('',#2016,#2017);
#2016 = CARTESIAN_POINT('',(-0.5,-4.5));
#2017 = VECTOR('',#2018,1.);
#2018 = DIRECTION('',(1.,0.));
#2019 = ( GEOMETRIC_REPRESENTATION_CONTEXT(2) 
PARAMETRIC_REPRESENTATION_CONTEXT() REPRESENTATION_CONTEXT('2D SPACE',''
  ) );
#2020 = ORIENTED_EDGE('',*,*,#2021,.T.);
#2021 = EDGE_CURVE('',#1994,#2022,#2024,.T.);
#2022 = VERTEX_POINT('',#2023);
#2023 = CARTESIAN_POINT('',(-68.,0.5,0.));
#2024 = SURFACE_CURVE('',#2025,(#2029,#2036),.PCURVE_S1.);
#2025 = LINE('',#2026,#2027);
#2026 = CARTESIAN_POINT('',(-69.,0.5,0.));
#2027 = VECTOR('',#2028,1.);
#2028 = DIRECTION('',(-1.,0.,0.));
#2029 = PCURVE('',#1845,#2030);
#2030 = DEFINITIONAL_REPRESENTATION('',(#2031),#2035);
#2031 = LINE('',#2032,#2033);
#2032 = CARTESIAN_POINT('',(1.,1.));
#2033 = VECTOR('',#2034,1.);
#2034 = DIRECTION('',(0.,-1.));
#2035 = ( GEOMETRIC_REPRESENTATION_CONTEXT(2) 
PARAMETRIC_REPRESENTATION_CONTEXT() REPRESENTATION_CONTEXT('2D SPACE',''
  ) );
#2036 = PCURVE('',#2037,#2042);
#2037 = PLANE('',#2038);
#2038 = AXIS2_PLACEMENT_3D('',#2039,#2040,#2041);
#2039 = CARTESIAN_POINT('',(-68.,-4.,0.));
#2040 = DIRECTION('',(0.,0.,1.));
#2041 = DIRECTION('',(1.,0.,0.));
#2042 = DEFINITIONAL_REPRESENTATION('',(#2043),#2047);
#2043 = LINE('',#2044,#2045);
#2044 = CARTESIAN_POINT('',(-1.,4.5));
#2045 = VECTOR('',#2046,1.);
#2046 = DIRECTION('',(-1.,0.));
#2047 = ( GEOMETRIC_REPRESENTATION_CONTEXT(2) 
PARAMETRIC_REPRESENTATION_CONTEXT() REPRESENTATION_CONTEXT('2D SPACE',''
  ) );
#2048 = ORIENTED_EDGE('',*,*,#2049,.T.);
#2049 = EDGE_CURVE('',#2022,#2050,#2052,.T.);
#2050 = VERTEX_POINT('',#2051);
#2051 = CARTESIAN_POINT('',(-68.,0.5,24.));
#2052 = SURFACE_CURVE('',#2053,(#2057,#2064),.PCURVE_S1.);
#2053 = LINE('',#2054,#2055);
#2054 = CARTESIAN_POINT('',(-68.,0.5,-0.5));
#2055 = VECTOR('',#2056,1.);
#2056 = DIRECTION('',(0.,0.,1.));
#2057 = PCURVE('',#1845,#2058);
#2058 = DEFINITIONAL_REPRESENTATION('',(#2059),#2063);
#2059 = LINE('',#2060,#2061);
#2060 = CARTESIAN_POINT('',(0.5,2.));
#2061 = VECTOR('',#2062,1.);
#2062 = DIRECTION('',(1.,0.));
#2063 = ( GEOMETRIC_REPRESENTATION_CONTEXT(2) 
PARAMETRIC_REPRESENTATION_CONTEXT() REPRESENTATION_CONTEXT('2D SPACE',''
  ) );
#2064 = PCURVE('',#2065,#2070);
#2065 = PLANE('',#2066);
#2066 = AXIS2_PLACEMENT_3D('',#2067,#2068,#2069);
#2067 = CARTESIAN_POINT('',(-68.,-4.,0.));
#2068 = DIRECTION('',(1.,0.,0.));
#2069 = DIRECTION('',(0.,0.,1.));
#2070 = DEFINITIONAL_REPRESENTATION('',(#2071),#2075);
#2071 = LINE('',#2072,#2073);
#2072 = CARTESIAN_POINT('',(-0.5,-4.5));
#2073 = VECTOR('',#2074,1.);
#2074 = DIRECTION('',(1.,0.));
#2075 = ( GEOMETRIC_REPRESENTATION_CONTEXT(2) 
PARAMETRIC_REPRESENTATION_CONTEXT() REPRESENTATION_CONTEXT('2D SPACE',''
  ) );
#2076 = ORIENTED_EDGE('',*,*,#2077,.F.);
#2077 = EDGE_CURVE('',#2078,#2050,#2080,.T.);
#2078 = VERTEX_POINT('',#2079);
#2079 = CARTESIAN_POINT('',(-59.,0.5,24.));
#2080 = SURFACE_CURVE('',#2081,(#2085,#2092),.PCURVE_S1.);
#2081 = LINE('',#2082,#2083);
#2082 = CARTESIAN_POINT('',(-69.,0.5,24.));
#2083 = VECTOR('',#2084,1.);
#2084 = DIRECTION('',(-1.,0.,0.));
#2085 = PCURVE('',#1845,#2086);
#2086 = DEFINITIONAL_REPRESENTATION('',(#2087),#2091);
#2087 = LINE('',#2088,#2089);
#2088 = CARTESIAN_POINT('',(25.,1.));
#2089 = VECTOR('',#2090,1.);
#2090 = DIRECTION('',(0.,-1.));
#2091 = ( GEOMETRIC_REPRESENTATION_CONTEXT(2) 
PARAMETRIC_REPRESENTATION_CONTEXT() REPRESENTATION_CONTEXT('2D SPACE',''
  ) );
#2092 = PCURVE('',#2093,#2098);
#2093 = PLANE('',#2094);
#2094 = AXIS2_PLACEMENT_3D('',#2095,#2096,#2097);
#2095 = CARTESIAN_POINT('',(-68.,-4.,24.));
#2096 = DIRECTION('',(0.,0.,1.));
#2097 = DIRECTION('',(1.,0.,0.));
#2098 = DEFINITIONAL_REPRESENTATION('',(#2099),#2103);
#2099 = LINE('',#2100,#2101);
#2100 = CARTESIAN_POINT('',(-1.,4.5));
#2101 = VECTOR('',#2102,1.);
#2102 = DIRECTION('',(-1.,0.));
#2103 = ( GEOMETRIC_REPRESENTATION_CONTEXT(2) 
PARAMETRIC_REPRESENTATION_CONTEXT() REPRESENTATION_CONTEXT('2D SPACE',''
  ) );
#2104 = ORIENTED_EDGE('',*,*,#2105,.F.);
#2105 = EDGE_CURVE('',#2106,#2078,#2108,.T.);
#2106 = VERTEX_POINT('',#2107);
#2107 = CARTESIAN_POINT('',(-59.,0.5,21.));
#2108 = SURFACE_CURVE('',#2109,(#2113,#2120),.PCURVE_S1.);
#2109 = LINE('',#2110,#2111);
#2110 = CARTESIAN_POINT('',(-59.,0.5,-0.5));
#2111 = VECTOR('',#2112,1.);
#2112 = DIRECTION('',(0.,0.,1.));
#2113 = PCURVE('',#1845,#2114);
#2114 = DEFINITIONAL_REPRESENTATION('',(#2115),#2119);
#2115 = LINE('',#2116,#2117);
#2116 = CARTESIAN_POINT('',(0.5,11.));
#2117 = VECTOR('',#2118,1.);
#2118 = DIRECTION('',(1.,0.));
#2119 = ( GEOMETRIC_REPRESENTATION_CONTEXT(2) 
PARAMETRIC_REPRESENTATION_CONTEXT() REPRESENTATION_CONTEXT('2D SPACE',''
  ) );
#2120 = PCURVE('',#2121,#2126);
#2121 = PLANE('',#2122);
#2122 = AXIS2_PLACEMENT_3D('',#2123,#2124,#2125);
#2123 = CARTESIAN_POINT('',(-59.,-4.,0.));
#2124 = DIRECTION('',(1.,0.,0.));
#2125 = DIRECTION('',(0.,0.,1.));
#2126 = DEFINITIONAL_REPRESENTATION('',(#2127),#2131);
#2127 = LINE('',#2128,#2129);
#2128 = CARTESIAN_POINT('',(-0.5,-4.5));
#2129 = VECTOR('',#2130,1.);
#2130 = DIRECTION('',(1.,0.));
#2131 = ( GEOMETRIC_REPRESENTATION_CONTEXT(2) 
PARAMETRIC_REPRESENTATION_CONTEXT() REPRESENTATION_CONTEXT('2D SPACE',''
  ) );
#2132 = ORIENTED_EDGE('',*,*,#2133,.F.);
#2133 = EDGE_CURVE('',#2134,#2106,#2136,.T.);
#2134 = VERTEX_POINT('',#2135);
#2135 = CARTESIAN_POINT('',(-57.99456457513,0.5,21.));
#2136 = SURFACE_CURVE('',#2137,(#2141,#2148),.PCURVE_S1.);
#2137 = LINE('',#2138,#2139);
#2138 = CARTESIAN_POINT('',(-52.5,0.5,21.));
#2139 = VECTOR('',#2140,1.);
#2140 = DIRECTION('',(-1.,0.,0.));
#2141 = PCURVE('',#1845,#2142);
#2142 = DEFINITIONAL_REPRESENTATION('',(#2143),#2147);
#2143 = LINE('',#2144,#2145);
#2144 = CARTESIAN_POINT('',(22.,17.5));
#2145 = VECTOR('',#2146,1.);
#2146 = DIRECTION('',(0.,-1.));
#2147 = ( GEOMETRIC_REPRESENTATION_CONTEXT(2) 
PARAMETRIC_REPRESENTATION_CONTEXT() REPRESENTATION_CONTEXT('2D SPACE',''
  ) );
#2148 = PCURVE('',#2149,#2154);
#2149 = PLANE('',#2150);
#2150 = AXIS2_PLACEMENT_3D('',#2151,#2152,#2153);
#2151 = CARTESIAN_POINT('',(-35.,1.604946055186E-15,21.));
#2152 = DIRECTION('',(0.,0.,1.));
#2153 = DIRECTION('',(1.,0.,-0.));
#2154 = DEFINITIONAL_REPRESENTATION('',(#2155),#2159);
#2155 = LINE('',#2156,#2157);
#2156 = CARTESIAN_POINT('',(-17.5,0.5));
#2157 = VECTOR('',#2158,1.);
#2158 = DIRECTION('',(-1.,0.));
#2159 = ( GEOMETRIC_REPRESENTATION_CONTEXT(2) 
PARAMETRIC_REPRESENTATION_CONTEXT() REPRESENTATION_CONTEXT('2D SPACE',''
  ) );
#2160 = ORIENTED_EDGE('',*,*,#2161,.F.);
#2161 = EDGE_CURVE('',#2162,#2134,#2164,.T.);
#2162 = VERTEX_POINT('',#2163);
#2163 = CARTESIAN_POINT('',(-57.99456457513,0.5,24.));
#2164 = SURFACE_CURVE('',#2165,(#2169,#2176),.PCURVE_S1.);
#2165 = LINE('',#2166,#2167);
#2166 = CARTESIAN_POINT('',(-57.99456457513,0.5,0.));
#2167 = VECTOR('',#2168,1.);
#2168 = DIRECTION('',(-0.,-0.,-1.));
#2169 = PCURVE('',#1845,#2170);
#2170 = DEFINITIONAL_REPRESENTATION('',(#2171),#2175);
#2171 = LINE('',#2172,#2173);
#2172 = CARTESIAN_POINT('',(1.,12.005435424866));
#2173 = VECTOR('',#2174,1.);
#2174 = DIRECTION('',(-1.,0.));
#2175 = ( GEOMETRIC_REPRESENTATION_CONTEXT(2) 
PARAMETRIC_REPRESENTATION_CONTEXT() REPRESENTATION_CONTEXT('2D SPACE',''
  ) );
#2176 = PCURVE('',#2177,#2182);
#2177 = CYLINDRICAL_SURFACE('',#2178,23.);
#2178 = AXIS2_PLACEMENT_3D('',#2179,#2180,#2181);
#2179 = CARTESIAN_POINT('',(-35.,0.,0.));
#2180 = DIRECTION('',(-0.,-0.,-1.));
#2181 = DIRECTION('',(1.,0.,0.));
#2182 = DEFINITIONAL_REPRESENTATION('',(#2183),#2187);
#2183 = LINE('',#2184,#2185);
#2184 = CARTESIAN_POINT('',(-3.119851810509,0.));
#2185 = VECTOR('',#2186,1.);
#2186 = DIRECTION('',(-0.,1.));
#2187 = ( GEOMETRIC_REPRESENTATION_CONTEXT(2) 
PARAMETRIC_REPRESENTATION_CONTEXT() REPRESENTATION_CONTEXT('2D SPACE',''
  ) );
#2188 = ORIENTED_EDGE('',*,*,#2189,.F.);
#2189 = EDGE_CURVE('',#2190,#2162,#2192,.T.);
#2190 = VERTEX_POINT('',#2191);
#2191 = CARTESIAN_POINT('',(-51.70752001345,0.5,24.));
#2192 = SURFACE_CURVE('',#2193,(#2197,#2204),.PCURVE_S1.);
#2193 = LINE('',#2194,#2195);
#2194 = CARTESIAN_POINT('',(-52.5,0.5,24.));
#2195 = VECTOR('',#2196,1.);
#2196 = DIRECTION('',(-1.,0.,0.));
#2197 = PCURVE('',#1845,#2198);
#2198 = DEFINITIONAL_REPRESENTATION('',(#2199),#2203);
#2199 = LINE('',#2200,#2201);
#2200 = CARTESIAN_POINT('',(25.,17.5));
#2201 = VECTOR('',#2202,1.);
#2202 = DIRECTION('',(0.,-1.));
#2203 = ( GEOMETRIC_REPRESENTATION_CONTEXT(2) 
PARAMETRIC_REPRESENTATION_CONTEXT() REPRESENTATION_CONTEXT('2D SPACE',''
  ) );
#2204 = PCURVE('',#2205,#2210);
#2205 = PLANE('',#2206);
#2206 = AXIS2_PLACEMENT_3D('',#2207,#2208,#2209);
#2207 = CARTESIAN_POINT('',(-35.,1.914892223345E-15,24.));
#2208 = DIRECTION('',(0.,0.,1.));
#2209 = DIRECTION('',(1.,0.,-0.));
#2210 = DEFINITIONAL_REPRESENTATION('',(#2211),#2215);
#2211 = LINE('',#2212,#2213);
#2212 = CARTESIAN_POINT('',(-17.5,0.5));
#2213 = VECTOR('',#2214,1.);
#2214 = DIRECTION('',(-1.,0.));
#2215 = ( GEOMETRIC_REPRESENTATION_CONTEXT(2) 
PARAMETRIC_REPRESENTATION_CONTEXT() REPRESENTATION_CONTEXT('2D SPACE',''
  ) );
#2216 = ORIENTED_EDGE('',*,*,#2217,.T.);
#2217 = EDGE_CURVE('',#2190,#1913,#2218,.T.);
#2218 = SURFACE_CURVE('',#2219,(#2223,#2230),.PCURVE_S1.);
#2219 = LINE('',#2220,#2221);
#2220 = CARTESIAN_POINT('',(-51.70752001345,0.5,-1.));
#2221 = VECTOR('',#2222,1.);
#2222 = DIRECTION('',(-0.,-0.,-1.));
#2223 = PCURVE('',#1845,#2224);
#2224 = DEFINITIONAL_REPRESENTATION('',(#2225),#2229);
#2225 = LINE('',#2226,#2227);
#2226 = CARTESIAN_POINT('',(0.,18.292479986545));
#2227 = VECTOR('',#2228,1.);
#2228 = DIRECTION('',(-1.,0.));
#2229 = ( GEOMETRIC_REPRESENTATION_CONTEXT(2) 
PARAMETRIC_REPRESENTATION_CONTEXT() REPRESENTATION_CONTEXT('2D SPACE',''
  ) );
#2230 = PCURVE('',#1954,#2231);
#2231 = DEFINITIONAL_REPRESENTATION('',(#2232),#2236);
#2232 = LINE('',#2233,#2234);
#2233 = CARTESIAN_POINT('',(-3.111674939146,0.));
#2234 = VECTOR('',#2235,1.);
#2235 = DIRECTION('',(-0.,1.));
#2236 = ( GEOMETRIC_REPRESENTATION_CONTEXT(2) 
PARAMETRIC_REPRESENTATION_CONTEXT() REPRESENTATION_CONTEXT('2D SPACE',''
  ) );
#2237 = ORIENTED_EDGE('',*,*,#1912,.T.);
#2238 = ADVANCED_FACE('',(#2239),#1815,.F.);
#2239 = FACE_BOUND('',#2240,.F.);
#2240 = EDGE_LOOP('',(#2241,#2264,#2293,#2321,#2342,#2343));
#2241 = ORIENTED_EDGE('',*,*,#2242,.T.);
#2242 = EDGE_CURVE('',#1771,#2243,#2245,.T.);
#2243 = VERTEX_POINT('',#2244);
#2244 = CARTESIAN_POINT('',(-12.5,10.897247358852,3.));
#2245 = SURFACE_CURVE('',#2246,(#2250,#2257),.PCURVE_S1.);
#2246 = LINE('',#2247,#2248);
#2247 = CARTESIAN_POINT('',(-12.5,-22.5,3.));
#2248 = VECTOR('',#2249,1.);
#2249 = DIRECTION('',(0.,1.,0.));
#2250 = PCURVE('',#1815,#2251);
#2251 = DEFINITIONAL_REPRESENTATION('',(#2252),#2256);
#2252 = LINE('',#2253,#2254);
#2253 = CARTESIAN_POINT('',(22.5,-22.5));
#2254 = VECTOR('',#2255,1.);
#2255 = DIRECTION('',(0.,1.));
#2256 = ( GEOMETRIC_REPRESENTATION_CONTEXT(2) 
PARAMETRIC_REPRESENTATION_CONTEXT() REPRESENTATION_CONTEXT('2D SPACE',''
  ) );
#2257 = PCURVE('',#1786,#2258);
#2258 = DEFINITIONAL_REPRESENTATION('',(#2259),#2263);
#2259 = LINE('',#2260,#2261);
#2260 = CARTESIAN_POINT('',(5.,-22.5));
#2261 = VECTOR('',#2262,1.);
#2262 = DIRECTION('',(0.,-1.));
#2263 = ( GEOMETRIC_REPRESENTATION_CONTEXT(2) 
PARAMETRIC_REPRESENTATION_CONTEXT() REPRESENTATION_CONTEXT('2D SPACE',''
  ) );
#2264 = ORIENTED_EDGE('',*,*,#2265,.T.);
#2265 = EDGE_CURVE('',#2243,#2266,#2268,.T.);
#2266 = VERTEX_POINT('',#2267);
#2267 = CARTESIAN_POINT('',(-59.6779253585,4.,3.));
#2268 = SURFACE_CURVE('',#2269,(#2274,#2281),.PCURVE_S1.);
#2269 = CIRCLE('',#2270,25.);
#2270 = AXIS2_PLACEMENT_3D('',#2271,#2272,#2273);
#2271 = CARTESIAN_POINT('',(-35.,0.,3.));
#2272 = DIRECTION('',(0.,0.,1.));
#2273 = DIRECTION('',(1.,0.,0.));
#2274 = PCURVE('',#1815,#2275);
#2275 = DEFINITIONAL_REPRESENTATION('',(#2276),#2280);
#2276 = CIRCLE('',#2277,25.);
#2277 = AXIS2_PLACEMENT_2D('',#2278,#2279);
#2278 = CARTESIAN_POINT('',(0.,-1.604946055186E-15));
#2279 = DIRECTION('',(1.,0.));
#2280 = ( GEOMETRIC_REPRESENTATION_CONTEXT(2) 
PARAMETRIC_REPRESENTATION_CONTEXT() REPRESENTATION_CONTEXT('2D SPACE',''
  ) );
#2281 = PCURVE('',#2282,#2287);
#2282 = CYLINDRICAL_SURFACE('',#2283,25.);
#2283 = AXIS2_PLACEMENT_3D('',#2284,#2285,#2286);
#2284 = CARTESIAN_POINT('',(-35.,0.,3.));
#2285 = DIRECTION('',(-0.,-0.,-1.));
#2286 = DIRECTION('',(1.,0.,0.));
#2287 = DEFINITIONAL_REPRESENTATION('',(#2288),#2292);
#2288 = LINE('',#2289,#2290);
#2289 = CARTESIAN_POINT('',(-0.,0.));
#2290 = VECTOR('',#2291,1.);
#2291 = DIRECTION('',(-1.,0.));
#2292 = ( GEOMETRIC_REPRESENTATION_CONTEXT(2) 
PARAMETRIC_REPRESENTATION_CONTEXT() REPRESENTATION_CONTEXT('2D SPACE',''
  ) );
#2293 = ORIENTED_EDGE('',*,*,#2294,.F.);
#2294 = EDGE_CURVE('',#2295,#2266,#2297,.T.);
#2295 = VERTEX_POINT('',#2296);
#2296 = CARTESIAN_POINT('',(-59.,4.,3.));
#2297 = SURFACE_CURVE('',#2298,(#2302,#2309),.PCURVE_S1.);
#2298 = LINE('',#2299,#2300);
#2299 = CARTESIAN_POINT('',(-51.5,4.,3.));
#2300 = VECTOR('',#2301,1.);
#2301 = DIRECTION('',(-1.,0.,0.));
#2302 = PCURVE('',#1815,#2303);
#2303 = DEFINITIONAL_REPRESENTATION('',(#2304),#2308);
#2304 = LINE('',#2305,#2306);
#2305 = CARTESIAN_POINT('',(-16.5,4.));
#2306 = VECTOR('',#2307,1.);
#2307 = DIRECTION('',(-1.,0.));
#2308 = ( GEOMETRIC_REPRESENTATION_CONTEXT(2) 
PARAMETRIC_REPRESENTATION_CONTEXT() REPRESENTATION_CONTEXT('2D SPACE',''
  ) );
#2309 = PCURVE('',#2310,#2315);
#2310 = PLANE('',#2311);
#2311 = AXIS2_PLACEMENT_3D('',#2312,#2313,#2314);
#2312 = CARTESIAN_POINT('',(-68.,4.,0.));
#2313 = DIRECTION('',(0.,1.,0.));
#2314 = DIRECTION('',(0.,0.,1.));
#2315 = DEFINITIONAL_REPRESENTATION('',(#2316),#2320);
#2316 = LINE('',#2317,#2318);
#2317 = CARTESIAN_POINT('',(3.,16.5));
#2318 = VECTOR('',#2319,1.);
#2319 = DIRECTION('',(0.,-1.));
#2320 = ( GEOMETRIC_REPRESENTATION_CONTEXT(2) 
PARAMETRIC_REPRESENTATION_CONTEXT() REPRESENTATION_CONTEXT('2D SPACE',''
  ) );
#2321 = ORIENTED_EDGE('',*,*,#2322,.F.);
#2322 = EDGE_CURVE('',#1971,#2295,#2323,.T.);
#2323 = SURFACE_CURVE('',#2324,(#2328,#2335),.PCURVE_S1.);
#2324 = LINE('',#2325,#2326);
#2325 = CARTESIAN_POINT('',(-59.,-2.,3.));
#2326 = VECTOR('',#2327,1.);
#2327 = DIRECTION('',(0.,1.,0.));
#2328 = PCURVE('',#1815,#2329);
#2329 = DEFINITIONAL_REPRESENTATION('',(#2330),#2334);
#2330 = LINE('',#2331,#2332);
#2331 = CARTESIAN_POINT('',(-24.,-2.));
#2332 = VECTOR('',#2333,1.);
#2333 = DIRECTION('',(0.,1.));
#2334 = ( GEOMETRIC_REPRESENTATION_CONTEXT(2) 
PARAMETRIC_REPRESENTATION_CONTEXT() REPRESENTATION_CONTEXT('2D SPACE',''
  ) );
#2335 = PCURVE('',#2009,#2336);
#2336 = DEFINITIONAL_REPRESENTATION('',(#2337),#2341);
#2337 = LINE('',#2338,#2339);
#2338 = CARTESIAN_POINT('',(3.,-2.));
#2339 = VECTOR('',#2340,1.);
#2340 = DIRECTION('',(0.,-1.));
#2341 = ( GEOMETRIC_REPRESENTATION_CONTEXT(2) 
PARAMETRIC_REPRESENTATION_CONTEXT() REPRESENTATION_CONTEXT('2D SPACE',''
  ) );
#2342 = ORIENTED_EDGE('',*,*,#1970,.F.);
#2343 = ORIENTED_EDGE('',*,*,#1798,.T.);
#2344 = ADVANCED_FACE('',(#2345),#1786,.T.);
#2345 = FACE_BOUND('',#2346,.T.);
#2346 = EDGE_LOOP('',(#2347,#2348,#2349,#2372,#2395,#2418,#2441,#2469,
    #2502,#2530,#2563,#2584));
#2347 = ORIENTED_EDGE('',*,*,#1770,.F.);
#2348 = ORIENTED_EDGE('',*,*,#2242,.T.);
#2349 = ORIENTED_EDGE('',*,*,#2350,.F.);
#2350 = EDGE_CURVE('',#2351,#2243,#2353,.T.);
#2351 = VERTEX_POINT('',#2352);
#2352 = CARTESIAN_POINT('',(-12.5,10.897247358852,21.));
#2353 = SURFACE_CURVE('',#2354,(#2358,#2365),.PCURVE_S1.);
#2354 = LINE('',#2355,#2356);
#2355 = CARTESIAN_POINT('',(-12.5,10.897247358852,3.));
#2356 = VECTOR('',#2357,1.);
#2357 = DIRECTION('',(-0.,-0.,-1.));
#2358 = PCURVE('',#1786,#2359);
#2359 = DEFINITIONAL_REPRESENTATION('',(#2360),#2364);
#2360 = LINE('',#2361,#2362);
#2361 = CARTESIAN_POINT('',(5.,-55.89724735885));
#2362 = VECTOR('',#2363,1.);
#2363 = DIRECTION('',(-1.,0.));
#2364 = ( GEOMETRIC_REPRESENTATION_CONTEXT(2) 
PARAMETRIC_REPRESENTATION_CONTEXT() REPRESENTATION_CONTEXT('2D SPACE',''
  ) );
#2365 = PCURVE('',#2282,#2366);
#2366 = DEFINITIONAL_REPRESENTATION('',(#2367),#2371);
#2367 = LINE('',#2368,#2369);
#2368 = CARTESIAN_POINT('',(-0.451026811796,0.));
#2369 = VECTOR('',#2370,1.);
#2370 = DIRECTION('',(-0.,1.));
#2371 = ( GEOMETRIC_REPRESENTATION_CONTEXT(2) 
PARAMETRIC_REPRESENTATION_CONTEXT() REPRESENTATION_CONTEXT('2D SPACE',''
  ) );
#2372 = ORIENTED_EDGE('',*,*,#2373,.F.);
#2373 = EDGE_CURVE('',#2374,#2351,#2376,.T.);
#2374 = VERTEX_POINT('',#2375);
#2375 = CARTESIAN_POINT('',(-12.5,4.769696007085,21.));
#2376 = SURFACE_CURVE('',#2377,(#2381,#2388),.PCURVE_S1.);
#2377 = LINE('',#2378,#2379);
#2378 = CARTESIAN_POINT('',(-12.5,-22.5,21.));
#2379 = VECTOR('',#2380,1.);
#2380 = DIRECTION('',(0.,1.,0.));
#2381 = PCURVE('',#1786,#2382);
#2382 = DEFINITIONAL_REPRESENTATION('',(#2383),#2387);
#2383 = LINE('',#2384,#2385);
#2384 = CARTESIAN_POINT('',(23.,-22.5));
#2385 = VECTOR('',#2386,1.);
#2386 = DIRECTION('',(0.,-1.));
#2387 = ( GEOMETRIC_REPRESENTATION_CONTEXT(2) 
PARAMETRIC_REPRESENTATION_CONTEXT() REPRESENTATION_CONTEXT('2D SPACE',''
  ) );
#2388 = PCURVE('',#2149,#2389);
#2389 = DEFINITIONAL_REPRESENTATION('',(#2390),#2394);
#2390 = LINE('',#2391,#2392);
#2391 = CARTESIAN_POINT('',(22.5,-22.5));
#2392 = VECTOR('',#2393,1.);
#2393 = DIRECTION('',(0.,1.));
#2394 = ( GEOMETRIC_REPRESENTATION_CONTEXT(2) 
PARAMETRIC_REPRESENTATION_CONTEXT() REPRESENTATION_CONTEXT('2D SPACE',''
  ) );
#2395 = ORIENTED_EDGE('',*,*,#2396,.F.);
#2396 = EDGE_CURVE('',#2397,#2374,#2399,.T.);
#2397 = VERTEX_POINT('',#2398);
#2398 = CARTESIAN_POINT('',(-12.5,4.769696007085,24.));
#2399 = SURFACE_CURVE('',#2400,(#2404,#2411),.PCURVE_S1.);
#2400 = LINE('',#2401,#2402);
#2401 = CARTESIAN_POINT('',(-12.5,4.769696007085,0.));
#2402 = VECTOR('',#2403,1.);
#2403 = DIRECTION('',(-0.,-0.,-1.));
#2404 = PCURVE('',#1786,#2405);
#2405 = DEFINITIONAL_REPRESENTATION('',(#2406),#2410);
#2406 = LINE('',#2407,#2408);
#2407 = CARTESIAN_POINT('',(2.,-49.76969600708));
#2408 = VECTOR('',#2409,1.);
#2409 = DIRECTION('',(-1.,0.));
#2410 = ( GEOMETRIC_REPRESENTATION_CONTEXT(2) 
PARAMETRIC_REPRESENTATION_CONTEXT() REPRESENTATION_CONTEXT('2D SPACE',''
  ) );
#2411 = PCURVE('',#2177,#2412);
#2412 = DEFINITIONAL_REPRESENTATION('',(#2413),#2417);
#2413 = LINE('',#2414,#2415);
#2414 = CARTESIAN_POINT('',(-0.208894017263,0.));
#2415 = VECTOR('',#2416,1.);
#2416 = DIRECTION('',(-0.,1.));
#2417 = ( GEOMETRIC_REPRESENTATION_CONTEXT(2) 
PARAMETRIC_REPRESENTATION_CONTEXT() REPRESENTATION_CONTEXT('2D SPACE',''
  ) );
#2418 = ORIENTED_EDGE('',*,*,#2419,.F.);
#2419 = EDGE_CURVE('',#2420,#2397,#2422,.T.);
#2420 = VERTEX_POINT('',#2421);
#2421 = CARTESIAN_POINT('',(-12.5,0.5,24.));
#2422 = SURFACE_CURVE('',#2423,(#2427,#2434),.PCURVE_S1.);
#2423 = LINE('',#2424,#2425);
#2424 = CARTESIAN_POINT('',(-12.5,-22.5,24.));
#2425 = VECTOR('',#2426,1.);
#2426 = DIRECTION('',(0.,1.,0.));
#2427 = PCURVE('',#1786,#2428);
#2428 = DEFINITIONAL_REPRESENTATION('',(#2429),#2433);
#2429 = LINE('',#2430,#2431);
#2430 = CARTESIAN_POINT('',(26.,-22.5));
#2431 = VECTOR('',#2432,1.);
#2432 = DIRECTION('',(0.,-1.));
#2433 = ( GEOMETRIC_REPRESENTATION_CONTEXT(2) 
PARAMETRIC_REPRESENTATION_CONTEXT() REPRESENTATION_CONTEXT('2D SPACE',''
  ) );
#2434 = PCURVE('',#2205,#2435);
#2435 = DEFINITIONAL_REPRESENTATION('',(#2436),#2440);
#2436 = LINE('',#2437,#2438);
#2437 = CARTESIAN_POINT('',(22.5,-22.5));
#2438 = VECTOR('',#2439,1.);
#2439 = DIRECTION('',(0.,1.));
#2440 = ( GEOMETRIC_REPRESENTATION_CONTEXT(2) 
PARAMETRIC_REPRESENTATION_CONTEXT() REPRESENTATION_CONTEXT('2D SPACE',''
  ) );
#2441 = ORIENTED_EDGE('',*,*,#2442,.T.);
#2442 = EDGE_CURVE('',#2420,#2443,#2445,.T.);
#2443 = VERTEX_POINT('',#2444);
#2444 = CARTESIAN_POINT('',(-12.5,0.5,18.424807680927));
#2445 = SURFACE_CURVE('',#2446,(#2450,#2457),.PCURVE_S1.);
#2446 = LINE('',#2447,#2448);
#2447 = CARTESIAN_POINT('',(-12.5,0.5,-1.5));
#2448 = VECTOR('',#2449,1.);
#2449 = DIRECTION('',(0.,0.,-1.));
#2450 = PCURVE('',#1786,#2451);
#2451 = DEFINITIONAL_REPRESENTATION('',(#2452),#2456);
#2452 = LINE('',#2453,#2454);
#2453 = CARTESIAN_POINT('',(0.5,-45.5));
#2454 = VECTOR('',#2455,1.);
#2455 = DIRECTION('',(-1.,0.));
#2456 = ( GEOMETRIC_REPRESENTATION_CONTEXT(2) 
PARAMETRIC_REPRESENTATION_CONTEXT() REPRESENTATION_CONTEXT('2D SPACE',''
  ) );
#2457 = PCURVE('',#2458,#2463);
#2458 = PLANE('',#2459);
#2459 = AXIS2_PLACEMENT_3D('',#2460,#2461,#2462);
#2460 = CARTESIAN_POINT('',(-70.,0.5,-1.));
#2461 = DIRECTION('',(0.,1.,0.));
#2462 = DIRECTION('',(0.,0.,1.));
#2463 = DEFINITIONAL_REPRESENTATION('',(#2464),#2468);
#2464 = LINE('',#2465,#2466);
#2465 = CARTESIAN_POINT('',(-0.5,57.5));
#2466 = VECTOR('',#2467,1.);
#2467 = DIRECTION('',(-1.,0.));
#2468 = ( GEOMETRIC_REPRESENTATION_CONTEXT(2) 
PARAMETRIC_REPRESENTATION_CONTEXT() REPRESENTATION_CONTEXT('2D SPACE',''
  ) );
#2469 = ORIENTED_EDGE('',*,*,#2470,.T.);
#2470 = EDGE_CURVE('',#2443,#2471,#2473,.T.);
#2471 = VERTEX_POINT('',#2472);
#2472 = CARTESIAN_POINT('',(-12.5,0.5,15.175192319073));
#2473 = SURFACE_CURVE('',#2474,(#2479,#2490),.PCURVE_S1.);
#2474 = CIRCLE('',#2475,1.7);
#2475 = AXIS2_PLACEMENT_3D('',#2476,#2477,#2478);
#2476 = CARTESIAN_POINT('',(-12.5,0.,16.8));
#2477 = DIRECTION('',(-1.,0.,0.));
#2478 = DIRECTION('',(0.,1.,0.));
#2479 = PCURVE('',#1786,#2480);
#2480 = DEFINITIONAL_REPRESENTATION('',(#2481),#2489);
#2481 = ( BOUNDED_CURVE() B_SPLINE_CURVE(2,(#2482,#2483,#2484,#2485,
#2486,#2487,#2488),.UNSPECIFIED.,.T.,.F.) B_SPLINE_CURVE_WITH_KNOTS((1,2
    ,2,2,2,1),(-2.094395102393,0.,2.094395102393,4.188790204786,
6.28318530718,8.377580409573),.UNSPECIFIED.) CURVE() 
GEOMETRIC_REPRESENTATION_ITEM() RATIONAL_B_SPLINE_CURVE((1.,0.5,1.,0.5,
1.,0.5,1.)) REPRESENTATION_ITEM('') );
#2482 = CARTESIAN_POINT('',(18.8,-46.7));
#2483 = CARTESIAN_POINT('',(15.855513627133,-46.7));
#2484 = CARTESIAN_POINT('',(17.327756813566,-44.15));
#2485 = CARTESIAN_POINT('',(18.8,-41.6));
#2486 = CARTESIAN_POINT('',(20.272243186434,-44.15));
#2487 = CARTESIAN_POINT('',(21.744486372867,-46.7));
#2488 = CARTESIAN_POINT('',(18.8,-46.7));
#2489 = ( GEOMETRIC_REPRESENTATION_CONTEXT(2) 
PARAMETRIC_REPRESENTATION_CONTEXT() REPRESENTATION_CONTEXT('2D SPACE',''
  ) );
#2490 = PCURVE('',#2491,#2496);
#2491 = CYLINDRICAL_SURFACE('',#2492,1.7);
#2492 = AXIS2_PLACEMENT_3D('',#2493,#2494,#2495);
#2493 = CARTESIAN_POINT('',(-35.,0.,16.8));
#2494 = DIRECTION('',(-1.,-0.,-0.));
#2495 = DIRECTION('',(0.,1.,0.));
#2496 = DEFINITIONAL_REPRESENTATION('',(#2497),#2501);
#2497 = LINE('',#2498,#2499);
#2498 = CARTESIAN_POINT('',(-12.56637061435,-22.5));
#2499 = VECTOR('',#2500,1.);
#2500 = DIRECTION('',(1.,-0.));
#2501 = ( GEOMETRIC_REPRESENTATION_CONTEXT(2) 
PARAMETRIC_REPRESENTATION_CONTEXT() REPRESENTATION_CONTEXT('2D SPACE',''
  ) );
#2502 = ORIENTED_EDGE('',*,*,#2503,.T.);
#2503 = EDGE_CURVE('',#2471,#2504,#2506,.T.);
#2504 = VERTEX_POINT('',#2505);
#2505 = CARTESIAN_POINT('',(-12.5,0.5,10.024807680927));
#2506 = SURFACE_CURVE('',#2507,(#2511,#2518),.PCURVE_S1.);
#2507 = LINE('',#2508,#2509);
#2508 = CARTESIAN_POINT('',(-12.5,0.5,-1.5));
#2509 = VECTOR('',#2510,1.);
#2510 = DIRECTION('',(0.,0.,-1.));
#2511 = PCURVE('',#1786,#2512);
#2512 = DEFINITIONAL_REPRESENTATION('',(#2513),#2517);
#2513 = LINE('',#2514,#2515);
#2514 = CARTESIAN_POINT('',(0.5,-45.5));
#2515 = VECTOR('',#2516,1.);
#2516 = DIRECTION('',(-1.,0.));
#2517 = ( GEOMETRIC_REPRESENTATION_CONTEXT(2) 
PARAMETRIC_REPRESENTATION_CONTEXT() REPRESENTATION_CONTEXT('2D SPACE',''
  ) );
#2518 = PCURVE('',#2519,#2524);
#2519 = PLANE('',#2520);
#2520 = AXIS2_PLACEMENT_3D('',#2521,#2522,#2523);
#2521 = CARTESIAN_POINT('',(-70.,0.5,-1.));
#2522 = DIRECTION('',(0.,1.,0.));
#2523 = DIRECTION('',(0.,0.,1.));
#2524 = DEFINITIONAL_REPRESENTATION('',(#2525),#2529);
#2525 = LINE('',#2526,#2527);
#2526 = CARTESIAN_POINT('',(-0.5,57.5));
#2527 = VECTOR('',#2528,1.);
#2528 = DIRECTION('',(-1.,0.));
#2529 = ( GEOMETRIC_REPRESENTATION_CONTEXT(2) 
PARAMETRIC_REPRESENTATION_CONTEXT() REPRESENTATION_CONTEXT('2D SPACE',''
  ) );
#2530 = ORIENTED_EDGE('',*,*,#2531,.T.);
#2531 = EDGE_CURVE('',#2504,#2532,#2534,.T.);
#2532 = VERTEX_POINT('',#2533);
#2533 = CARTESIAN_POINT('',(-12.5,0.5,6.775192319073));
#2534 = SURFACE_CURVE('',#2535,(#2540,#2551),.PCURVE_S1.);
#2535 = CIRCLE('',#2536,1.7);
#2536 = AXIS2_PLACEMENT_3D('',#2537,#2538,#2539);
#2537 = CARTESIAN_POINT('',(-12.5,0.,8.4));
#2538 = DIRECTION('',(-1.,0.,0.));
#2539 = DIRECTION('',(0.,1.,0.));
#2540 = PCURVE('',#1786,#2541);
#2541 = DEFINITIONAL_REPRESENTATION('',(#2542),#2550);
#2542 = ( BOUNDED_CURVE() B_SPLINE_CURVE(2,(#2543,#2544,#2545,#2546,
#2547,#2548,#2549),.UNSPECIFIED.,.T.,.F.) B_SPLINE_CURVE_WITH_KNOTS((1,2
    ,2,2,2,1),(-2.094395102393,0.,2.094395102393,4.188790204786,
6.28318530718,8.377580409573),.UNSPECIFIED.) CURVE() 
GEOMETRIC_REPRESENTATION_ITEM() RATIONAL_B_SPLINE_CURVE((1.,0.5,1.,0.5,
1.,0.5,1.)) REPRESENTATION_ITEM('') );
#2543 = CARTESIAN_POINT('',(10.4,-46.7));
#2544 = CARTESIAN_POINT('',(7.455513627133,-46.7));
#2545 = CARTESIAN_POINT('',(8.927756813566,-44.15));
#2546 = CARTESIAN_POINT('',(10.4,-41.6));
#2547 = CARTESIAN_POINT('',(11.872243186434,-44.15));
#2548 = CARTESIAN_POINT('',(13.344486372867,-46.7));
#2549 = CARTESIAN_POINT('',(10.4,-46.7));
#2550 = ( GEOMETRIC_REPRESENTATION_CONTEXT(2) 
PARAMETRIC_REPRESENTATION_CONTEXT() REPRESENTATION_CONTEXT('2D SPACE',''
  ) );
#2551 = PCURVE('',#2552,#2557);
#2552 = CYLINDRICAL_SURFACE('',#2553,1.7);
#2553 = AXIS2_PLACEMENT_3D('',#2554,#2555,#2556);
#2554 = CARTESIAN_POINT('',(-35.,0.,8.4));
#2555 = DIRECTION('',(-1.,-0.,-0.));
#2556 = DIRECTION('',(0.,1.,0.));
#2557 = DEFINITIONAL_REPRESENTATION('',(#2558),#2562);
#2558 = LINE('',#2559,#2560);
#2559 = CARTESIAN_POINT('',(-12.56637061435,-22.5));
#2560 = VECTOR('',#2561,1.);
#2561 = DIRECTION('',(1.,-0.));
#2562 = ( GEOMETRIC_REPRESENTATION_CONTEXT(2) 
PARAMETRIC_REPRESENTATION_CONTEXT() REPRESENTATION_CONTEXT('2D SPACE',''
  ) );
#2563 = ORIENTED_EDGE('',*,*,#2564,.T.);
#2564 = EDGE_CURVE('',#2532,#1861,#2565,.T.);
#2565 = SURFACE_CURVE('',#2566,(#2570,#2577),.PCURVE_S1.);
#2566 = LINE('',#2567,#2568);
#2567 = CARTESIAN_POINT('',(-12.5,0.5,-1.5));
#2568 = VECTOR('',#2569,1.);
#2569 = DIRECTION('',(0.,0.,-1.));
#2570 = PCURVE('',#1786,#2571);
#2571 = DEFINITIONAL_REPRESENTATION('',(#2572),#2576);
#2572 = LINE('',#2573,#2574);
#2573 = CARTESIAN_POINT('',(0.5,-45.5));
#2574 = VECTOR('',#2575,1.);
#2575 = DIRECTION('',(-1.,0.));
#2576 = ( GEOMETRIC_REPRESENTATION_CONTEXT(2) 
PARAMETRIC_REPRESENTATION_CONTEXT() REPRESENTATION_CONTEXT('2D SPACE',''
  ) );
#2577 = PCURVE('',#1878,#2578);
#2578 = DEFINITIONAL_REPRESENTATION('',(#2579),#2583);
#2579 = LINE('',#2580,#2581);
#2580 = CARTESIAN_POINT('',(-0.5,57.5));
#2581 = VECTOR('',#2582,1.);
#2582 = DIRECTION('',(-1.,0.));
#2583 = ( GEOMETRIC_REPRESENTATION_CONTEXT(2) 
PARAMETRIC_REPRESENTATION_CONTEXT() REPRESENTATION_CONTEXT('2D SPACE',''
  ) );
#2584 = ORIENTED_EDGE('',*,*,#1890,.T.);
#2585 = ADVANCED_FACE('',(#2586),#1878,.F.);
#2586 = FACE_BOUND('',#2587,.F.);
#2587 = EDGE_LOOP('',(#2588,#2611,#2612,#2613));
#2588 = ORIENTED_EDGE('',*,*,#2589,.F.);
#2589 = EDGE_CURVE('',#2532,#2590,#2592,.T.);
#2590 = VERTEX_POINT('',#2591);
#2591 = CARTESIAN_POINT('',(-18.29247998654,0.5,6.775192319073));
#2592 = SURFACE_CURVE('',#2593,(#2597,#2604),.PCURVE_S1.);
#2593 = LINE('',#2594,#2595);
#2594 = CARTESIAN_POINT('',(-35.,0.5,6.775192319073));
#2595 = VECTOR('',#2596,1.);
#2596 = DIRECTION('',(-1.,-0.,-0.));
#2597 = PCURVE('',#1878,#2598);
#2598 = DEFINITIONAL_REPRESENTATION('',(#2599),#2603);
#2599 = LINE('',#2600,#2601);
#2600 = CARTESIAN_POINT('',(7.775192319073,35.));
#2601 = VECTOR('',#2602,1.);
#2602 = DIRECTION('',(0.,-1.));
#2603 = ( GEOMETRIC_REPRESENTATION_CONTEXT(2) 
PARAMETRIC_REPRESENTATION_CONTEXT() REPRESENTATION_CONTEXT('2D SPACE',''
  ) );
#2604 = PCURVE('',#2552,#2605);
#2605 = DEFINITIONAL_REPRESENTATION('',(#2606),#2610);
#2606 = LINE('',#2607,#2608);
#2607 = CARTESIAN_POINT('',(-5.01092118157,0.));
#2608 = VECTOR('',#2609,1.);
#2609 = DIRECTION('',(-0.,1.));
#2610 = ( GEOMETRIC_REPRESENTATION_CONTEXT(2) 
PARAMETRIC_REPRESENTATION_CONTEXT() REPRESENTATION_CONTEXT('2D SPACE',''
  ) );
#2611 = ORIENTED_EDGE('',*,*,#2564,.T.);
#2612 = ORIENTED_EDGE('',*,*,#1860,.T.);
#2613 = ORIENTED_EDGE('',*,*,#2614,.F.);
#2614 = EDGE_CURVE('',#2590,#1863,#2615,.T.);
#2615 = SURFACE_CURVE('',#2616,(#2620,#2627),.PCURVE_S1.);
#2616 = LINE('',#2617,#2618);
#2617 = CARTESIAN_POINT('',(-18.29247998654,0.5,-1.));
#2618 = VECTOR('',#2619,1.);
#2619 = DIRECTION('',(-0.,-0.,-1.));
#2620 = PCURVE('',#1878,#2621);
#2621 = DEFINITIONAL_REPRESENTATION('',(#2622),#2626);
#2622 = LINE('',#2623,#2624);
#2623 = CARTESIAN_POINT('',(0.,51.707520013455));
#2624 = VECTOR('',#2625,1.);
#2625 = DIRECTION('',(-1.,0.));
#2626 = ( GEOMETRIC_REPRESENTATION_CONTEXT(2) 
PARAMETRIC_REPRESENTATION_CONTEXT() REPRESENTATION_CONTEXT('2D SPACE',''
  ) );
#2627 = PCURVE('',#1954,#2628);
#2628 = DEFINITIONAL_REPRESENTATION('',(#2629),#2633);
#2629 = LINE('',#2630,#2631);
#2630 = CARTESIAN_POINT('',(-2.991771444368E-02,0.));
#2631 = VECTOR('',#2632,1.);
#2632 = DIRECTION('',(-0.,1.));
#2633 = ( GEOMETRIC_REPRESENTATION_CONTEXT(2) 
PARAMETRIC_REPRESENTATION_CONTEXT() REPRESENTATION_CONTEXT('2D SPACE',''
  ) );
#2634 = ADVANCED_FACE('',(#2635),#1954,.F.);
#2635 = FACE_BOUND('',#2636,.T.);
#2636 = EDGE_LOOP('',(#2637,#2665,#2666,#2667,#2668,#2808,#2831,#2971));
#2637 = ORIENTED_EDGE('',*,*,#2638,.F.);
#2638 = EDGE_CURVE('',#2190,#2639,#2641,.T.);
#2639 = VERTEX_POINT('',#2640);
#2640 = CARTESIAN_POINT('',(-18.29247998654,0.5,24.));
#2641 = SURFACE_CURVE('',#2642,(#2647,#2654),.PCURVE_S1.);
#2642 = CIRCLE('',#2643,16.715);
#2643 = AXIS2_PLACEMENT_3D('',#2644,#2645,#2646);
#2644 = CARTESIAN_POINT('',(-35.,0.,24.));
#2645 = DIRECTION('',(0.,0.,-1.));
#2646 = DIRECTION('',(1.,0.,0.));
#2647 = PCURVE('',#1954,#2648);
#2648 = DEFINITIONAL_REPRESENTATION('',(#2649),#2653);
#2649 = LINE('',#2650,#2651);
#2650 = CARTESIAN_POINT('',(-6.28318530718,-25.));
#2651 = VECTOR('',#2652,1.);
#2652 = DIRECTION('',(1.,-0.));
#2653 = ( GEOMETRIC_REPRESENTATION_CONTEXT(2) 
PARAMETRIC_REPRESENTATION_CONTEXT() REPRESENTATION_CONTEXT('2D SPACE',''
  ) );
#2654 = PCURVE('',#2205,#2655);
#2655 = DEFINITIONAL_REPRESENTATION('',(#2656),#2664);
#2656 = ( BOUNDED_CURVE() B_SPLINE_CURVE(2,(#2657,#2658,#2659,#2660,
#2661,#2662,#2663),.UNSPECIFIED.,.T.,.F.) B_SPLINE_CURVE_WITH_KNOTS((1,2
    ,2,2,2,1),(-2.094395102393,0.,2.094395102393,4.188790204786,
6.28318530718,8.377580409573),.UNSPECIFIED.) CURVE() 
GEOMETRIC_REPRESENTATION_ITEM() RATIONAL_B_SPLINE_CURVE((1.,0.5,1.,0.5,
1.,0.5,1.)) REPRESENTATION_ITEM('') );
#2657 = CARTESIAN_POINT('',(16.715,-1.914892223345E-15));
#2658 = CARTESIAN_POINT('',(16.715,-28.95122924851));
#2659 = CARTESIAN_POINT('',(-8.3575,-14.47561462425));
#2660 = CARTESIAN_POINT('',(-33.43,-6.008886472894E-15));
#2661 = CARTESIAN_POINT('',(-8.3575,14.475614624257));
#2662 = CARTESIAN_POINT('',(16.715,28.951229248514));
#2663 = CARTESIAN_POINT('',(16.715,-1.914892223345E-15));
#2664 = ( GEOMETRIC_REPRESENTATION_CONTEXT(2) 
PARAMETRIC_REPRESENTATION_CONTEXT() REPRESENTATION_CONTEXT('2D SPACE',''
  ) );
#2665 = ORIENTED_EDGE('',*,*,#2217,.T.);
#2666 = ORIENTED_EDGE('',*,*,#1935,.T.);
#2667 = ORIENTED_EDGE('',*,*,#2614,.F.);
#2668 = ORIENTED_EDGE('',*,*,#2669,.T.);
#2669 = EDGE_CURVE('',#2590,#2670,#2672,.T.);
#2670 = VERTEX_POINT('',#2671);
#2671 = CARTESIAN_POINT('',(-18.29247998654,0.5,10.024807680927));
#2672 = SURFACE_CURVE('',#2673,(#2706,#2757),.PCURVE_S1.);
#2673 = B_SPLINE_CURVE_WITH_KNOTS('',6,(#2674,#2675,#2676,#2677,#2678,
    #2679,#2680,#2681,#2682,#2683,#2684,#2685,#2686,#2687,#2688,#2689,
    #2690,#2691,#2692,#2693,#2694,#2695,#2696,#2697,#2698,#2699,#2700,
    #2701,#2702,#2703,#2704,#2705),.UNSPECIFIED.,.F.,.F.,(7,5,5,5,5,5,7)
  ,(0.,0.277918889366,0.459640351325,1.,1.54042397897,1.72214157782,
    2.000000268413),.UNSPECIFIED.);
#2674 = CARTESIAN_POINT('',(-18.29247998654,0.5,6.775192319073));
#2675 = CARTESIAN_POINT('',(-18.29582454589,0.611758584636,
    6.809583646104));
#2676 = CARTESIAN_POINT('',(-18.29991753683,0.718519228469,
    6.852535081382));
#2677 = CARTESIAN_POINT('',(-18.30458747892,0.819575116184,6.90309695861
    ));
#2678 = CARTESIAN_POINT('',(-18.30964232155,0.914370070432,
    6.960270831916));
#2679 = CARTESIAN_POINT('',(-18.31489167233,1.002502066424,
    7.023009187538));
#2680 = CARTESIAN_POINT('',(-18.32361970249,1.136836729979,7.13415879237
    ));
#2681 = CARTESIAN_POINT('',(-18.32708754311,1.187074302479,
    7.180079128853));
#2682 = CARTESIAN_POINT('',(-18.33053176512,1.234445437835,
    7.227755780166));
#2683 = CARTESIAN_POINT('',(-18.33391604525,1.278964983022,
    7.276986986396));
#2684 = CARTESIAN_POINT('',(-18.33720862343,1.32065556372,7.327589021065
    ));
#2685 = CARTESIAN_POINT('',(-18.34981984285,1.475190987492,
    7.533445563406));
#2686 = CARTESIAN_POINT('',(-18.35820872788,1.566101706002,
    7.698172975389));
#2687 = CARTESIAN_POINT('',(-18.36485687556,1.633312315792,
    7.869609745204));
#2688 = CARTESIAN_POINT('',(-18.36939988544,1.677757612647,
    8.045061097652));
#2689 = CARTESIAN_POINT('',(-18.3716740169,1.7,8.22249105329));
#2690 = CARTESIAN_POINT('',(-18.3716740169,1.7,8.577530079308));
#2691 = CARTESIAN_POINT('',(-18.36939934376,1.67775231619,8.754981118211
    ));
#2692 = CARTESIAN_POINT('',(-18.36485525483,1.633296455397,
    8.930452871234));
#2693 = CARTESIAN_POINT('',(-18.35820556337,1.566069719837,
    9.101908624682));
#2694 = CARTESIAN_POINT('',(-18.34981485027,1.475136878927,
    9.266652465731));
#2695 = CARTESIAN_POINT('',(-18.3372017436,1.320568879108,9.472517712994
    ));
#2696 = CARTESIAN_POINT('',(-18.33390906628,1.278874251742,
    9.523116331827));
#2697 = CARTESIAN_POINT('',(-18.33052473296,1.234350738466,
    9.572343937684));
#2698 = CARTESIAN_POINT('',(-18.32708050709,1.186975728519,
    9.620016788825));
#2699 = CARTESIAN_POINT('',(-18.32361271496,1.136734393658,
    9.665933112319));
#2700 = CARTESIAN_POINT('',(-18.31488597661,1.002406422917,
    9.777058874072));
#2701 = CARTESIAN_POINT('',(-18.30963793636,0.91428782153,9.839778770027
    ));
#2702 = CARTESIAN_POINT('',(-18.30458443789,0.819509322632,
    9.896935971245));
#2703 = CARTESIAN_POINT('',(-18.29991575645,0.718472817784,
    9.947483601049));
#2704 = CARTESIAN_POINT('',(-18.29582381705,0.611734230357,
    9.990423848407));
#2705 = CARTESIAN_POINT('',(-18.29247998654,0.5,10.024807680927));
#2706 = PCURVE('',#1954,#2707);
#2707 = DEFINITIONAL_REPRESENTATION('',(#2708),#2756);
#2708 = B_SPLINE_CURVE_WITH_KNOTS('',3,(#2709,#2710,#2711,#2712,#2713,
    #2714,#2715,#2716,#2717,#2718,#2719,#2720,#2721,#2722,#2723,#2724,
    #2725,#2726,#2727,#2728,#2729,#2730,#2731,#2732,#2733,#2734,#2735,
    #2736,#2737,#2738,#2739,#2740,#2741,#2742,#2743,#2744,#2745,#2746,
    #2747,#2748,#2749,#2750,#2751,#2752,#2753,#2754,#2755),
  .UNSPECIFIED.,.F.,.F.,(4,1,1,1,1,1,1,1,1,1,1,1,1,1,1,1,1,1,1,1,1,1,1,1
    ,1,1,1,1,1,1,1,1,1,1,1,1,1,1,1,1,1,1,1,1,4),(0.,4.545455155484E-02,
    9.090910310968E-02,0.136363654665,0.181818206219,0.227272757774,
    0.272727309329,0.318181860884,0.363636412439,0.409090963994,
    0.454545515548,0.500000067103,0.545454618658,0.590909170213,
    0.636363721768,0.681818273323,0.727272824877,0.772727376432,
    0.818181927987,0.863636479542,0.909091031097,0.954545582652,
    1.000000134206,1.045454685761,1.090909237316,1.136363788871,
    1.181818340426,1.227272891981,1.272727443535,1.31818199509,
    1.363636546645,1.4090910982,1.454545649755,1.50000020131,
    1.545454752864,1.590909304419,1.636363855974,1.681818407529,
    1.727272959084,1.772727510639,1.818182062194,1.863636613748,
    1.909091165303,1.954545716858,2.000000268413),
  .QUASI_UNIFORM_KNOTS.);
#2709 = CARTESIAN_POINT('',(-2.991771444368E-02,-7.775192319073));
#2710 = CARTESIAN_POINT('',(-3.21059586992E-02,-7.786440899595));
#2711 = CARTESIAN_POINT('',(-3.640213927931E-02,-7.811231854857));
#2712 = CARTESIAN_POINT('',(-4.258703387827E-02,-7.854780912716));
#2713 = CARTESIAN_POINT('',(-4.849322588327E-02,-7.904179055827));
#2714 = CARTESIAN_POINT('',(-5.410444742679E-02,-7.958894481564));
#2715 = CARTESIAN_POINT('',(-5.940681239906E-02,-8.018387536785));
#2716 = CARTESIAN_POINT('',(-6.438773636859E-02,-8.082092403394));
#2717 = CARTESIAN_POINT('',(-6.904109282128E-02,-8.149479797916));
#2718 = CARTESIAN_POINT('',(-7.337478331925E-02,-8.220237231786));
#2719 = CARTESIAN_POINT('',(-7.738844528264E-02,-8.293963649559));
#2720 = CARTESIAN_POINT('',(-8.108465427842E-02,-8.370312646374));
#2721 = CARTESIAN_POINT('',(-8.446607806598E-02,-8.448955892489));
#2722 = CARTESIAN_POINT('',(-8.753708137769E-02,-8.529621729461));
#2723 = CARTESIAN_POINT('',(-9.030163594282E-02,-8.612056135093));
#2724 = CARTESIAN_POINT('',(-9.276359199227E-02,-8.696025499641));
#2725 = CARTESIAN_POINT('',(-9.492655010877E-02,-8.781313629603));
#2726 = CARTESIAN_POINT('',(-9.679383808372E-02,-8.867720285393));
#2727 = CARTESIAN_POINT('',(-9.836845990277E-02,-8.955059323092));
#2728 = CARTESIAN_POINT('',(-9.965305253822E-02,-9.043157026968));
#2729 = CARTESIAN_POINT('',(-0.100649841034,-9.131850215789));
#2730 = CARTESIAN_POINT('',(-0.101360594529,-9.220985204156));
#2731 = CARTESIAN_POINT('',(-0.101786582375,-9.310413710899));
#2732 = CARTESIAN_POINT('',(-0.101928531264,-9.400000265153));
#2733 = CARTESIAN_POINT('',(-0.101786580698,-9.489586815622));
#2734 = CARTESIAN_POINT('',(-0.10136059122,-9.579015314334));
#2735 = CARTESIAN_POINT('',(-0.100649836145,-9.668150292556));
#2736 = CARTESIAN_POINT('',(-9.965304611131E-02,-9.756843470794));
#2737 = CARTESIAN_POINT('',(-9.83684519542E-02,-9.844941164686));
#2738 = CARTESIAN_POINT('',(-9.679382860181E-02,-9.932280193472));
#2739 = CARTESIAN_POINT('',(-9.492653905939E-02,-10.01868684133));
#2740 = CARTESIAN_POINT('',(-9.276357933663E-02,-10.10397496367));
#2741 = CARTESIAN_POINT('',(-9.030162165759E-02,-10.18794431982));
#2742 = CARTESIAN_POINT('',(-8.753706551485E-02,-10.27037871409));
#2743 = CARTESIAN_POINT('',(-8.446606071396E-02,-10.35104453614));
#2744 = CARTESIAN_POINT('',(-8.108463594242E-02,-10.42968775461));
#2745 = CARTESIAN_POINT('',(-7.738842594212E-02,-10.50603672741));
#2746 = CARTESIAN_POINT('',(-7.337476188399E-02,-10.57976313949));
#2747 = CARTESIAN_POINT('',(-6.904106969254E-02,-10.65052055917));
#2748 = CARTESIAN_POINT('',(-6.43877114993E-02,-10.71790793073));
#2749 = CARTESIAN_POINT('',(-5.940680024314E-02,-10.78161260348));
#2750 = CARTESIAN_POINT('',(-5.410443789261E-02,-10.84110561797));
#2751 = CARTESIAN_POINT('',(-4.849321764457E-02,-10.89582101807));
#2752 = CARTESIAN_POINT('',(-4.258702575009E-02,-10.94521914971));
#2753 = CARTESIAN_POINT('',(-3.64021327812E-02,-10.9887681848));
#2754 = CARTESIAN_POINT('',(-3.210595583899E-02,-11.01355911606));
#2755 = CARTESIAN_POINT('',(-2.991771444368E-02,-11.02480768092));
#2756 = ( GEOMETRIC_REPRESENTATION_CONTEXT(2) 
PARAMETRIC_REPRESENTATION_CONTEXT() REPRESENTATION_CONTEXT('2D SPACE',''
  ) );
#2757 = PCURVE('',#2552,#2758);
#2758 = DEFINITIONAL_REPRESENTATION('',(#2759),#2807);
#2759 = B_SPLINE_CURVE_WITH_KNOTS('',3,(#2760,#2761,#2762,#2763,#2764,
    #2765,#2766,#2767,#2768,#2769,#2770,#2771,#2772,#2773,#2774,#2775,
    #2776,#2777,#2778,#2779,#2780,#2781,#2782,#2783,#2784,#2785,#2786,
    #2787,#2788,#2789,#2790,#2791,#2792,#2793,#2794,#2795,#2796,#2797,
    #2798,#2799,#2800,#2801,#2802,#2803,#2804,#2805,#2806),
  .UNSPECIFIED.,.F.,.F.,(4,1,1,1,1,1,1,1,1,1,1,1,1,1,1,1,1,1,1,1,1,1,1,1
    ,1,1,1,1,1,1,1,1,1,1,1,1,1,1,1,1,1,1,1,1,4),(0.,4.545455155484E-02,
    9.090910310968E-02,0.136363654665,0.181818206219,0.227272757774,
    0.272727309329,0.318181860884,0.363636412439,0.409090963994,
    0.454545515548,0.500000067103,0.545454618658,0.590909170213,
    0.636363721768,0.681818273323,0.727272824877,0.772727376432,
    0.818181927987,0.863636479542,0.909091031097,0.954545582652,
    1.000000134206,1.045454685761,1.090909237316,1.136363788871,
    1.181818340426,1.227272891981,1.272727443535,1.31818199509,
    1.363636546645,1.4090910982,1.454545649755,1.50000020131,
    1.545454752864,1.590909304419,1.636363855974,1.681818407529,
    1.727272959084,1.772727510639,1.818182062194,1.863636613748,
    1.909091165303,1.954545716858,2.000000268413),
  .QUASI_UNIFORM_KNOTS.);
#2760 = CARTESIAN_POINT('',(-5.01092118157,-16.70752001345));
#2761 = CARTESIAN_POINT('',(-5.033419673473,-16.70642624028));
#2762 = CARTESIAN_POINT('',(-5.078064100222,-16.70403747424));
#2763 = CARTESIAN_POINT('',(-5.143970803294,-16.69994649714));
#2764 = CARTESIAN_POINT('',(-5.208819191474,-16.69544273559));
#2765 = CARTESIAN_POINT('',(-5.272597278792,-16.69062398916));
#2766 = CARTESIAN_POINT('',(-5.335287969763,-16.68558713774));
#2767 = CARTESIAN_POINT('',(-5.396850518497,-16.6804280629));
#2768 = CARTESIAN_POINT('',(-5.457282452615,-16.67523440005));
#2769 = CARTESIAN_POINT('',(-5.516744243827,-16.67007293808));
#2770 = CARTESIAN_POINT('',(-5.575279898731,-16.66501336081));
#2771 = CARTESIAN_POINT('',(-5.632957689499,-16.66011658563));
#2772 = CARTESIAN_POINT('',(-5.689836964189,-16.65543753175));
#2773 = CARTESIAN_POINT('',(-5.745998077235,-16.65102308918));
#2774 = CARTESIAN_POINT('',(-5.801513948984,-16.64691491501));
#2775 = CARTESIAN_POINT('',(-5.856455088261,-16.64314935892));
#2776 = CARTESIAN_POINT('',(-5.910889334197,-16.63975790878));
#2777 = CARTESIAN_POINT('',(-5.964882794561,-16.63676747276));
#2778 = CARTESIAN_POINT('',(-6.018500302997,-16.63420067779));
#2779 = CARTESIAN_POINT('',(-6.071805921041,-16.63207613617));
#2780 = CARTESIAN_POINT('',(-6.124863227336,-16.63040869322));
#2781 = CARTESIAN_POINT('',(-6.177736067656,-16.62920965247));
#2782 = CARTESIAN_POINT('',(-6.230487493897,-16.62848697977));
#2783 = CARTESIAN_POINT('',(-6.283185463079,-16.62824548403));
#2784 = CARTESIAN_POINT('',(-6.33588343047,-16.62848698263));
#2785 = CARTESIAN_POINT('',(-6.388634853268,-16.62920965809));
#2786 = CARTESIAN_POINT('',(-6.441507689709,-16.63040870145));
#2787 = CARTESIAN_POINT('',(-6.494564992654,-16.63207614686));
#2788 = CARTESIAN_POINT('',(-6.547870608503,-16.63420069084));
#2789 = CARTESIAN_POINT('',(-6.601488116231,-16.63676748808));
#2790 = CARTESIAN_POINT('',(-6.655481577402,-16.63975792631));
#2791 = CARTESIAN_POINT('',(-6.709915825327,-16.64314937855));
#2792 = CARTESIAN_POINT('',(-6.764856967177,-16.64691493658));
#2793 = CARTESIAN_POINT('',(-6.82037284064,-16.65102311238));
#2794 = CARTESIAN_POINT('',(-6.8765339541,-16.65543755621));
#2795 = CARTESIAN_POINT('',(-6.933413221227,-16.66011661048));
#2796 = CARTESIAN_POINT('',(-6.991091007209,-16.66501338583));
#2797 = CARTESIAN_POINT('',(-7.04962667349,-16.67007296438));
#2798 = CARTESIAN_POINT('',(-7.109088470693,-16.67523442682));
#2799 = CARTESIAN_POINT('',(-7.169520409018,-16.68042808947));
#2800 = CARTESIAN_POINT('',(-7.231082789519,-16.68558714957));
#2801 = CARTESIAN_POINT('',(-7.293773445946,-16.69062399773));
#2802 = CARTESIAN_POINT('',(-7.35755151466,-16.69544274221));
#2803 = CARTESIAN_POINT('',(-7.422399898883,-16.69994650295));
#2804 = CARTESIAN_POINT('',(-7.488306582078,-16.70403747807));
#2805 = CARTESIAN_POINT('',(-7.532950970426,-16.70642624181));
#2806 = CARTESIAN_POINT('',(-7.55544943279,-16.70752001345));
#2807 = ( GEOMETRIC_REPRESENTATION_CONTEXT(2) 
PARAMETRIC_REPRESENTATION_CONTEXT() REPRESENTATION_CONTEXT('2D SPACE',''
  ) );
#2808 = ORIENTED_EDGE('',*,*,#2809,.F.);
#2809 = EDGE_CURVE('',#2810,#2670,#2812,.T.);
#2810 = VERTEX_POINT('',#2811);
#2811 = CARTESIAN_POINT('',(-18.29247998654,0.5,15.175192319073));
#2812 = SURFACE_CURVE('',#2813,(#2817,#2824),.PCURVE_S1.);
#2813 = LINE('',#2814,#2815);
#2814 = CARTESIAN_POINT('',(-18.29247998654,0.5,-1.));
#2815 = VECTOR('',#2816,1.);
#2816 = DIRECTION('',(-0.,-0.,-1.));
#2817 = PCURVE('',#1954,#2818);
#2818 = DEFINITIONAL_REPRESENTATION('',(#2819),#2823);
#2819 = LINE('',#2820,#2821);
#2820 = CARTESIAN_POINT('',(-2.991771444368E-02,0.));
#2821 = VECTOR('',#2822,1.);
#2822 = DIRECTION('',(-0.,1.));
#2823 = ( GEOMETRIC_REPRESENTATION_CONTEXT(2) 
PARAMETRIC_REPRESENTATION_CONTEXT() REPRESENTATION_CONTEXT('2D SPACE',''
  ) );
#2824 = PCURVE('',#2519,#2825);
#2825 = DEFINITIONAL_REPRESENTATION('',(#2826),#2830);
#2826 = LINE('',#2827,#2828);
#2827 = CARTESIAN_POINT('',(0.,51.707520013455));
#2828 = VECTOR('',#2829,1.);
#2829 = DIRECTION('',(-1.,0.));
#2830 = ( GEOMETRIC_REPRESENTATION_CONTEXT(2) 
PARAMETRIC_REPRESENTATION_CONTEXT() REPRESENTATION_CONTEXT('2D SPACE',''
  ) );
#2831 = ORIENTED_EDGE('',*,*,#2832,.T.);
#2832 = EDGE_CURVE('',#2810,#2833,#2835,.T.);
#2833 = VERTEX_POINT('',#2834);
#2834 = CARTESIAN_POINT('',(-18.29247998654,0.5,18.424807680927));
#2835 = SURFACE_CURVE('',#2836,(#2869,#2920),.PCURVE_S1.);
#2836 = B_SPLINE_CURVE_WITH_KNOTS('',6,(#2837,#2838,#2839,#2840,#2841,
    #2842,#2843,#2844,#2845,#2846,#2847,#2848,#2849,#2850,#2851,#2852,
    #2853,#2854,#2855,#2856,#2857,#2858,#2859,#2860,#2861,#2862,#2863,
    #2864,#2865,#2866,#2867,#2868),.UNSPECIFIED.,.F.,.F.,(7,5,5,5,5,5,7)
  ,(0.,0.277918889366,0.459640351325,1.,1.54042397897,1.72214157782,
    2.000000268382),.UNSPECIFIED.);
#2837 = CARTESIAN_POINT('',(-18.29247998654,0.5,15.175192319073));
#2838 = CARTESIAN_POINT('',(-18.29582454589,0.611758584636,
    15.209583646104));
#2839 = CARTESIAN_POINT('',(-18.29991753683,0.718519228469,
    15.252535081382));
#2840 = CARTESIAN_POINT('',(-18.30458747892,0.819575116184,
    15.30309695861));
#2841 = CARTESIAN_POINT('',(-18.30964232155,0.914370070432,
    15.360270831916));
#2842 = CARTESIAN_POINT('',(-18.31489167233,1.002502066424,
    15.423009187538));
#2843 = CARTESIAN_POINT('',(-18.32361970249,1.136836729979,
    15.53415879237));
#2844 = CARTESIAN_POINT('',(-18.32708754311,1.187074302479,
    15.580079128853));
#2845 = CARTESIAN_POINT('',(-18.33053176512,1.234445437835,
    15.627755780166));
#2846 = CARTESIAN_POINT('',(-18.33391604525,1.278964983022,
    15.676986986396));
#2847 = CARTESIAN_POINT('',(-18.33720862343,1.32065556372,
    15.727589021065));
#2848 = CARTESIAN_POINT('',(-18.34981984285,1.475190987492,
    15.933445563406));
#2849 = CARTESIAN_POINT('',(-18.35820872788,1.566101706003,
    16.098172975389));
#2850 = CARTESIAN_POINT('',(-18.36485687556,1.633312315792,
    16.269609745205));
#2851 = CARTESIAN_POINT('',(-18.36939988544,1.677757612647,
    16.445061097652));
#2852 = CARTESIAN_POINT('',(-18.3716740169,1.7,16.62249105329));
#2853 = CARTESIAN_POINT('',(-18.3716740169,1.7,16.977530079308));
#2854 = CARTESIAN_POINT('',(-18.36939934376,1.67775231619,
    17.154981118211));
#2855 = CARTESIAN_POINT('',(-18.36485525483,1.633296455397,
    17.330452871234));
#2856 = CARTESIAN_POINT('',(-18.35820556337,1.566069719837,
    17.501908624682));
#2857 = CARTESIAN_POINT('',(-18.34981485027,1.475136878927,
    17.666652465731));
#2858 = CARTESIAN_POINT('',(-18.3372017436,1.320568879108,
    17.872517712994));
#2859 = CARTESIAN_POINT('',(-18.33390906628,1.278874251742,
    17.923116331827));
#2860 = CARTESIAN_POINT('',(-18.33052473296,1.234350738466,
    17.972343937684));
#2861 = CARTESIAN_POINT('',(-18.32708050709,1.186975728519,
    18.020016788825));
#2862 = CARTESIAN_POINT('',(-18.32361271496,1.136734393658,
    18.065933112319));
#2863 = CARTESIAN_POINT('',(-18.31488597661,1.002406422926,
    18.177058874065));
#2864 = CARTESIAN_POINT('',(-18.30963793636,0.914287821529,
    18.23977877003));
#2865 = CARTESIAN_POINT('',(-18.30458443789,0.819509322621,
    18.296935971251));
#2866 = CARTESIAN_POINT('',(-18.29991575645,0.718472817779,
    18.347483601048));
#2867 = CARTESIAN_POINT('',(-18.29582381705,0.611734230369,
    18.390423848403));
#2868 = CARTESIAN_POINT('',(-18.29247998654,0.5,18.424807680927));
#2869 = PCURVE('',#1954,#2870);
#2870 = DEFINITIONAL_REPRESENTATION('',(#2871),#2919);
#2871 = B_SPLINE_CURVE_WITH_KNOTS('',3,(#2872,#2873,#2874,#2875,#2876,
    #2877,#2878,#2879,#2880,#2881,#2882,#2883,#2884,#2885,#2886,#2887,
    #2888,#2889,#2890,#2891,#2892,#2893,#2894,#2895,#2896,#2897,#2898,
    #2899,#2900,#2901,#2902,#2903,#2904,#2905,#2906,#2907,#2908,#2909,
    #2910,#2911,#2912,#2913,#2914,#2915,#2916,#2917,#2918),
  .UNSPECIFIED.,.F.,.F.,(4,1,1,1,1,1,1,1,1,1,1,1,1,1,1,1,1,1,1,1,1,1,1,1
    ,1,1,1,1,1,1,1,1,1,1,1,1,1,1,1,1,1,1,1,1,4),(0.,4.545455155414E-02,
    9.090910310828E-02,0.136363654662,0.181818206217,0.227272757771,
    0.272727309325,0.318181860879,0.363636412433,0.409090963987,
    0.454545515541,0.500000067096,0.54545461865,0.590909170204,
    0.636363721758,0.681818273312,0.727272824866,0.77272737642,
    0.818181927975,0.863636479529,0.909091031083,0.954545582637,
    1.000000134191,1.045454685745,1.090909237299,1.136363788854,
    1.181818340408,1.227272891962,1.272727443516,1.31818199507,
    1.363636546624,1.409091098178,1.454545649733,1.500000201287,
    1.545454752841,1.590909304395,1.636363855949,1.681818407503,
    1.727272959057,1.772727510612,1.818182062166,1.86363661372,
    1.909091165274,1.954545716828,2.000000268382),
  .QUASI_UNIFORM_KNOTS.);
#2872 = CARTESIAN_POINT('',(-2.991771444368E-02,-16.17519231907));
#2873 = CARTESIAN_POINT('',(-3.210595869917E-02,-16.18644089959));
#2874 = CARTESIAN_POINT('',(-3.640213927922E-02,-16.21123185485));
#2875 = CARTESIAN_POINT('',(-4.258703387808E-02,-16.25478091271));
#2876 = CARTESIAN_POINT('',(-4.849322588301E-02,-16.30417905582));
#2877 = CARTESIAN_POINT('',(-5.410444742646E-02,-16.35889448156));
#2878 = CARTESIAN_POINT('',(-5.940681239866E-02,-16.41838753678));
#2879 = CARTESIAN_POINT('',(-6.438773636814E-02,-16.48209240338));
#2880 = CARTESIAN_POINT('',(-6.904109282079E-02,-16.5494797979));
#2881 = CARTESIAN_POINT('',(-7.337478331873E-02,-16.62023723177));
#2882 = CARTESIAN_POINT('',(-7.73884452821E-02,-16.69396364954));
#2883 = CARTESIAN_POINT('',(-8.108465427787E-02,-16.77031264636));
#2884 = CARTESIAN_POINT('',(-8.446607806543E-02,-16.84895589247));
#2885 = CARTESIAN_POINT('',(-8.753708137715E-02,-16.92962172944));
#2886 = CARTESIAN_POINT('',(-9.030163594229E-02,-17.01205613507));
#2887 = CARTESIAN_POINT('',(-9.276359199177E-02,-17.09602549962));
#2888 = CARTESIAN_POINT('',(-9.49265501083E-02,-17.18131362958));
#2889 = CARTESIAN_POINT('',(-9.67938380833E-02,-17.26772028537));
#2890 = CARTESIAN_POINT('',(-9.83684599024E-02,-17.35505932306));
#2891 = CARTESIAN_POINT('',(-9.965305253791E-02,-17.44315702694));
#2892 = CARTESIAN_POINT('',(-0.100649841034,-17.53185021576));
#2893 = CARTESIAN_POINT('',(-0.101360594529,-17.62098520412));
#2894 = CARTESIAN_POINT('',(-0.101786582375,-17.71041371087));
#2895 = CARTESIAN_POINT('',(-0.101928531264,-17.80000026512));
#2896 = CARTESIAN_POINT('',(-0.101786580698,-17.88958681559));
#2897 = CARTESIAN_POINT('',(-0.10136059122,-17.9790153143));
#2898 = CARTESIAN_POINT('',(-0.100649836146,-18.06815029252));
#2899 = CARTESIAN_POINT('',(-9.965304611176E-02,-18.15684347075));
#2900 = CARTESIAN_POINT('',(-9.836845195479E-02,-18.24494116465));
#2901 = CARTESIAN_POINT('',(-9.679382860255E-02,-18.33228019343));
#2902 = CARTESIAN_POINT('',(-9.492653906028E-02,-18.41868684129));
#2903 = CARTESIAN_POINT('',(-9.276357933769E-02,-18.50397496363));
#2904 = CARTESIAN_POINT('',(-9.030162165882E-02,-18.58794431978));
#2905 = CARTESIAN_POINT('',(-8.753706551627E-02,-18.67037871405));
#2906 = CARTESIAN_POINT('',(-8.446606071558E-02,-18.7510445361));
#2907 = CARTESIAN_POINT('',(-8.108463594426E-02,-18.82968775457));
#2908 = CARTESIAN_POINT('',(-7.738842594418E-02,-18.90603672737));
#2909 = CARTESIAN_POINT('',(-7.337476188629E-02,-18.97976313945));
#2910 = CARTESIAN_POINT('',(-6.904106969506E-02,-19.05052055913));
#2911 = CARTESIAN_POINT('',(-6.438771150219E-02,-19.11790793069));
#2912 = CARTESIAN_POINT('',(-5.94068002458E-02,-19.18161260345));
#2913 = CARTESIAN_POINT('',(-5.410443789461E-02,-19.24110561795));
#2914 = CARTESIAN_POINT('',(-4.849321764601E-02,-19.29582101806));
#2915 = CARTESIAN_POINT('',(-4.25870257512E-02,-19.34521914971));
#2916 = CARTESIAN_POINT('',(-3.640213278209E-02,-19.3887681848));
#2917 = CARTESIAN_POINT('',(-3.21059558394E-02,-19.41355911605));
#2918 = CARTESIAN_POINT('',(-2.991771444368E-02,-19.42480768092));
#2919 = ( GEOMETRIC_REPRESENTATION_CONTEXT(2) 
PARAMETRIC_REPRESENTATION_CONTEXT() REPRESENTATION_CONTEXT('2D SPACE',''
  ) );
#2920 = PCURVE('',#2491,#2921);
#2921 = DEFINITIONAL_REPRESENTATION('',(#2922),#2970);
#2922 = B_SPLINE_CURVE_WITH_KNOTS('',3,(#2923,#2924,#2925,#2926,#2927,
    #2928,#2929,#2930,#2931,#2932,#2933,#2934,#2935,#2936,#2937,#2938,
    #2939,#2940,#2941,#2942,#2943,#2944,#2945,#2946,#2947,#2948,#2949,
    #2950,#2951,#2952,#2953,#2954,#2955,#2956,#2957,#2958,#2959,#2960,
    #2961,#2962,#2963,#2964,#2965,#2966,#2967,#2968,#2969),
  .UNSPECIFIED.,.F.,.F.,(4,1,1,1,1,1,1,1,1,1,1,1,1,1,1,1,1,1,1,1,1,1,1,1
    ,1,1,1,1,1,1,1,1,1,1,1,1,1,1,1,1,1,1,1,1,4),(0.,4.545455155414E-02,
    9.090910310828E-02,0.136363654662,0.181818206217,0.227272757771,
    0.272727309325,0.318181860879,0.363636412433,0.409090963987,
    0.454545515541,0.500000067096,0.54545461865,0.590909170204,
    0.636363721758,0.681818273312,0.727272824866,0.77272737642,
    0.818181927975,0.863636479529,0.909091031083,0.954545582637,
    1.000000134191,1.045454685745,1.090909237299,1.136363788854,
    1.181818340408,1.227272891962,1.272727443516,1.31818199507,
    1.363636546624,1.409091098178,1.454545649733,1.500000201287,
    1.545454752841,1.590909304395,1.636363855949,1.681818407503,
    1.727272959057,1.772727510612,1.818182062166,1.86363661372,
    1.909091165274,1.954545716828,2.000000268382),
  .QUASI_UNIFORM_KNOTS.);
#2923 = CARTESIAN_POINT('',(-5.01092118157,-16.70752001345));
#2924 = CARTESIAN_POINT('',(-5.033419673473,-16.70642624028));
#2925 = CARTESIAN_POINT('',(-5.078064100221,-16.70403747424));
#2926 = CARTESIAN_POINT('',(-5.143970803292,-16.69994649714));
#2927 = CARTESIAN_POINT('',(-5.208819191471,-16.69544273559));
#2928 = CARTESIAN_POINT('',(-5.272597278789,-16.69062398916));
#2929 = CARTESIAN_POINT('',(-5.335287969758,-16.68558713774));
#2930 = CARTESIAN_POINT('',(-5.396850518491,-16.6804280629));
#2931 = CARTESIAN_POINT('',(-5.457282452608,-16.67523440005));
#2932 = CARTESIAN_POINT('',(-5.51674424382,-16.67007293808));
#2933 = CARTESIAN_POINT('',(-5.575279898723,-16.66501336081));
#2934 = CARTESIAN_POINT('',(-5.63295768949,-16.66011658563));
#2935 = CARTESIAN_POINT('',(-5.689836964179,-16.65543753175));
#2936 = CARTESIAN_POINT('',(-5.745998077224,-16.65102308918));
#2937 = CARTESIAN_POINT('',(-5.801513948973,-16.64691491501));
#2938 = CARTESIAN_POINT('',(-5.856455088249,-16.64314935892));
#2939 = CARTESIAN_POINT('',(-5.910889334184,-16.63975790878));
#2940 = CARTESIAN_POINT('',(-5.964882794548,-16.63676747276));
#2941 = CARTESIAN_POINT('',(-6.018500302983,-16.63420067779));
#2942 = CARTESIAN_POINT('',(-6.071805921027,-16.63207613617));
#2943 = CARTESIAN_POINT('',(-6.124863227321,-16.63040869322));
#2944 = CARTESIAN_POINT('',(-6.17773606764,-16.62920965247));
#2945 = CARTESIAN_POINT('',(-6.23048749388,-16.62848697977));
#2946 = CARTESIAN_POINT('',(-6.283185463062,-16.62824548403));
#2947 = CARTESIAN_POINT('',(-6.335883430451,-16.62848698263));
#2948 = CARTESIAN_POINT('',(-6.388634853248,-16.62920965809));
#2949 = CARTESIAN_POINT('',(-6.441507689689,-16.63040870145));
#2950 = CARTESIAN_POINT('',(-6.494564992632,-16.63207614686));
#2951 = CARTESIAN_POINT('',(-6.547870608481,-16.63420069084));
#2952 = CARTESIAN_POINT('',(-6.601488116208,-16.63676748808));
#2953 = CARTESIAN_POINT('',(-6.655481577378,-16.63975792631));
#2954 = CARTESIAN_POINT('',(-6.709915825302,-16.64314937855));
#2955 = CARTESIAN_POINT('',(-6.764856967151,-16.64691493657));
#2956 = CARTESIAN_POINT('',(-6.820372840613,-16.65102311238));
#2957 = CARTESIAN_POINT('',(-6.876533954072,-16.65543755621));
#2958 = CARTESIAN_POINT('',(-6.933413221198,-16.66011661048));
#2959 = CARTESIAN_POINT('',(-6.991091007178,-16.66501338583));
#2960 = CARTESIAN_POINT('',(-7.049626673458,-16.67007296438));
#2961 = CARTESIAN_POINT('',(-7.10908847066,-16.67523442682));
#2962 = CARTESIAN_POINT('',(-7.169520408981,-16.68042808947));
#2963 = CARTESIAN_POINT('',(-7.231082789487,-16.68558714956));
#2964 = CARTESIAN_POINT('',(-7.293773445923,-16.69062399773));
#2965 = CARTESIAN_POINT('',(-7.357551514644,-16.69544274221));
#2966 = CARTESIAN_POINT('',(-7.422399898871,-16.69994650295));
#2967 = CARTESIAN_POINT('',(-7.488306582069,-16.70403747807));
#2968 = CARTESIAN_POINT('',(-7.532950970421,-16.70642624181));
#2969 = CARTESIAN_POINT('',(-7.55544943279,-16.70752001345));
#2970 = ( GEOMETRIC_REPRESENTATION_CONTEXT(2) 
PARAMETRIC_REPRESENTATION_CONTEXT() REPRESENTATION_CONTEXT('2D SPACE',''
  ) );
#2971 = ORIENTED_EDGE('',*,*,#2972,.F.);
#2972 = EDGE_CURVE('',#2639,#2833,#2973,.T.);
#2973 = SURFACE_CURVE('',#2974,(#2978,#2985),.PCURVE_S1.);
#2974 = LINE('',#2975,#2976);
#2975 = CARTESIAN_POINT('',(-18.29247998654,0.5,-1.));
#2976 = VECTOR('',#2977,1.);
#2977 = DIRECTION('',(-0.,-0.,-1.));
#2978 = PCURVE('',#1954,#2979);
#2979 = DEFINITIONAL_REPRESENTATION('',(#2980),#2984);
#2980 = LINE('',#2981,#2982);
#2981 = CARTESIAN_POINT('',(-2.991771444368E-02,0.));
#2982 = VECTOR('',#2983,1.);
#2983 = DIRECTION('',(-0.,1.));
#2984 = ( GEOMETRIC_REPRESENTATION_CONTEXT(2) 
PARAMETRIC_REPRESENTATION_CONTEXT() REPRESENTATION_CONTEXT('2D SPACE',''
  ) );
#2985 = PCURVE('',#2458,#2986);
#2986 = DEFINITIONAL_REPRESENTATION('',(#2987),#2991);
#2987 = LINE('',#2988,#2989);
#2988 = CARTESIAN_POINT('',(0.,51.707520013455));
#2989 = VECTOR('',#2990,1.);
#2990 = DIRECTION('',(-1.,0.));
#2991 = ( GEOMETRIC_REPRESENTATION_CONTEXT(2) 
PARAMETRIC_REPRESENTATION_CONTEXT() REPRESENTATION_CONTEXT('2D SPACE',''
  ) );
#2992 = ADVANCED_FACE('',(#2993),#2205,.T.);
#2993 = FACE_BOUND('',#2994,.T.);
#2994 = EDGE_LOOP('',(#2995,#3016,#3017,#3039,#3040));
#2995 = ORIENTED_EDGE('',*,*,#2996,.F.);
#2996 = EDGE_CURVE('',#2420,#2639,#2997,.T.);
#2997 = SURFACE_CURVE('',#2998,(#3002,#3009),.PCURVE_S1.);
#2998 = LINE('',#2999,#3000);
#2999 = CARTESIAN_POINT('',(-52.5,0.5,24.));
#3000 = VECTOR('',#3001,1.);
#3001 = DIRECTION('',(-1.,0.,0.));
#3002 = PCURVE('',#2205,#3003);
#3003 = DEFINITIONAL_REPRESENTATION('',(#3004),#3008);
#3004 = LINE('',#3005,#3006);
#3005 = CARTESIAN_POINT('',(-17.5,0.5));
#3006 = VECTOR('',#3007,1.);
#3007 = DIRECTION('',(-1.,0.));
#3008 = ( GEOMETRIC_REPRESENTATION_CONTEXT(2) 
PARAMETRIC_REPRESENTATION_CONTEXT() REPRESENTATION_CONTEXT('2D SPACE',''
  ) );
#3009 = PCURVE('',#2458,#3010);
#3010 = DEFINITIONAL_REPRESENTATION('',(#3011),#3015);
#3011 = LINE('',#3012,#3013);
#3012 = CARTESIAN_POINT('',(25.,17.5));
#3013 = VECTOR('',#3014,1.);
#3014 = DIRECTION('',(0.,-1.));
#3015 = ( GEOMETRIC_REPRESENTATION_CONTEXT(2) 
PARAMETRIC_REPRESENTATION_CONTEXT() REPRESENTATION_CONTEXT('2D SPACE',''
  ) );
#3016 = ORIENTED_EDGE('',*,*,#2419,.T.);
#3017 = ORIENTED_EDGE('',*,*,#3018,.T.);
#3018 = EDGE_CURVE('',#2397,#2162,#3019,.T.);
#3019 = SURFACE_CURVE('',#3020,(#3025,#3032),.PCURVE_S1.);
#3020 = CIRCLE('',#3021,23.);
#3021 = AXIS2_PLACEMENT_3D('',#3022,#3023,#3024);
#3022 = CARTESIAN_POINT('',(-35.,0.,24.));
#3023 = DIRECTION('',(0.,0.,1.));
#3024 = DIRECTION('',(1.,0.,0.));
#3025 = PCURVE('',#2205,#3026);
#3026 = DEFINITIONAL_REPRESENTATION('',(#3027),#3031);
#3027 = CIRCLE('',#3028,23.);
#3028 = AXIS2_PLACEMENT_2D('',#3029,#3030);
#3029 = CARTESIAN_POINT('',(0.,-1.914892223345E-15));
#3030 = DIRECTION('',(1.,0.));
#3031 = ( GEOMETRIC_REPRESENTATION_CONTEXT(2) 
PARAMETRIC_REPRESENTATION_CONTEXT() REPRESENTATION_CONTEXT('2D SPACE',''
  ) );
#3032 = PCURVE('',#2177,#3033);
#3033 = DEFINITIONAL_REPRESENTATION('',(#3034),#3038);
#3034 = LINE('',#3035,#3036);
#3035 = CARTESIAN_POINT('',(-0.,-24.));
#3036 = VECTOR('',#3037,1.);
#3037 = DIRECTION('',(-1.,0.));
#3038 = ( GEOMETRIC_REPRESENTATION_CONTEXT(2) 
PARAMETRIC_REPRESENTATION_CONTEXT() REPRESENTATION_CONTEXT('2D SPACE',''
  ) );
#3039 = ORIENTED_EDGE('',*,*,#2189,.F.);
#3040 = ORIENTED_EDGE('',*,*,#2638,.T.);
#3041 = ADVANCED_FACE('',(#3042),#2177,.T.);
#3042 = FACE_BOUND('',#3043,.F.);
#3043 = EDGE_LOOP('',(#3044,#3045,#3071,#3072));
#3044 = ORIENTED_EDGE('',*,*,#2161,.T.);
#3045 = ORIENTED_EDGE('',*,*,#3046,.T.);
#3046 = EDGE_CURVE('',#2134,#2374,#3047,.T.);
#3047 = SURFACE_CURVE('',#3048,(#3053,#3060),.PCURVE_S1.);
#3048 = CIRCLE('',#3049,23.);
#3049 = AXIS2_PLACEMENT_3D('',#3050,#3051,#3052);
#3050 = CARTESIAN_POINT('',(-35.,0.,21.));
#3051 = DIRECTION('',(0.,0.,-1.));
#3052 = DIRECTION('',(1.,0.,0.));
#3053 = PCURVE('',#2177,#3054);
#3054 = DEFINITIONAL_REPRESENTATION('',(#3055),#3059);
#3055 = LINE('',#3056,#3057);
#3056 = CARTESIAN_POINT('',(-6.28318530718,-21.));
#3057 = VECTOR('',#3058,1.);
#3058 = DIRECTION('',(1.,-0.));
#3059 = ( GEOMETRIC_REPRESENTATION_CONTEXT(2) 
PARAMETRIC_REPRESENTATION_CONTEXT() REPRESENTATION_CONTEXT('2D SPACE',''
  ) );
#3060 = PCURVE('',#2149,#3061);
#3061 = DEFINITIONAL_REPRESENTATION('',(#3062),#3070);
#3062 = ( BOUNDED_CURVE() B_SPLINE_CURVE(2,(#3063,#3064,#3065,#3066,
#3067,#3068,#3069),.UNSPECIFIED.,.T.,.F.) B_SPLINE_CURVE_WITH_KNOTS((1,2
    ,2,2,2,1),(-2.094395102393,0.,2.094395102393,4.188790204786,
6.28318530718,8.377580409573),.UNSPECIFIED.) CURVE() 
GEOMETRIC_REPRESENTATION_ITEM() RATIONAL_B_SPLINE_CURVE((1.,0.5,1.,0.5,
1.,0.5,1.)) REPRESENTATION_ITEM('') );
#3063 = CARTESIAN_POINT('',(23.,-1.604946055186E-15));
#3064 = CARTESIAN_POINT('',(23.,-39.83716857408));
#3065 = CARTESIAN_POINT('',(-11.5,-19.91858428704));
#3066 = CARTESIAN_POINT('',(-46.,-7.238321331264E-15));
#3067 = CARTESIAN_POINT('',(-11.5,19.918584287042));
#3068 = CARTESIAN_POINT('',(23.,39.837168574084));
#3069 = CARTESIAN_POINT('',(23.,-1.604946055186E-15));
#3070 = ( GEOMETRIC_REPRESENTATION_CONTEXT(2) 
PARAMETRIC_REPRESENTATION_CONTEXT() REPRESENTATION_CONTEXT('2D SPACE',''
  ) );
#3071 = ORIENTED_EDGE('',*,*,#2396,.F.);
#3072 = ORIENTED_EDGE('',*,*,#3018,.T.);
#3073 = ADVANCED_FACE('',(#3074),#2149,.T.);
#3074 = FACE_BOUND('',#3075,.T.);
#3075 = EDGE_LOOP('',(#3076,#3077,#3101,#3124,#3145,#3146));
#3076 = ORIENTED_EDGE('',*,*,#2373,.T.);
#3077 = ORIENTED_EDGE('',*,*,#3078,.T.);
#3078 = EDGE_CURVE('',#2351,#3079,#3081,.T.);
#3079 = VERTEX_POINT('',#3080);
#3080 = CARTESIAN_POINT('',(-59.6779253585,4.,21.));
#3081 = SURFACE_CURVE('',#3082,(#3087,#3094),.PCURVE_S1.);
#3082 = CIRCLE('',#3083,25.);
#3083 = AXIS2_PLACEMENT_3D('',#3084,#3085,#3086);
#3084 = CARTESIAN_POINT('',(-35.,0.,21.));
#3085 = DIRECTION('',(0.,0.,1.));
#3086 = DIRECTION('',(1.,0.,0.));
#3087 = PCURVE('',#2149,#3088);
#3088 = DEFINITIONAL_REPRESENTATION('',(#3089),#3093);
#3089 = CIRCLE('',#3090,25.);
#3090 = AXIS2_PLACEMENT_2D('',#3091,#3092);
#3091 = CARTESIAN_POINT('',(0.,-1.604946055186E-15));
#3092 = DIRECTION('',(1.,0.));
#3093 = ( GEOMETRIC_REPRESENTATION_CONTEXT(2) 
PARAMETRIC_REPRESENTATION_CONTEXT() REPRESENTATION_CONTEXT('2D SPACE',''
  ) );
#3094 = PCURVE('',#2282,#3095);
#3095 = DEFINITIONAL_REPRESENTATION('',(#3096),#3100);
#3096 = LINE('',#3097,#3098);
#3097 = CARTESIAN_POINT('',(-0.,-18.));
#3098 = VECTOR('',#3099,1.);
#3099 = DIRECTION('',(-1.,0.));
#3100 = ( GEOMETRIC_REPRESENTATION_CONTEXT(2) 
PARAMETRIC_REPRESENTATION_CONTEXT() REPRESENTATION_CONTEXT('2D SPACE',''
  ) );
#3101 = ORIENTED_EDGE('',*,*,#3102,.F.);
#3102 = EDGE_CURVE('',#3103,#3079,#3105,.T.);
#3103 = VERTEX_POINT('',#3104);
#3104 = CARTESIAN_POINT('',(-59.,4.,21.));
#3105 = SURFACE_CURVE('',#3106,(#3110,#3117),.PCURVE_S1.);
#3106 = LINE('',#3107,#3108);
#3107 = CARTESIAN_POINT('',(-51.5,4.,21.));
#3108 = VECTOR('',#3109,1.);
#3109 = DIRECTION('',(-1.,0.,0.));
#3110 = PCURVE('',#2149,#3111);
#3111 = DEFINITIONAL_REPRESENTATION('',(#3112),#3116);
#3112 = LINE('',#3113,#3114);
#3113 = CARTESIAN_POINT('',(-16.5,4.));
#3114 = VECTOR('',#3115,1.);
#3115 = DIRECTION('',(-1.,0.));
#3116 = ( GEOMETRIC_REPRESENTATION_CONTEXT(2) 
PARAMETRIC_REPRESENTATION_CONTEXT() REPRESENTATION_CONTEXT('2D SPACE',''
  ) );
#3117 = PCURVE('',#2310,#3118);
#3118 = DEFINITIONAL_REPRESENTATION('',(#3119),#3123);
#3119 = LINE('',#3120,#3121);
#3120 = CARTESIAN_POINT('',(21.,16.5));
#3121 = VECTOR('',#3122,1.);
#3122 = DIRECTION('',(0.,-1.));
#3123 = ( GEOMETRIC_REPRESENTATION_CONTEXT(2) 
PARAMETRIC_REPRESENTATION_CONTEXT() REPRESENTATION_CONTEXT('2D SPACE',''
  ) );
#3124 = ORIENTED_EDGE('',*,*,#3125,.F.);
#3125 = EDGE_CURVE('',#2106,#3103,#3126,.T.);
#3126 = SURFACE_CURVE('',#3127,(#3131,#3138),.PCURVE_S1.);
#3127 = LINE('',#3128,#3129);
#3128 = CARTESIAN_POINT('',(-59.,-2.,21.));
#3129 = VECTOR('',#3130,1.);
#3130 = DIRECTION('',(0.,1.,0.));
#3131 = PCURVE('',#2149,#3132);
#3132 = DEFINITIONAL_REPRESENTATION('',(#3133),#3137);
#3133 = LINE('',#3134,#3135);
#3134 = CARTESIAN_POINT('',(-24.,-2.));
#3135 = VECTOR('',#3136,1.);
#3136 = DIRECTION('',(0.,1.));
#3137 = ( GEOMETRIC_REPRESENTATION_CONTEXT(2) 
PARAMETRIC_REPRESENTATION_CONTEXT() REPRESENTATION_CONTEXT('2D SPACE',''
  ) );
#3138 = PCURVE('',#2121,#3139);
#3139 = DEFINITIONAL_REPRESENTATION('',(#3140),#3144);
#3140 = LINE('',#3141,#3142);
#3141 = CARTESIAN_POINT('',(21.,-2.));
#3142 = VECTOR('',#3143,1.);
#3143 = DIRECTION('',(0.,-1.));
#3144 = ( GEOMETRIC_REPRESENTATION_CONTEXT(2) 
PARAMETRIC_REPRESENTATION_CONTEXT() REPRESENTATION_CONTEXT('2D SPACE',''
  ) );
#3145 = ORIENTED_EDGE('',*,*,#2133,.F.);
#3146 = ORIENTED_EDGE('',*,*,#3046,.T.);
#3147 = ADVANCED_FACE('',(#3148),#2121,.T.);
#3148 = FACE_BOUND('',#3149,.T.);
#3149 = EDGE_LOOP('',(#3150,#3151,#3152,#3175));
#3150 = ORIENTED_EDGE('',*,*,#2105,.F.);
#3151 = ORIENTED_EDGE('',*,*,#3125,.T.);
#3152 = ORIENTED_EDGE('',*,*,#3153,.T.);
#3153 = EDGE_CURVE('',#3103,#3154,#3156,.T.);
#3154 = VERTEX_POINT('',#3155);
#3155 = CARTESIAN_POINT('',(-59.,4.,24.));
#3156 = SURFACE_CURVE('',#3157,(#3161,#3168),.PCURVE_S1.);
#3157 = LINE('',#3158,#3159);
#3158 = CARTESIAN_POINT('',(-59.,4.,0.));
#3159 = VECTOR('',#3160,1.);
#3160 = DIRECTION('',(0.,0.,1.));
#3161 = PCURVE('',#2121,#3162);
#3162 = DEFINITIONAL_REPRESENTATION('',(#3163),#3167);
#3163 = LINE('',#3164,#3165);
#3164 = CARTESIAN_POINT('',(0.,-8.));
#3165 = VECTOR('',#3166,1.);
#3166 = DIRECTION('',(1.,0.));
#3167 = ( GEOMETRIC_REPRESENTATION_CONTEXT(2) 
PARAMETRIC_REPRESENTATION_CONTEXT() REPRESENTATION_CONTEXT('2D SPACE',''
  ) );
#3168 = PCURVE('',#2310,#3169);
#3169 = DEFINITIONAL_REPRESENTATION('',(#3170),#3174);
#3170 = LINE('',#3171,#3172);
#3171 = CARTESIAN_POINT('',(0.,9.));
#3172 = VECTOR('',#3173,1.);
#3173 = DIRECTION('',(1.,0.));
#3174 = ( GEOMETRIC_REPRESENTATION_CONTEXT(2) 
PARAMETRIC_REPRESENTATION_CONTEXT() REPRESENTATION_CONTEXT('2D SPACE',''
  ) );
#3175 = ORIENTED_EDGE('',*,*,#3176,.F.);
#3176 = EDGE_CURVE('',#2078,#3154,#3177,.T.);
#3177 = SURFACE_CURVE('',#3178,(#3182,#3189),.PCURVE_S1.);
#3178 = LINE('',#3179,#3180);
#3179 = CARTESIAN_POINT('',(-59.,-4.,24.));
#3180 = VECTOR('',#3181,1.);
#3181 = DIRECTION('',(0.,1.,0.));
#3182 = PCURVE('',#2121,#3183);
#3183 = DEFINITIONAL_REPRESENTATION('',(#3184),#3188);
#3184 = LINE('',#3185,#3186);
#3185 = CARTESIAN_POINT('',(24.,0.));
#3186 = VECTOR('',#3187,1.);
#3187 = DIRECTION('',(0.,-1.));
#3188 = ( GEOMETRIC_REPRESENTATION_CONTEXT(2) 
PARAMETRIC_REPRESENTATION_CONTEXT() REPRESENTATION_CONTEXT('2D SPACE',''
  ) );
#3189 = PCURVE('',#2093,#3190);
#3190 = DEFINITIONAL_REPRESENTATION('',(#3191),#3195);
#3191 = LINE('',#3192,#3193);
#3192 = CARTESIAN_POINT('',(9.,0.));
#3193 = VECTOR('',#3194,1.);
#3194 = DIRECTION('',(0.,1.));
#3195 = ( GEOMETRIC_REPRESENTATION_CONTEXT(2) 
PARAMETRIC_REPRESENTATION_CONTEXT() REPRESENTATION_CONTEXT('2D SPACE',''
  ) );
#3196 = ADVANCED_FACE('',(#3197),#2093,.T.);
#3197 = FACE_BOUND('',#3198,.T.);
#3198 = EDGE_LOOP('',(#3199,#3222,#3223,#3224));
#3199 = ORIENTED_EDGE('',*,*,#3200,.F.);
#3200 = EDGE_CURVE('',#2050,#3201,#3203,.T.);
#3201 = VERTEX_POINT('',#3202);
#3202 = CARTESIAN_POINT('',(-68.,4.,24.));
#3203 = SURFACE_CURVE('',#3204,(#3208,#3215),.PCURVE_S1.);
#3204 = LINE('',#3205,#3206);
#3205 = CARTESIAN_POINT('',(-68.,-4.,24.));
#3206 = VECTOR('',#3207,1.);
#3207 = DIRECTION('',(0.,1.,0.));
#3208 = PCURVE('',#2093,#3209);
#3209 = DEFINITIONAL_REPRESENTATION('',(#3210),#3214);
#3210 = LINE('',#3211,#3212);
#3211 = CARTESIAN_POINT('',(0.,0.));
#3212 = VECTOR('',#3213,1.);
#3213 = DIRECTION('',(0.,1.));
#3214 = ( GEOMETRIC_REPRESENTATION_CONTEXT(2) 
PARAMETRIC_REPRESENTATION_CONTEXT() REPRESENTATION_CONTEXT('2D SPACE',''
  ) );
#3215 = PCURVE('',#2065,#3216);
#3216 = DEFINITIONAL_REPRESENTATION('',(#3217),#3221);
#3217 = LINE('',#3218,#3219);
#3218 = CARTESIAN_POINT('',(24.,0.));
#3219 = VECTOR('',#3220,1.);
#3220 = DIRECTION('',(0.,-1.));
#3221 = ( GEOMETRIC_REPRESENTATION_CONTEXT(2) 
PARAMETRIC_REPRESENTATION_CONTEXT() REPRESENTATION_CONTEXT('2D SPACE',''
  ) );
#3222 = ORIENTED_EDGE('',*,*,#2077,.F.);
#3223 = ORIENTED_EDGE('',*,*,#3176,.T.);
#3224 = ORIENTED_EDGE('',*,*,#3225,.F.);
#3225 = EDGE_CURVE('',#3201,#3154,#3226,.T.);
#3226 = SURFACE_CURVE('',#3227,(#3231,#3238),.PCURVE_S1.);
#3227 = LINE('',#3228,#3229);
#3228 = CARTESIAN_POINT('',(-68.,4.,24.));
#3229 = VECTOR('',#3230,1.);
#3230 = DIRECTION('',(1.,0.,0.));
#3231 = PCURVE('',#2093,#3232);
#3232 = DEFINITIONAL_REPRESENTATION('',(#3233),#3237);
#3233 = LINE('',#3234,#3235);
#3234 = CARTESIAN_POINT('',(0.,8.));
#3235 = VECTOR('',#3236,1.);
#3236 = DIRECTION('',(1.,0.));
#3237 = ( GEOMETRIC_REPRESENTATION_CONTEXT(2) 
PARAMETRIC_REPRESENTATION_CONTEXT() REPRESENTATION_CONTEXT('2D SPACE',''
  ) );
#3238 = PCURVE('',#2310,#3239);
#3239 = DEFINITIONAL_REPRESENTATION('',(#3240),#3244);
#3240 = LINE('',#3241,#3242);
#3241 = CARTESIAN_POINT('',(24.,0.));
#3242 = VECTOR('',#3243,1.);
#3243 = DIRECTION('',(0.,1.));
#3244 = ( GEOMETRIC_REPRESENTATION_CONTEXT(2) 
PARAMETRIC_REPRESENTATION_CONTEXT() REPRESENTATION_CONTEXT('2D SPACE',''
  ) );
#3245 = ADVANCED_FACE('',(#3246),#2065,.F.);
#3246 = FACE_BOUND('',#3247,.F.);
#3247 = EDGE_LOOP('',(#3248,#3249,#3250,#3273));
#3248 = ORIENTED_EDGE('',*,*,#3200,.F.);
#3249 = ORIENTED_EDGE('',*,*,#2049,.F.);
#3250 = ORIENTED_EDGE('',*,*,#3251,.T.);
#3251 = EDGE_CURVE('',#2022,#3252,#3254,.T.);
#3252 = VERTEX_POINT('',#3253);
#3253 = CARTESIAN_POINT('',(-68.,4.,0.));
#3254 = SURFACE_CURVE('',#3255,(#3259,#3266),.PCURVE_S1.);
#3255 = LINE('',#3256,#3257);
#3256 = CARTESIAN_POINT('',(-68.,-4.,0.));
#3257 = VECTOR('',#3258,1.);
#3258 = DIRECTION('',(0.,1.,0.));
#3259 = PCURVE('',#2065,#3260);
#3260 = DEFINITIONAL_REPRESENTATION('',(#3261),#3265);
#3261 = LINE('',#3262,#3263);
#3262 = CARTESIAN_POINT('',(0.,0.));
#3263 = VECTOR('',#3264,1.);
#3264 = DIRECTION('',(0.,-1.));
#3265 = ( GEOMETRIC_REPRESENTATION_CONTEXT(2) 
PARAMETRIC_REPRESENTATION_CONTEXT() REPRESENTATION_CONTEXT('2D SPACE',''
  ) );
#3266 = PCURVE('',#2037,#3267);
#3267 = DEFINITIONAL_REPRESENTATION('',(#3268),#3272);
#3268 = LINE('',#3269,#3270);
#3269 = CARTESIAN_POINT('',(0.,0.));
#3270 = VECTOR('',#3271,1.);
#3271 = DIRECTION('',(0.,1.));
#3272 = ( GEOMETRIC_REPRESENTATION_CONTEXT(2) 
PARAMETRIC_REPRESENTATION_CONTEXT() REPRESENTATION_CONTEXT('2D SPACE',''
  ) );
#3273 = ORIENTED_EDGE('',*,*,#3274,.T.);
#3274 = EDGE_CURVE('',#3252,#3201,#3275,.T.);
#3275 = SURFACE_CURVE('',#3276,(#3280,#3287),.PCURVE_S1.);
#3276 = LINE('',#3277,#3278);
#3277 = CARTESIAN_POINT('',(-68.,4.,0.));
#3278 = VECTOR('',#3279,1.);
#3279 = DIRECTION('',(0.,0.,1.));
#3280 = PCURVE('',#2065,#3281);
#3281 = DEFINITIONAL_REPRESENTATION('',(#3282),#3286);
#3282 = LINE('',#3283,#3284);
#3283 = CARTESIAN_POINT('',(0.,-8.));
#3284 = VECTOR('',#3285,1.);
#3285 = DIRECTION('',(1.,0.));
#3286 = ( GEOMETRIC_REPRESENTATION_CONTEXT(2) 
PARAMETRIC_REPRESENTATION_CONTEXT() REPRESENTATION_CONTEXT('2D SPACE',''
  ) );
#3287 = PCURVE('',#2310,#3288);
#3288 = DEFINITIONAL_REPRESENTATION('',(#3289),#3293);
#3289 = LINE('',#3290,#3291);
#3290 = CARTESIAN_POINT('',(0.,0.));
#3291 = VECTOR('',#3292,1.);
#3292 = DIRECTION('',(1.,0.));
#3293 = ( GEOMETRIC_REPRESENTATION_CONTEXT(2) 
PARAMETRIC_REPRESENTATION_CONTEXT() REPRESENTATION_CONTEXT('2D SPACE',''
  ) );
#3294 = ADVANCED_FACE('',(#3295),#2037,.F.);
#3295 = FACE_BOUND('',#3296,.F.);
#3296 = EDGE_LOOP('',(#3297,#3298,#3299,#3322));
#3297 = ORIENTED_EDGE('',*,*,#3251,.F.);
#3298 = ORIENTED_EDGE('',*,*,#2021,.F.);
#3299 = ORIENTED_EDGE('',*,*,#3300,.T.);
#3300 = EDGE_CURVE('',#1994,#3301,#3303,.T.);
#3301 = VERTEX_POINT('',#3302);
#3302 = CARTESIAN_POINT('',(-59.,4.,0.));
#3303 = SURFACE_CURVE('',#3304,(#3308,#3315),.PCURVE_S1.);
#3304 = LINE('',#3305,#3306);
#3305 = CARTESIAN_POINT('',(-59.,-4.,0.));
#3306 = VECTOR('',#3307,1.);
#3307 = DIRECTION('',(0.,1.,0.));
#3308 = PCURVE('',#2037,#3309);
#3309 = DEFINITIONAL_REPRESENTATION('',(#3310),#3314);
#3310 = LINE('',#3311,#3312);
#3311 = CARTESIAN_POINT('',(9.,0.));
#3312 = VECTOR('',#3313,1.);
#3313 = DIRECTION('',(0.,1.));
#3314 = ( GEOMETRIC_REPRESENTATION_CONTEXT(2) 
PARAMETRIC_REPRESENTATION_CONTEXT() REPRESENTATION_CONTEXT('2D SPACE',''
  ) );
#3315 = PCURVE('',#2009,#3316);
#3316 = DEFINITIONAL_REPRESENTATION('',(#3317),#3321);
#3317 = LINE('',#3318,#3319);
#3318 = CARTESIAN_POINT('',(0.,0.));
#3319 = VECTOR('',#3320,1.);
#3320 = DIRECTION('',(0.,-1.));
#3321 = ( GEOMETRIC_REPRESENTATION_CONTEXT(2) 
PARAMETRIC_REPRESENTATION_CONTEXT() REPRESENTATION_CONTEXT('2D SPACE',''
  ) );
#3322 = ORIENTED_EDGE('',*,*,#3323,.F.);
#3323 = EDGE_CURVE('',#3252,#3301,#3324,.T.);
#3324 = SURFACE_CURVE('',#3325,(#3329,#3336),.PCURVE_S1.);
#3325 = LINE('',#3326,#3327);
#3326 = CARTESIAN_POINT('',(-68.,4.,0.));
#3327 = VECTOR('',#3328,1.);
#3328 = DIRECTION('',(1.,0.,0.));
#3329 = PCURVE('',#2037,#3330);
#3330 = DEFINITIONAL_REPRESENTATION('',(#3331),#3335);
#3331 = LINE('',#3332,#3333);
#3332 = CARTESIAN_POINT('',(0.,8.));
#3333 = VECTOR('',#3334,1.);
#3334 = DIRECTION('',(1.,0.));
#3335 = ( GEOMETRIC_REPRESENTATION_CONTEXT(2) 
PARAMETRIC_REPRESENTATION_CONTEXT() REPRESENTATION_CONTEXT('2D SPACE',''
  ) );
#3336 = PCURVE('',#2310,#3337);
#3337 = DEFINITIONAL_REPRESENTATION('',(#3338),#3342);
#3338 = LINE('',#3339,#3340);
#3339 = CARTESIAN_POINT('',(0.,0.));
#3340 = VECTOR('',#3341,1.);
#3341 = DIRECTION('',(0.,1.));
#3342 = ( GEOMETRIC_REPRESENTATION_CONTEXT(2) 
PARAMETRIC_REPRESENTATION_CONTEXT() REPRESENTATION_CONTEXT('2D SPACE',''
  ) );
#3343 = ADVANCED_FACE('',(#3344),#2009,.T.);
#3344 = FACE_BOUND('',#3345,.T.);
#3345 = EDGE_LOOP('',(#3346,#3347,#3348,#3369));
#3346 = ORIENTED_EDGE('',*,*,#1993,.F.);
#3347 = ORIENTED_EDGE('',*,*,#3300,.T.);
#3348 = ORIENTED_EDGE('',*,*,#3349,.T.);
#3349 = EDGE_CURVE('',#3301,#2295,#3350,.T.);
#3350 = SURFACE_CURVE('',#3351,(#3355,#3362),.PCURVE_S1.);
#3351 = LINE('',#3352,#3353);
#3352 = CARTESIAN_POINT('',(-59.,4.,0.));
#3353 = VECTOR('',#3354,1.);
#3354 = DIRECTION('',(0.,0.,1.));
#3355 = PCURVE('',#2009,#3356);
#3356 = DEFINITIONAL_REPRESENTATION('',(#3357),#3361);
#3357 = LINE('',#3358,#3359);
#3358 = CARTESIAN_POINT('',(0.,-8.));
#3359 = VECTOR('',#3360,1.);
#3360 = DIRECTION('',(1.,0.));
#3361 = ( GEOMETRIC_REPRESENTATION_CONTEXT(2) 
PARAMETRIC_REPRESENTATION_CONTEXT() REPRESENTATION_CONTEXT('2D SPACE',''
  ) );
#3362 = PCURVE('',#2310,#3363);
#3363 = DEFINITIONAL_REPRESENTATION('',(#3364),#3368);
#3364 = LINE('',#3365,#3366);
#3365 = CARTESIAN_POINT('',(0.,9.));
#3366 = VECTOR('',#3367,1.);
#3367 = DIRECTION('',(1.,0.));
#3368 = ( GEOMETRIC_REPRESENTATION_CONTEXT(2) 
PARAMETRIC_REPRESENTATION_CONTEXT() REPRESENTATION_CONTEXT('2D SPACE',''
  ) );
#3369 = ORIENTED_EDGE('',*,*,#2322,.F.);
#3370 = ADVANCED_FACE('',(#3371),#2310,.T.);
#3371 = FACE_BOUND('',#3372,.T.);
#3372 = EDGE_LOOP('',(#3373,#3374,#3375,#3376,#3377,#3378,#3379,#3400));
#3373 = ORIENTED_EDGE('',*,*,#3349,.F.);
#3374 = ORIENTED_EDGE('',*,*,#3323,.F.);
#3375 = ORIENTED_EDGE('',*,*,#3274,.T.);
#3376 = ORIENTED_EDGE('',*,*,#3225,.T.);
#3377 = ORIENTED_EDGE('',*,*,#3153,.F.);
#3378 = ORIENTED_EDGE('',*,*,#3102,.T.);
#3379 = ORIENTED_EDGE('',*,*,#3380,.T.);
#3380 = EDGE_CURVE('',#3079,#2266,#3381,.T.);
#3381 = SURFACE_CURVE('',#3382,(#3386,#3393),.PCURVE_S1.);
#3382 = LINE('',#3383,#3384);
#3383 = CARTESIAN_POINT('',(-59.6779253585,4.,3.));
#3384 = VECTOR('',#3385,1.);
#3385 = DIRECTION('',(-0.,-0.,-1.));
#3386 = PCURVE('',#2310,#3387);
#3387 = DEFINITIONAL_REPRESENTATION('',(#3388),#3392);
#3388 = LINE('',#3389,#3390);
#3389 = CARTESIAN_POINT('',(3.,8.322074641494));
#3390 = VECTOR('',#3391,1.);
#3391 = DIRECTION('',(-1.,0.));
#3392 = ( GEOMETRIC_REPRESENTATION_CONTEXT(2) 
PARAMETRIC_REPRESENTATION_CONTEXT() REPRESENTATION_CONTEXT('2D SPACE',''
  ) );
#3393 = PCURVE('',#2282,#3394);
#3394 = DEFINITIONAL_REPRESENTATION('',(#3395),#3399);
#3395 = LINE('',#3396,#3397);
#3396 = CARTESIAN_POINT('',(-2.980902000638,0.));
#3397 = VECTOR('',#3398,1.);
#3398 = DIRECTION('',(-0.,1.));
#3399 = ( GEOMETRIC_REPRESENTATION_CONTEXT(2) 
PARAMETRIC_REPRESENTATION_CONTEXT() REPRESENTATION_CONTEXT('2D SPACE',''
  ) );
#3400 = ORIENTED_EDGE('',*,*,#2294,.F.);
#3401 = ADVANCED_FACE('',(#3402),#2282,.T.);
#3402 = FACE_BOUND('',#3403,.F.);
#3403 = EDGE_LOOP('',(#3404,#3405,#3406,#3407));
#3404 = ORIENTED_EDGE('',*,*,#2265,.F.);
#3405 = ORIENTED_EDGE('',*,*,#2350,.F.);
#3406 = ORIENTED_EDGE('',*,*,#3078,.T.);
#3407 = ORIENTED_EDGE('',*,*,#3380,.T.);
#3408 = ADVANCED_FACE('',(#3409),#2552,.F.);
#3409 = FACE_BOUND('',#3410,.T.);
#3410 = EDGE_LOOP('',(#3411,#3412,#3433,#3434));
#3411 = ORIENTED_EDGE('',*,*,#2531,.F.);
#3412 = ORIENTED_EDGE('',*,*,#3413,.T.);
#3413 = EDGE_CURVE('',#2504,#2670,#3414,.T.);
#3414 = SURFACE_CURVE('',#3415,(#3419,#3426),.PCURVE_S1.);
#3415 = LINE('',#3416,#3417);
#3416 = CARTESIAN_POINT('',(-35.,0.5,10.024807680927));
#3417 = VECTOR('',#3418,1.);
#3418 = DIRECTION('',(-1.,-0.,-0.));
#3419 = PCURVE('',#2552,#3420);
#3420 = DEFINITIONAL_REPRESENTATION('',(#3421),#3425);
#3421 = LINE('',#3422,#3423);
#3422 = CARTESIAN_POINT('',(-7.55544943279,0.));
#3423 = VECTOR('',#3424,1.);
#3424 = DIRECTION('',(-0.,1.));
#3425 = ( GEOMETRIC_REPRESENTATION_CONTEXT(2) 
PARAMETRIC_REPRESENTATION_CONTEXT() REPRESENTATION_CONTEXT('2D SPACE',''
  ) );
#3426 = PCURVE('',#2519,#3427);
#3427 = DEFINITIONAL_REPRESENTATION('',(#3428),#3432);
#3428 = LINE('',#3429,#3430);
#3429 = CARTESIAN_POINT('',(11.024807680927,35.));
#3430 = VECTOR('',#3431,1.);
#3431 = DIRECTION('',(0.,-1.));
#3432 = ( GEOMETRIC_REPRESENTATION_CONTEXT(2) 
PARAMETRIC_REPRESENTATION_CONTEXT() REPRESENTATION_CONTEXT('2D SPACE',''
  ) );
#3433 = ORIENTED_EDGE('',*,*,#2669,.F.);
#3434 = ORIENTED_EDGE('',*,*,#2589,.F.);
#3435 = ADVANCED_FACE('',(#3436),#2519,.F.);
#3436 = FACE_BOUND('',#3437,.F.);
#3437 = EDGE_LOOP('',(#3438,#3439,#3440,#3441));
#3438 = ORIENTED_EDGE('',*,*,#2503,.T.);
#3439 = ORIENTED_EDGE('',*,*,#3413,.T.);
#3440 = ORIENTED_EDGE('',*,*,#2809,.F.);
#3441 = ORIENTED_EDGE('',*,*,#3442,.F.);
#3442 = EDGE_CURVE('',#2471,#2810,#3443,.T.);
#3443 = SURFACE_CURVE('',#3444,(#3448,#3455),.PCURVE_S1.);
#3444 = LINE('',#3445,#3446);
#3445 = CARTESIAN_POINT('',(-35.,0.5,15.175192319073));
#3446 = VECTOR('',#3447,1.);
#3447 = DIRECTION('',(-1.,-0.,-0.));
#3448 = PCURVE('',#2519,#3449);
#3449 = DEFINITIONAL_REPRESENTATION('',(#3450),#3454);
#3450 = LINE('',#3451,#3452);
#3451 = CARTESIAN_POINT('',(16.175192319073,35.));
#3452 = VECTOR('',#3453,1.);
#3453 = DIRECTION('',(0.,-1.));
#3454 = ( GEOMETRIC_REPRESENTATION_CONTEXT(2) 
PARAMETRIC_REPRESENTATION_CONTEXT() REPRESENTATION_CONTEXT('2D SPACE',''
  ) );
#3455 = PCURVE('',#2491,#3456);
#3456 = DEFINITIONAL_REPRESENTATION('',(#3457),#3461);
#3457 = LINE('',#3458,#3459);
#3458 = CARTESIAN_POINT('',(-5.01092118157,0.));
#3459 = VECTOR('',#3460,1.);
#3460 = DIRECTION('',(-0.,1.));
#3461 = ( GEOMETRIC_REPRESENTATION_CONTEXT(2) 
PARAMETRIC_REPRESENTATION_CONTEXT() REPRESENTATION_CONTEXT('2D SPACE',''
  ) );
#3462 = ADVANCED_FACE('',(#3463),#2491,.F.);
#3463 = FACE_BOUND('',#3464,.T.);
#3464 = EDGE_LOOP('',(#3465,#3466,#3467,#3468));
#3465 = ORIENTED_EDGE('',*,*,#2832,.F.);
#3466 = ORIENTED_EDGE('',*,*,#3442,.F.);
#3467 = ORIENTED_EDGE('',*,*,#2470,.F.);
#3468 = ORIENTED_EDGE('',*,*,#3469,.T.);
#3469 = EDGE_CURVE('',#2443,#2833,#3470,.T.);
#3470 = SURFACE_CURVE('',#3471,(#3475,#3482),.PCURVE_S1.);
#3471 = LINE('',#3472,#3473);
#3472 = CARTESIAN_POINT('',(-35.,0.5,18.424807680927));
#3473 = VECTOR('',#3474,1.);
#3474 = DIRECTION('',(-1.,-0.,-0.));
#3475 = PCURVE('',#2491,#3476);
#3476 = DEFINITIONAL_REPRESENTATION('',(#3477),#3481);
#3477 = LINE('',#3478,#3479);
#3478 = CARTESIAN_POINT('',(-7.55544943279,0.));
#3479 = VECTOR('',#3480,1.);
#3480 = DIRECTION('',(-0.,1.));
#3481 = ( GEOMETRIC_REPRESENTATION_CONTEXT(2) 
PARAMETRIC_REPRESENTATION_CONTEXT() REPRESENTATION_CONTEXT('2D SPACE',''
  ) );
#3482 = PCURVE('',#2458,#3483);
#3483 = DEFINITIONAL_REPRESENTATION('',(#3484),#3488);
#3484 = LINE('',#3485,#3486);
#3485 = CARTESIAN_POINT('',(19.424807680927,35.));
#3486 = VECTOR('',#3487,1.);
#3487 = DIRECTION('',(0.,-1.));
#3488 = ( GEOMETRIC_REPRESENTATION_CONTEXT(2) 
PARAMETRIC_REPRESENTATION_CONTEXT() REPRESENTATION_CONTEXT('2D SPACE',''
  ) );
#3489 = ADVANCED_FACE('',(#3490),#2458,.F.);
#3490 = FACE_BOUND('',#3491,.F.);
#3491 = EDGE_LOOP('',(#3492,#3493,#3494,#3495));
#3492 = ORIENTED_EDGE('',*,*,#2442,.T.);
#3493 = ORIENTED_EDGE('',*,*,#3469,.T.);
#3494 = ORIENTED_EDGE('',*,*,#2972,.F.);
#3495 = ORIENTED_EDGE('',*,*,#2996,.F.);
#3496 = ( GEOMETRIC_REPRESENTATION_CONTEXT(3) 
GLOBAL_UNCERTAINTY_ASSIGNED_CONTEXT((#3500)) 
GLOBAL_UNIT_ASSIGNED_CONTEXT((#3497,#3498,#3499)) REPRESENTATION_CONTEXT
('Context #1','3D Context with UNIT and UNCERTAINTY') );
#3497 = ( LENGTH_UNIT() NAMED_UNIT(*) SI_UNIT(.MILLI.,.METRE.) );
#3498 = ( NAMED_UNIT(*) PLANE_ANGLE_UNIT() SI_UNIT($,.RADIAN.) );
#3499 = ( NAMED_UNIT(*) SI_UNIT($,.STERADIAN.) SOLID_ANGLE_UNIT() );
#3500 = UNCERTAINTY_MEASURE_WITH_UNIT(LENGTH_MEASURE(1.E-07),#3497,
  'distance_accuracy_value','confusion accuracy');
#3501 = CONTEXT_DEPENDENT_SHAPE_REPRESENTATION(#3502,#3504);
#3502 = ( REPRESENTATION_RELATIONSHIP('','',#1727,#10) 
REPRESENTATION_RELATIONSHIP_WITH_TRANSFORMATION(#3503) 
SHAPE_REPRESENTATION_RELATIONSHIP() );
#3503 = ITEM_DEFINED_TRANSFORMATION('','',#11,#19);
#3504 = PRODUCT_DEFINITION_SHAPE('Placement','Placement of an item',
  #3505);
#3505 = NEXT_ASSEMBLY_USAGE_OCCURRENCE('10','','',#5,#1722,$);
#3506 = PRODUCT_RELATED_PRODUCT_CATEGORY('part',$,(#1724));
ENDSEC;
END-ISO-10303-21;
